bin_lower,bin_upper,ef_g_kwh,q25,median,q75,cells,factor
0,10,3.045417425343717,-45.91215540992101,-44.81292242012212,-43.30008151005007,195,41
10,20,16.0,-35.99261329763423,-33.32140606563093,-33.17698407902749,136,41
20,30,26.309209686133844,-27.1035199976537,-25.48029741320739,-22.84010534656927,97,41
30,40,35.561235847304495,-18.3823821648532,-17.103196262544447,-15.102874156445974,87,41
40,50,44.774320378398535,-11.33841413422307,-8.641194937149601,-7.857642057882597,53,41
50,60,54.1162188058242,-0.3639630842638673,1.5570203878897069,3.349264854012076,29,41
60,70,66.89692388411524,9.983199569195383,12.206398069122775,13.461984656061835,21,41
70,80,76.34105813728596,20.302483829110088,20.76741211125052,22.30181751646246,101,41
80,90,82.97345217093105,26.09004667273918,27.046880295187144,29.540922802606616,36,41
90,100,92.47250326744611,34.12154850321616,36.4886755657047,39.51174178966678,14,41
