factor,rule,country_tag,retained
41,FullSign,argentina,True
41,FullSign,australia,True
41,FullSign,bangladesh,True
41,FullSign,brazil,True
41,FullSign,china,True
41,FullSign,costa_rica,False
41,FullSign,egypt,True
41,FullSign,ethiopia,True
41,FullSign,france,False
41,FullSign,germany,True
41,FullSign,greece,True
41,FullSign,iceland,False
41,FullSign,india,True
41,FullSign,indonesia,True
41,FullSign,iran,True
41,FullSign,israel,True
41,FullSign,italy,True
41,FullSign,japan,True
41,FullSign,kenya,True
41,FullSign,kuwait,True
41,FullSign,malaysia,True
41,FullSign,mexico,True
41,FullSign,nigeria,True
41,FullSign,norway,False
41,FullSign,pakistan,True
41,FullSign,paraguay,False
41,FullSign,peru,True
41,FullSign,philippines,True
41,FullSign,row,True
41,FullSign,russia,True
41,FullSign,saudi_arabia,True
41,FullSign,south_africa,True
41,FullSign,spain,True
41,FullSign,sri_lanka,True
41,FullSign,sweden,False
41,FullSign,switzerland,False
41,FullSign,taiwan,True
41,FullSign,thailand,True
41,FullSign,turkey,True
41,FullSign,uae,True
41,FullSign,uk,True
41,FullSign,uruguay,True
41,FullSign,usa,True
41,FullSign,vietnam,True
41,ReducedSign,argentina,True
41,ReducedSign,australia,True
41,ReducedSign,bangladesh,True
41,ReducedSign,brazil,True
41,ReducedSign,china,True
41,ReducedSign,costa_rica,False
41,ReducedSign,egypt,True
41,ReducedSign,ethiopia,True
41,ReducedSign,france,True
41,ReducedSign,germany,True
41,ReducedSign,greece,True
41,ReducedSign,iceland,False
41,ReducedSign,india,True
41,ReducedSign,indonesia,True
41,ReducedSign,iran,True
41,ReducedSign,israel,True
41,ReducedSign,italy,True
41,ReducedSign,japan,True
41,ReducedSign,kenya,True
41,ReducedSign,kuwait,True
41,ReducedSign,malaysia,True
41,ReducedSign,mexico,True
41,ReducedSign,nigeria,True
41,ReducedSign,norway,False
41,ReducedSign,pakistan,True
41,ReducedSign,paraguay,False
41,ReducedSign,peru,True
41,ReducedSign,philippines,True
41,ReducedSign,row,True
41,ReducedSign,russia,True
41,ReducedSign,saudi_arabia,True
41,ReducedSign,south_africa,True
41,ReducedSign,spain,True
41,ReducedSign,sri_lanka,True
41,ReducedSign,sweden,False
41,ReducedSign,switzerland,False
41,ReducedSign,taiwan,True
41,ReducedSign,thailand,True
41,ReducedSign,turkey,True
41,ReducedSign,uae,True
41,ReducedSign,uk,True
41,ReducedSign,uruguay,True
41,ReducedSign,usa,True
41,ReducedSign,vietnam,True
41,ReducedTopK,argentina,True
41,ReducedTopK,australia,True
41,ReducedTopK,bangladesh,True
41,ReducedTopK,brazil,True
41,ReducedTopK,china,True
41,ReducedTopK,costa_rica,False
41,ReducedTopK,egypt,True
41,ReducedTopK,ethiopia,True
41,ReducedTopK,france,False
41,ReducedTopK,germany,True
41,ReducedTopK,greece,True
41,ReducedTopK,iceland,False
41,ReducedTopK,india,True
41,ReducedTopK,indonesia,True
41,ReducedTopK,iran,True
41,ReducedTopK,israel,True
41,ReducedTopK,italy,True
41,ReducedTopK,japan,True
41,ReducedTopK,kenya,True
41,ReducedTopK,kuwait,True
41,ReducedTopK,malaysia,True
41,ReducedTopK,mexico,True
41,ReducedTopK,nigeria,True
41,ReducedTopK,norway,False
41,ReducedTopK,pakistan,True
41,ReducedTopK,paraguay,False
41,ReducedTopK,peru,True
41,ReducedTopK,philippines,True
41,ReducedTopK,row,True
41,ReducedTopK,russia,True
41,ReducedTopK,saudi_arabia,True
41,ReducedTopK,south_africa,True
41,ReducedTopK,spain,True
41,ReducedTopK,sri_lanka,True
41,ReducedTopK,sweden,False
41,ReducedTopK,switzerland,False
41,ReducedTopK,taiwan,True
41,ReducedTopK,thailand,True
41,ReducedTopK,turkey,True
41,ReducedTopK,uae,True
41,ReducedTopK,uk,True
41,ReducedTopK,uruguay,True
41,ReducedTopK,usa,True
41,ReducedTopK,vietnam,True
41,Grid2025TopK,argentina,True
41,Grid2025TopK,australia,True
41,Grid2025TopK,bangladesh,True
41,Grid2025TopK,brazil,True
41,Grid2025TopK,china,True
41,Grid2025TopK,costa_rica,False
41,Grid2025TopK,egypt,True
41,Grid2025TopK,ethiopia,False
41,Grid2025TopK,france,True
41,Grid2025TopK,germany,True
41,Grid2025TopK,greece,True
41,Grid2025TopK,iceland,False
41,Grid2025TopK,india,True
41,Grid2025TopK,indonesia,True
41,Grid2025TopK,iran,True
41,Grid2025TopK,israel,True
41,Grid2025TopK,italy,True
41,Grid2025TopK,japan,True
41,Grid2025TopK,kenya,True
41,Grid2025TopK,kuwait,True
41,Grid2025TopK,malaysia,True
41,Grid2025TopK,mexico,True
41,Grid2025TopK,nigeria,True
41,Grid2025TopK,norway,False
41,Grid2025TopK,pakistan,True
41,Grid2025TopK,paraguay,False
41,Grid2025TopK,peru,True
41,Grid2025TopK,philippines,True
41,Grid2025TopK,row,True
41,Grid2025TopK,russia,True
41,Grid2025TopK,saudi_arabia,True
41,Grid2025TopK,south_africa,True
41,Grid2025TopK,spain,True
41,Grid2025TopK,sri_lanka,True
41,Grid2025TopK,sweden,False
41,Grid2025TopK,switzerland,False
41,Grid2025TopK,taiwan,True
41,Grid2025TopK,thailand,True
41,Grid2025TopK,turkey,True
41,Grid2025TopK,uae,True
41,Grid2025TopK,uk,True
41,Grid2025TopK,uruguay,True
41,Grid2025TopK,usa,True
41,Grid2025TopK,vietnam,True
41,GridDynamicTopK,argentina,True
41,GridDynamicTopK,australia,True
41,GridDynamicTopK,bangladesh,True
41,GridDynamicTopK,brazil,True
41,GridDynamicTopK,china,True
41,GridDynamicTopK,costa_rica,False
41,GridDynamicTopK,egypt,True
41,GridDynamicTopK,ethiopia,True
41,GridDynamicTopK,france,False
41,GridDynamicTopK,germany,True
41,GridDynamicTopK,greece,True
41,GridDynamicTopK,iceland,False
41,GridDynamicTopK,india,True
41,GridDynamicTopK,indonesia,True
41,GridDynamicTopK,iran,True
41,GridDynamicTopK,israel,True
41,GridDynamicTopK,italy,True
41,GridDynamicTopK,japan,True
41,GridDynamicTopK,kenya,True
41,GridDynamicTopK,kuwait,True
41,GridDynamicTopK,malaysia,True
41,GridDynamicTopK,mexico,True
41,GridDynamicTopK,nigeria,True
41,GridDynamicTopK,norway,False
41,GridDynamicTopK,pakistan,True
41,GridDynamicTopK,paraguay,False
41,GridDynamicTopK,peru,True
41,GridDynamicTopK,philippines,True
41,GridDynamicTopK,row,True
41,GridDynamicTopK,russia,True
41,GridDynamicTopK,saudi_arabia,True
41,GridDynamicTopK,south_africa,True
41,GridDynamicTopK,spain,True
41,GridDynamicTopK,sri_lanka,True
41,GridDynamicTopK,sweden,False
41,GridDynamicTopK,switzerland,False
41,GridDynamicTopK,taiwan,True
41,GridDynamicTopK,thailand,True
41,GridDynamicTopK,turkey,True
41,GridDynamicTopK,uae,True
41,GridDynamicTopK,uk,True
41,GridDynamicTopK,uruguay,True
41,GridDynamicTopK,usa,True
41,GridDynamicTopK,vietnam,True
41,YieldTopK,argentina,True
41,YieldTopK,australia,True
41,YieldTopK,bangladesh,True
41,YieldTopK,brazil,True
41,YieldTopK,china,True
41,YieldTopK,costa_rica,True
41,YieldTopK,egypt,True
41,YieldTopK,ethiopia,True
41,YieldTopK,france,True
41,YieldTopK,germany,False
41,YieldTopK,greece,True
41,YieldTopK,iceland,False
41,YieldTopK,india,True
41,YieldTopK,indonesia,True
41,YieldTopK,iran,True
41,YieldTopK,israel,True
41,YieldTopK,italy,True
41,YieldTopK,japan,True
41,YieldTopK,kenya,True
41,YieldTopK,kuwait,True
41,YieldTopK,malaysia,True
41,YieldTopK,mexico,True
41,YieldTopK,nigeria,True
41,YieldTopK,norway,False
41,YieldTopK,pakistan,True
41,YieldTopK,paraguay,True
41,YieldTopK,peru,True
41,YieldTopK,philippines,True
41,YieldTopK,row,True
41,YieldTopK,russia,False
41,YieldTopK,saudi_arabia,True
41,YieldTopK,south_africa,True
41,YieldTopK,spain,True
41,YieldTopK,sri_lanka,True
41,YieldTopK,sweden,False
41,YieldTopK,switzerland,False
41,YieldTopK,taiwan,True
41,YieldTopK,thailand,True
41,YieldTopK,turkey,True
41,YieldTopK,uae,True
41,YieldTopK,uk,False
41,YieldTopK,uruguay,True
41,YieldTopK,usa,True
41,YieldTopK,vietnam,True
41,TotalPVTopK,argentina,True
41,TotalPVTopK,australia,True
41,TotalPVTopK,bangladesh,True
41,TotalPVTopK,brazil,True
41,TotalPVTopK,china,True
41,TotalPVTopK,costa_rica,False
41,TotalPVTopK,egypt,True
41,TotalPVTopK,ethiopia,True
41,TotalPVTopK,france,True
41,TotalPVTopK,germany,True
41,TotalPVTopK,greece,True
41,TotalPVTopK,iceland,False
41,TotalPVTopK,india,True
41,TotalPVTopK,indonesia,True
41,TotalPVTopK,iran,True
41,TotalPVTopK,israel,True
41,TotalPVTopK,italy,True
41,TotalPVTopK,japan,True
41,TotalPVTopK,kenya,True
41,TotalPVTopK,kuwait,False
41,TotalPVTopK,malaysia,True
41,TotalPVTopK,mexico,True
41,TotalPVTopK,nigeria,True
41,TotalPVTopK,norway,False
41,TotalPVTopK,pakistan,True
41,TotalPVTopK,paraguay,True
41,TotalPVTopK,peru,True
41,TotalPVTopK,philippines,True
41,TotalPVTopK,row,True
41,TotalPVTopK,russia,True
41,TotalPVTopK,saudi_arabia,True
41,TotalPVTopK,south_africa,True
41,TotalPVTopK,spain,True
41,TotalPVTopK,sri_lanka,False
41,TotalPVTopK,sweden,True
41,TotalPVTopK,switzerland,True
41,TotalPVTopK,taiwan,True
41,TotalPVTopK,thailand,True
41,TotalPVTopK,turkey,True
41,TotalPVTopK,uae,False
41,TotalPVTopK,uk,True
41,TotalPVTopK,uruguay,False
41,TotalPVTopK,usa,True
41,TotalPVTopK,vietnam,True
41,ReducedTop34,argentina,True
41,ReducedTop34,australia,True
41,ReducedTop34,bangladesh,True
41,ReducedTop34,brazil,False
41,ReducedTop34,china,True
41,ReducedTop34,costa_rica,False
41,ReducedTop34,egypt,True
41,ReducedTop34,ethiopia,False
41,ReducedTop34,france,False
41,ReducedTop34,germany,True
41,ReducedTop34,greece,True
41,ReducedTop34,iceland,False
41,ReducedTop34,india,True
41,ReducedTop34,indonesia,True
41,ReducedTop34,iran,True
41,ReducedTop34,israel,True
41,ReducedTop34,italy,True
41,ReducedTop34,japan,True
41,ReducedTop34,kenya,True
41,ReducedTop34,kuwait,True
41,ReducedTop34,malaysia,True
41,ReducedTop34,mexico,True
41,ReducedTop34,nigeria,True
41,ReducedTop34,norway,False
41,ReducedTop34,pakistan,True
41,ReducedTop34,paraguay,False
41,ReducedTop34,peru,True
41,ReducedTop34,philippines,True
41,ReducedTop34,row,True
41,ReducedTop34,russia,True
41,ReducedTop34,saudi_arabia,True
41,ReducedTop34,south_africa,True
41,ReducedTop34,spain,True
41,ReducedTop34,sri_lanka,True
41,ReducedTop34,sweden,False
41,ReducedTop34,switzerland,False
41,ReducedTop34,taiwan,True
41,ReducedTop34,thailand,True
41,ReducedTop34,turkey,True
41,ReducedTop34,uae,True
41,ReducedTop34,uk,True
41,ReducedTop34,uruguay,False
41,ReducedTop34,usa,True
41,ReducedTop34,vietnam,True
41,Grid2025Top34,argentina,True
41,Grid2025Top34,australia,True
41,Grid2025Top34,bangladesh,True
41,Grid2025Top34,brazil,True
41,Grid2025Top34,china,True
41,Grid2025Top34,costa_rica,False
41,Grid2025Top34,egypt,True
41,Grid2025Top34,ethiopia,False
41,Grid2025Top34,france,False
41,Grid2025Top34,germany,True
41,Grid2025Top34,greece,True
41,Grid2025Top34,iceland,False
41,Grid2025Top34,india,True
41,Grid2025Top34,indonesia,True
41,Grid2025Top34,iran,True
41,Grid2025Top34,israel,True
41,Grid2025Top34,italy,True
41,Grid2025Top34,japan,True
41,Grid2025Top34,kenya,False
41,Grid2025Top34,kuwait,True
41,Grid2025Top34,malaysia,True
41,Grid2025Top34,mexico,True
41,Grid2025Top34,nigeria,True
41,Grid2025Top34,norway,False
41,Grid2025Top34,pakistan,True
41,Grid2025Top34,paraguay,False
41,Grid2025Top34,peru,True
41,Grid2025Top34,philippines,True
41,Grid2025Top34,row,True
41,Grid2025Top34,russia,True
41,Grid2025Top34,saudi_arabia,True
41,Grid2025Top34,south_africa,True
41,Grid2025Top34,spain,True
41,Grid2025Top34,sri_lanka,True
41,Grid2025Top34,sweden,False
41,Grid2025Top34,switzerland,False
41,Grid2025Top34,taiwan,True
41,Grid2025Top34,thailand,True
41,Grid2025Top34,turkey,True
41,Grid2025Top34,uae,True
41,Grid2025Top34,uk,True
41,Grid2025Top34,uruguay,False
41,Grid2025Top34,usa,True
41,Grid2025Top34,vietnam,True
41,GridDynamicTop34,argentina,True
41,GridDynamicTop34,australia,True
41,GridDynamicTop34,bangladesh,True
41,GridDynamicTop34,brazil,False
41,GridDynamicTop34,china,True
41,GridDynamicTop34,costa_rica,False
41,GridDynamicTop34,egypt,True
41,GridDynamicTop34,ethiopia,False
41,GridDynamicTop34,france,False
41,GridDynamicTop34,germany,True
41,GridDynamicTop34,greece,True
41,GridDynamicTop34,iceland,False
41,GridDynamicTop34,india,True
41,GridDynamicTop34,indonesia,True
41,GridDynamicTop34,iran,True
41,GridDynamicTop34,israel,True
41,GridDynamicTop34,italy,True
41,GridDynamicTop34,japan,True
41,GridDynamicTop34,kenya,True
41,GridDynamicTop34,kuwait,True
41,GridDynamicTop34,malaysia,True
41,GridDynamicTop34,mexico,True
41,GridDynamicTop34,nigeria,True
41,GridDynamicTop34,norway,False
41,GridDynamicTop34,pakistan,True
41,GridDynamicTop34,paraguay,False
41,GridDynamicTop34,peru,True
41,GridDynamicTop34,philippines,True
41,GridDynamicTop34,row,True
41,GridDynamicTop34,russia,True
41,GridDynamicTop34,saudi_arabia,True
41,GridDynamicTop34,south_africa,True
41,GridDynamicTop34,spain,True
41,GridDynamicTop34,sri_lanka,True
41,GridDynamicTop34,sweden,False
41,GridDynamicTop34,switzerland,False
41,GridDynamicTop34,taiwan,True
41,GridDynamicTop34,thailand,True
41,GridDynamicTop34,turkey,True
41,GridDynamicTop34,uae,True
41,GridDynamicTop34,uk,True
41,GridDynamicTop34,uruguay,False
41,GridDynamicTop34,usa,True
41,GridDynamicTop34,vietnam,True
41,YieldTop34,argentina,True
41,YieldTop34,australia,True
41,YieldTop34,bangladesh,True
41,YieldTop34,brazil,True
41,YieldTop34,china,True
41,YieldTop34,costa_rica,True
41,YieldTop34,egypt,True
41,YieldTop34,ethiopia,True
41,YieldTop34,france,False
41,YieldTop34,germany,False
41,YieldTop34,greece,True
41,YieldTop34,iceland,False
41,YieldTop34,india,True
41,YieldTop34,indonesia,True
41,YieldTop34,iran,True
41,YieldTop34,israel,True
41,YieldTop34,italy,False
41,YieldTop34,japan,False
41,YieldTop34,kenya,True
41,YieldTop34,kuwait,True
41,YieldTop34,malaysia,True
41,YieldTop34,mexico,True
41,YieldTop34,nigeria,True
41,YieldTop34,norway,False
41,YieldTop34,pakistan,True
41,YieldTop34,paraguay,True
41,YieldTop34,peru,True
41,YieldTop34,philippines,True
41,YieldTop34,row,True
41,YieldTop34,russia,False
41,YieldTop34,saudi_arabia,True
41,YieldTop34,south_africa,True
41,YieldTop34,spain,True
41,YieldTop34,sri_lanka,True
41,YieldTop34,sweden,False
41,YieldTop34,switzerland,False
41,YieldTop34,taiwan,True
41,YieldTop34,thailand,True
41,YieldTop34,turkey,True
41,YieldTop34,uae,True
41,YieldTop34,uk,False
41,YieldTop34,uruguay,True
41,YieldTop34,usa,True
41,YieldTop34,vietnam,True
41,TotalPVTop34,argentina,True
41,TotalPVTop34,australia,True
41,TotalPVTop34,bangladesh,True
41,TotalPVTop34,brazil,True
41,TotalPVTop34,china,True
41,TotalPVTop34,costa_rica,False
41,TotalPVTop34,egypt,True
41,TotalPVTop34,ethiopia,False
41,TotalPVTop34,france,True
41,TotalPVTop34,germany,True
41,TotalPVTop34,greece,True
41,TotalPVTop34,iceland,False
41,TotalPVTop34,india,True
41,TotalPVTop34,indonesia,True
41,TotalPVTop34,iran,True
41,TotalPVTop34,israel,False
41,TotalPVTop34,italy,True
41,TotalPVTop34,japan,True
41,TotalPVTop34,kenya,True
41,TotalPVTop34,kuwait,False
41,TotalPVTop34,malaysia,True
41,TotalPVTop34,mexico,True
41,TotalPVTop34,nigeria,True
41,TotalPVTop34,norway,False
41,TotalPVTop34,pakistan,True
41,TotalPVTop34,paraguay,True
41,TotalPVTop34,peru,True
41,TotalPVTop34,philippines,True
41,TotalPVTop34,row,True
41,TotalPVTop34,russia,True
41,TotalPVTop34,saudi_arabia,True
41,TotalPVTop34,south_africa,True
41,TotalPVTop34,spain,True
41,TotalPVTop34,sri_lanka,False
41,TotalPVTop34,sweden,True
41,TotalPVTop34,switzerland,False
41,TotalPVTop34,taiwan,True
41,TotalPVTop34,thailand,True
41,TotalPVTop34,turkey,True
41,TotalPVTop34,uae,False
41,TotalPVTop34,uk,True
41,TotalPVTop34,uruguay,False
41,TotalPVTop34,usa,True
41,TotalPVTop34,vietnam,True
