model,country_tag,year,generation_twh,net_gt,net_g_kwh
Full,france,2025,23.129648518131454,0.0003195581295146,13.815952683595532
Full,france,2026,69.50696130211901,0.0009225848809493,13.273273117771216
Full,france,2027,139.25015217188923,0.0019430017990984,13.9533190362337
Full,france,2028,232.4776330195704,0.0031738557943434,13.652306043894676
Full,france,2029,349.3080138094929,0.0045782080867885,13.106507454150291
Full,france,2030,489.8601025781886,0.0061188400631049,12.490994941006226
Full,france,2031,654.2529054343918,0.0079285506770202,12.118479889296111
Full,france,2032,842.605626559038,0.0097992707625165,11.62972386326681
Full,france,2033,1055.0376682052652,0.0110524762293185,10.47590674949078
Full,france,2034,1291.6686306984127,0.0106984217092828,8.28263647116532
Full,france,2035,1552.618312436022,0.0098626143540743,6.352246572823234
Full,france,2036,1838.006709887837,0.0085044737113144,4.627009066704325
Full,france,2037,2147.9540175958014,0.0064542896335682,3.0048546573601684
Full,france,2038,2482.32828114497,0.0037221116044159,1.4994437410587649
Full,france,2039,2839.450864132379,0.0003216399155955,0.1132753940765199
Full,france,2040,3219.160558950652,-0.0036743152243906,-1.1413892401776675
Full,france,2041,3621.294301388448,-0.0084745519617007,-2.3401997342363234
Full,france,2042,4045.6871661385057,-0.0141162913080971,-3.489219687139277
Full,france,2043,4492.17236230569,-0.0206365130440063,-4.593882731920439
Full,france,2044,4960.581228915028,-0.0279010924016934,-5.624561137928574
Full,france,2045,5450.743230419758,-0.0361118776042069,-6.6251291021510745
Full,france,2046,5962.485952209368,-0.0453009926025594,-7.597668651239913
Full,france,2047,6495.63509611764,-0.0555894005161693,-8.557962338339246
Full,france,2048,7050.014475930693,-0.0666023405772732,-9.447121109418838
Full,france,2049,7625.446012895028,-0.0785825434088065,-10.305304539028851
Full,france,2050,8221.749731225564,-0.0916026886726003,-11.141507789357844
Full,sweden,2025,2.779452846443068,-1.1319830630461923e-05,-4.07268309838326
Full,sweden,2026,8.353460073442264,-3.8499861116204864e-05,-4.608851993990555
Full,sweden,2027,16.73715175472695,-5.9445796209887786e-05,-3.551727144560242
Full,sweden,2028,27.945686503642797,-0.0001054400596004,-3.773035226266805
Full,sweden,2029,41.99425147315178,-0.0001811303474591,-4.313217669207608
Full,sweden,2030,58.89806235583217,-0.0002912000685604,-4.944136647504636
Full,sweden,2031,78.67236338387853,-0.0004097543154865,-5.208364130198188
Full,sweden,2032,101.33242732910178,-0.0005670687818464,-5.596123539059756
Full,sweden,2033,126.89355550292908,-0.0008622100938488,-6.79475084791763
Full,sweden,2034,155.37107775640396,-0.001439738411625,-9.266450567346668
Full,sweden,2035,186.7803524801862,-0.00212085102696,-11.354786511526042
Full,sweden,2036,221.13676660455187,-0.0029213060338817,-13.210404035190656
Full,sweden,2037,258.4557355993934,-0.0038544181215037,-14.913262081667034
Full,sweden,2038,298.72218317070445,-0.0049231515761152,-16.480702985830714
Full,sweden,2039,341.73392861650285,-0.0061153688350439,-17.895117584027304
Full,sweden,2040,387.4722770428466,-0.0074161402753313,-19.13979583760342
Full,sweden,2041,435.9182974310088,-0.0088505102400896,-20.30314004309589
Full,sweden,2042,487.0528219890132,-0.0104208018880507,-21.395629832293267
Full,sweden,2043,540.8564455031704,-0.0121292190001452,-22.425948883462443
Full,sweden,2044,597.3095246896141,-0.0139508993273502,-23.356231151009577
Full,sweden,2045,656.3921775458365,-0.0159114623310752,-24.240786035211563
Full,sweden,2046,718.0842827022249,-0.0180048175552601,-25.07340431892776
Full,sweden,2047,782.3654787735974,-0.0202394287954326,-25.869532008440743
Full,sweden,2048,849.215163710739,-0.0225736466640128,-26.58177530106133
Full,sweden,2049,918.6124941519378,-0.025043392756263,-27.2621947945342
Full,sweden,2050,990.5363847745205,-0.0276497827776624,-27.913949656636223
Full,switzerland,2025,2.118163771080023,6.313123532408079e-07,0.2980469979990784
Full,switzerland,2026,6.365999881369565,-1.1221177174784188e-06,-0.1762673167434947
Full,switzerland,2027,12.75503864845193,7.699675472112865e-06,0.6036575571683876
Full,switzerland,2028,21.29683213936423,8.033167193535215e-06,0.3772000991023929
Full,switzerland,2029,32.00295417059739,-3.2088627514899823e-06,-0.1002677044870474
Full,switzerland,2030,44.88500030809614,-2.9137072299537995e-05,-0.6491494285292985
Full,switzerland,2031,59.95458786725901,-5.389301141650472e-05,-0.8988972042610855
Full,switzerland,2032,77.22335591293833,-9.57630380847834e-05,-1.240078690606851
Full,switzerland,2033,96.70296525944028,-0.0002159936972726,-2.2335788431429733
Full,switzerland,2034,118.40509847052483,-0.0005040659970049,-4.25713084585178
Full,switzerland,2035,142.34145985940577,-0.0008606407695122,-6.046311245945857
Full,switzerland,2036,168.52377548875063,-0.0012746444886057,-7.563588490164222
Full,switzerland,2037,196.9637931706808,-0.0017648109322214,-8.960077909812478
Full,switzerland,2038,227.6500235720323,-0.0023332891841474,-10.249457248174554
Full,switzerland,2039,260.42838894376246,-0.0029733618816183,-11.41719569697316
Full,switzerland,2040,295.28464229222186,-0.0036765971436086,-12.451027303919972
Full,switzerland,2041,332.2043566779256,-0.0044611023099457,-13.428789298723078
Full,switzerland,2042,371.1729247213717,-0.0053289055052097,-14.35693486859271
Full,switzerland,2043,412.17555810886046,-0.0062819555768858,-15.240970633262716
Full,switzerland,2044,455.1972870983132,-0.0073061222751329,-16.05045214945442
Full,switzerland,2045,500.2229600250912,-0.0084191959800389,-16.830886730222584
Full,switzerland,2046,547.2372428078149,-0.0096228881333792,-17.58449056574663
Full,switzerland,2047,596.2246184541827,-0.0109341063859574,-18.3389045797976
Full,switzerland,2048,647.1693865667899,-0.0123041719574375,-19.012289846883483
Full,switzerland,2049,700.0556628489469,-0.0137595189937542,-19.65489278060911
Full,switzerland,2050,754.8673786104998,-0.0153011880300568,-20.27003479501534
Reduced,france,2025,23.129648518131454,0.0003238150792538,14.0
Reduced,france,2026,69.50696130211901,0.0009359956080024,13.466213893800893
Reduced,france,2027,139.25015217188923,0.0018008111747876,12.932202562800216
Reduced,france,2028,232.4776330195704,0.0028822499526207,12.3979666997818
Reduced,france,2029,349.3080138094929,0.0041440180651518,11.863506994752123
Reduced,france,2030,489.8601025781886,0.0055495389528388,11.328824134954044
Reduced,france,2031,654.2529054343918,0.0070619527391159,10.793918804880397
Reduced,france,2032,842.605626559038,0.0086441155965629,10.25879168628752
Reduced,france,2033,1055.0376682052652,0.0102585991130742,9.723443458208724
Reduced,france,2034,1291.6686306984127,0.0118676896580276,9.18787479696766
Reduced,france,2035,1552.618312436022,0.0134333877484533,8.65208637619162
Reduced,france,2036,1838.006709887837,0.0149174074152027,8.116078866824752
Reduced,france,2037,2147.9540175958014,0.0162811755691178,7.579852937141216
Reduced,france,2038,2482.32828114497,0.0174849229178948,7.043759300776255
Reduced,france,2039,2839.450864132379,0.0184848661502595,6.510014448130901
Reduced,france,2040,3219.160558950652,0.0192442855398961,5.978044644709849
Reduced,france,2041,3621.294301388448,0.0197268460308214,5.447457287097033
Reduced,france,2042,4045.6871661385057,0.0198966031767214,4.917978667073319
Reduced,france,2043,4492.17236230569,0.0197180090982546,4.389415077593768
Reduced,france,2044,4960.581228915028,0.0191559184583234,3.861627816245469
Reduced,france,2045,5450.743230419758,0.0181755944553139,3.334516723128463
Reduced,france,2046,5962.485952209368,0.016742714834303,2.808009103669102
Reduced,france,2047,6495.63509611764,0.0148233779162332,2.282052131452552
Reduced,france,2048,7050.014475930693,0.0123841086450558,1.7566075484435029
Reduced,france,2049,7625.446012895028,0.0093918646528412,1.2316479110807623
Reduced,france,2050,8221.749731225564,0.005814042342858,0.7071538945994419
Reduced,sweden,2025,2.779452846443068,-1.1117811385772285e-05,-4.000000000000004
Reduced,sweden,2026,8.353460073442264,-3.787304607536841e-05,-4.533815418089598
Reduced,sweden,2027,16.73715175472695,-8.482171949056265e-05,-5.067870611055856
Reduced,sweden,2028,27.945686503642797,-0.0001565563418836,-5.602164822940262
Reduced,sweden,2029,41.99425147315178,-0.000257706009664,-6.136697300792421
Reduced,sweden,2030,58.89806235583217,-0.0003929364967255,-6.67146729465579
Reduced,sweden,2031,78.67236338387853,-0.0005629954855667,-7.15620405121958
Reduced,sweden,2032,101.33242732910178,-0.0007714680738627,-7.613239850233269
Reduced,sweden,2033,126.89355550292908,-0.0010219671299662,-8.053735478652435
Reduced,sweden,2034,155.37107775640396,-0.0013181333614024,-8.483775619224607
Reduced,sweden,2035,186.7803524801862,-0.001663635383364,-8.906907826616905
Reduced,sweden,2036,221.13676660455187,-0.0020621697872066,-9.325314007572311
Reduced,sweden,2037,258.4557355993934,-0.0025174612089437,-9.740395983495642
Reduced,sweden,2038,298.72218317070445,-0.0030328717378565,-10.152817262062502
Reduced,sweden,2039,341.73392861650285,-0.0036092291268302,-10.56151825907967
Reduced,sweden,2040,387.4722770428466,-0.004249566004799,-10.96740659030199
Reduced,sweden,2041,435.9182974310088,-0.0049520333004273,-11.360003307067254
Reduced,sweden,2042,487.0528219890132,-0.0057190511687974,-11.74215795617844
Reduced,sweden,2043,540.8564455031704,-0.0065530073332668,-12.115982693282849
Reduced,sweden,2044,597.3095246896141,-0.0074562566002499,-12.483069986410406
Reduced,sweden,2045,656.3921775458365,-0.0084311203723776,-12.84463870959051
Reduced,sweden,2046,718.0842827022249,-0.0094798861600362,-13.20163438804492
Reduced,sweden,2047,782.3654787735974,-0.0106048070912852,-13.554799360407522
Reduced,sweden,2048,849.215163710739,-0.0118081014201538,-13.904722766085609
Reduced,sweden,2049,918.6124941519378,-0.013091952033316,-14.251876734381328
Reduced,sweden,2050,990.5363847745205,-0.014458505955145,-14.596642967775812
Reduced,switzerland,2025,2.118163771080023,1.0590818855400125e-06,0.5000000000000004
Reduced,switzerland,2026,6.365999881369565,2.095146634820905e-07,0.0329115091715986
Reduced,switzerland,2027,12.75503864845193,-5.5406202268920335e-06,-0.4343867846738743
Reduced,switzerland,2028,21.29683213936423,-1.920748981235173e-05,-0.9018942200727292
Reduced,switzerland,2029,32.00295417059739,-4.383157048418798e-05,-1.36961013819337
Reduced,switzerland,2030,44.88500030809614,-8.247770889668418e-05,-1.8375338828238184
Reduced,switzerland,2031,59.95458786725901,-0.0001352212653537,-2.2553947940253964
Reduced,switzerland,2032,77.22335591293833,-0.0002042963375364,-2.6455252445490114
Reduced,switzerland,2033,96.70296525944028,-0.0002919545795957,-3.019086113982728
Reduced,switzerland,2034,118.40509847052483,-0.0004004652456511,-3.382162177339372
Reduced,switzerland,2035,142.34145985940577,-0.0005321152332899,-3.7383010811859134
Reduced,switzerland,2036,168.52377548875063,-0.000689209127066,-4.089684823801455
Reduced,switzerland,2037,196.9637931706808,-0.0008740692419986,-4.437715317764927
Reduced,switzerland,2038,227.6500235720323,-0.001088872854808,-4.783100118869681
Reduced,switzerland,2039,260.42838894376246,-0.001334710595096,-5.125057988145333
Reduced,switzerland,2040,295.28464229222186,-0.0016135606218837,-5.464424459592792
Reduced,switzerland,2041,332.2043566779256,-0.0019273781941622,-5.801784821355649
Reduced,switzerland,2042,371.1729247213717,-0.0022780953065532,-6.13755787349877
Reduced,switzerland,2043,412.17555810886046,-0.0026676203237343,-6.472048793902074
Reduced,switzerland,2044,455.1972870983132,-0.0030978376136288,-6.80548347152127
Reduced,switzerland,2045,500.2229600250912,-0.00357060717936,-7.138031367414563
Reduced,switzerland,2046,547.2372428078149,-0.00408776428997,-7.469821076131713
Reduced,switzerland,2047,596.2246184541827,-0.0046511191099032,-7.800951128053214
Reduced,switzerland,2048,647.1693865667899,-0.0052624563272545,-8.131497621004101
Reduced,switzerland,2049,700.0556628489469,-0.0059235347807814,-8.461519697840995
Reduced,switzerland,2050,754.8673786104998,-0.0066360870856816,-8.791063534758743
