path,year,grid_factor_kg_co2e_kwh,ratio_to_2034,source,source_cell,doi,role
ssp2_no_climate_target,2025,1.01548394146511,1.0697165638552715,"Tang et al. 2025; Table S14, Fig 3(b)",B8,10.1016/j.isci.2025.111963,Manufacturing-only scenario sensitivity; not a jointly simulated global transition
ssp2_no_climate_target,2026,1.02841800189107,1.0833413767258644,"Tang et al. 2025; Table S14, Fig 3(b)",B9,10.1016/j.isci.2025.111963,Manufacturing-only scenario sensitivity; not a jointly simulated global transition
ssp2_no_climate_target,2027,1.01628476204378,1.0705601528109407,"Tang et al. 2025; Table S14, Fig 3(b)",B10,10.1016/j.isci.2025.111963,Manufacturing-only scenario sensitivity; not a jointly simulated global transition
ssp2_no_climate_target,2028,1.00480733627924,1.0584697671835384,"Tang et al. 2025; Table S14, Fig 3(b)",B11,10.1016/j.isci.2025.111963,Manufacturing-only scenario sensitivity; not a jointly simulated global transition
ssp2_no_climate_target,2029,0.993850167971732,1.0469274237225668,"Tang et al. 2025; Table S14, Fig 3(b)",B12,10.1016/j.isci.2025.111963,Manufacturing-only scenario sensitivity; not a jointly simulated global transition
ssp2_no_climate_target,2030,0.98339848514572,1.0359175615449179,"Tang et al. 2025; Table S14, Fig 3(b)",B13,10.1016/j.isci.2025.111963,Manufacturing-only scenario sensitivity; not a jointly simulated global transition
ssp2_no_climate_target,2031,0.974259766905398,1.0262907837349462,"Tang et al. 2025; Table S14, Fig 3(b)",B14,10.1016/j.isci.2025.111963,Manufacturing-only scenario sensitivity; not a jointly simulated global transition
ssp2_no_climate_target,2032,0.965473217362241,1.0170349824350366,"Tang et al. 2025; Table S14, Fig 3(b)",B15,10.1016/j.isci.2025.111963,Manufacturing-only scenario sensitivity; not a jointly simulated global transition
ssp2_no_climate_target,2033,0.957061383106046,1.0081739083512118,"Tang et al. 2025; Table S14, Fig 3(b)",B16,10.1016/j.isci.2025.111963,Manufacturing-only scenario sensitivity; not a jointly simulated global transition
ssp2_no_climate_target,2034,0.949301876569335,1.0,"Tang et al. 2025; Table S14, Fig 3(b)",B17,10.1016/j.isci.2025.111963,Manufacturing-only scenario sensitivity; not a jointly simulated global transition
ssp2_no_climate_target,2035,0.883072090151774,0.9302331660220586,"Tang et al. 2025; Table S14, Fig 3(b)",B18,10.1016/j.isci.2025.111963,Manufacturing-only scenario sensitivity; not a jointly simulated global transition
ssp2_no_climate_target,2036,0.877854077154986,0.9247364814314358,"Tang et al. 2025; Table S14, Fig 3(b)",B19,10.1016/j.isci.2025.111963,Manufacturing-only scenario sensitivity; not a jointly simulated global transition
ssp2_no_climate_target,2037,0.872093608987,0.9186683714759349,"Tang et al. 2025; Table S14, Fig 3(b)",B20,10.1016/j.isci.2025.111963,Manufacturing-only scenario sensitivity; not a jointly simulated global transition
ssp2_no_climate_target,2038,0.866727062071225,0.9130152204096281,"Tang et al. 2025; Table S14, Fig 3(b)",B21,10.1016/j.isci.2025.111963,Manufacturing-only scenario sensitivity; not a jointly simulated global transition
ssp2_no_climate_target,2039,0.861877918889386,0.9079071053816002,"Tang et al. 2025; Table S14, Fig 3(b)",B22,10.1016/j.isci.2025.111963,Manufacturing-only scenario sensitivity; not a jointly simulated global transition
ssp2_no_climate_target,2040,0.857351028607601,0.9031384533926832,"Tang et al. 2025; Table S14, Fig 3(b)",B23,10.1016/j.isci.2025.111963,Manufacturing-only scenario sensitivity; not a jointly simulated global transition
ssp2_no_climate_target,2041,0.854524269410832,0.9001607291655022,"Tang et al. 2025; Table S14, Fig 3(b)",B24,10.1016/j.isci.2025.111963,Manufacturing-only scenario sensitivity; not a jointly simulated global transition
ssp2_no_climate_target,2042,0.847223466523616,0.8924700218495109,"Tang et al. 2025; Table S14, Fig 3(b)",B25,10.1016/j.isci.2025.111963,Manufacturing-only scenario sensitivity; not a jointly simulated global transition
ssp2_no_climate_target,2043,0.839986927005382,0.8848470099321785,"Tang et al. 2025; Table S14, Fig 3(b)",B26,10.1016/j.isci.2025.111963,Manufacturing-only scenario sensitivity; not a jointly simulated global transition
ssp2_no_climate_target,2044,0.832812747251124,0.8772896881451567,"Tang et al. 2025; Table S14, Fig 3(b)",B27,10.1016/j.isci.2025.111963,Manufacturing-only scenario sensitivity; not a jointly simulated global transition
ssp2_no_climate_target,2045,0.825844721641708,0.8699495303076966,"Tang et al. 2025; Table S14, Fig 3(b)",B28,10.1016/j.isci.2025.111963,Manufacturing-only scenario sensitivity; not a jointly simulated global transition
ssp2_no_climate_target,2046,0.810581525411533,0.8538711925240041,"Tang et al. 2025; Table S14, Fig 3(b)",B29,10.1016/j.isci.2025.111963,Manufacturing-only scenario sensitivity; not a jointly simulated global transition
ssp2_no_climate_target,2047,0.801590897557603,0.8444004139699566,"Tang et al. 2025; Table S14, Fig 3(b)",B30,10.1016/j.isci.2025.111963,Manufacturing-only scenario sensitivity; not a jointly simulated global transition
ssp2_no_climate_target,2048,0.792929793268877,0.835276757415072,"Tang et al. 2025; Table S14, Fig 3(b)",B31,10.1016/j.isci.2025.111963,Manufacturing-only scenario sensitivity; not a jointly simulated global transition
ssp2_no_climate_target,2049,0.7847910154037,0.8267033224877235,"Tang et al. 2025; Table S14, Fig 3(b)",B32,10.1016/j.isci.2025.111963,Manufacturing-only scenario sensitivity; not a jointly simulated global transition
ssp2_no_climate_target,2050,0.77743062419865,0.8189498444985621,"Tang et al. 2025; Table S14, Fig 3(b)",B33,10.1016/j.isci.2025.111963,Manufacturing-only scenario sensitivity; not a jointly simulated global transition
ssp2_2c,2025,0.885329313257166,1.1231490712723378,"Tang et al. 2025; Table S14, Fig 3(b)",C8,10.1016/j.isci.2025.111963,Manufacturing-only scenario sensitivity; not a jointly simulated global transition
ssp2_2c,2026,0.905586311540321,1.1488475638759392,"Tang et al. 2025; Table S14, Fig 3(b)",C9,10.1016/j.isci.2025.111963,Manufacturing-only scenario sensitivity; not a jointly simulated global transition
ssp2_2c,2027,0.89494965121251,1.1353536526389236,"Tang et al. 2025; Table S14, Fig 3(b)",C10,10.1016/j.isci.2025.111963,Manufacturing-only scenario sensitivity; not a jointly simulated global transition
ssp2_2c,2028,0.884727881285772,1.122386080879961,"Tang et al. 2025; Table S14, Fig 3(b)",C11,10.1016/j.isci.2025.111963,Manufacturing-only scenario sensitivity; not a jointly simulated global transition
ssp2_2c,2029,0.874891344247288,1.1099072243981132,"Tang et al. 2025; Table S14, Fig 3(b)",C12,10.1016/j.isci.2025.111963,Manufacturing-only scenario sensitivity; not a jointly simulated global transition
ssp2_2c,2030,0.865419219554183,1.0978906697751822,"Tang et al. 2025; Table S14, Fig 3(b)",C13,10.1016/j.isci.2025.111963,Manufacturing-only scenario sensitivity; not a jointly simulated global transition
ssp2_2c,2031,0.845407270349438,1.072503052052499,"Tang et al. 2025; Table S14, Fig 3(b)",C14,10.1016/j.isci.2025.111963,Manufacturing-only scenario sensitivity; not a jointly simulated global transition
ssp2_2c,2032,0.825885136206052,1.047736824950258,"Tang et al. 2025; Table S14, Fig 3(b)",C15,10.1016/j.isci.2025.111963,Manufacturing-only scenario sensitivity; not a jointly simulated global transition
ssp2_2c,2033,0.806837761607409,1.0235728886947915,"Tang et al. 2025; Table S14, Fig 3(b)",C16,10.1016/j.isci.2025.111963,Manufacturing-only scenario sensitivity; not a jointly simulated global transition
ssp2_2c,2034,0.788256283962589,1.0,"Tang et al. 2025; Table S14, Fig 3(b)",C17,10.1016/j.isci.2025.111963,Manufacturing-only scenario sensitivity; not a jointly simulated global transition
ssp2_2c,2035,0.688673571224771,0.873667086753546,"Tang et al. 2025; Table S14, Fig 3(b)",C18,10.1016/j.isci.2025.111963,Manufacturing-only scenario sensitivity; not a jointly simulated global transition
ssp2_2c,2036,0.67227253077657,0.8528603506933494,"Tang et al. 2025; Table S14, Fig 3(b)",C19,10.1016/j.isci.2025.111963,Manufacturing-only scenario sensitivity; not a jointly simulated global transition
ssp2_2c,2037,0.655892731298462,0.8320805614149611,"Tang et al. 2025; Table S14, Fig 3(b)",C20,10.1016/j.isci.2025.111963,Manufacturing-only scenario sensitivity; not a jointly simulated global transition
ssp2_2c,2038,0.639565305570712,0.8113672146774362,"Tang et al. 2025; Table S14, Fig 3(b)",C21,10.1016/j.isci.2025.111963,Manufacturing-only scenario sensitivity; not a jointly simulated global transition
ssp2_2c,2039,0.623308640154998,0.7907436360946036,"Tang et al. 2025; Table S14, Fig 3(b)",C22,10.1016/j.isci.2025.111963,Manufacturing-only scenario sensitivity; not a jointly simulated global transition
ssp2_2c,2040,0.607136119357173,0.7702268053038294,"Tang et al. 2025; Table S14, Fig 3(b)",C23,10.1016/j.isci.2025.111963,Manufacturing-only scenario sensitivity; not a jointly simulated global transition
ssp2_2c,2041,0.587708555623415,0.7455805523921556,"Tang et al. 2025; Table S14, Fig 3(b)",C24,10.1016/j.isci.2025.111963,Manufacturing-only scenario sensitivity; not a jointly simulated global transition
ssp2_2c,2042,0.564018475935066,0.7155267739823494,"Tang et al. 2025; Table S14, Fig 3(b)",C25,10.1016/j.isci.2025.111963,Manufacturing-only scenario sensitivity; not a jointly simulated global transition
ssp2_2c,2043,0.539678789937495,0.6846488901103495,"Tang et al. 2025; Table S14, Fig 3(b)",C26,10.1016/j.isci.2025.111963,Manufacturing-only scenario sensitivity; not a jointly simulated global transition
ssp2_2c,2044,0.514581124642269,0.6528094163175632,"Tang et al. 2025; Table S14, Fig 3(b)",C27,10.1016/j.isci.2025.111963,Manufacturing-only scenario sensitivity; not a jointly simulated global transition
ssp2_2c,2045,0.489067459404397,0.6204421954568374,"Tang et al. 2025; Table S14, Fig 3(b)",C28,10.1016/j.isci.2025.111963,Manufacturing-only scenario sensitivity; not a jointly simulated global transition
ssp2_2c,2046,0.439295097825486,0.5572998360598356,"Tang et al. 2025; Table S14, Fig 3(b)",C29,10.1016/j.isci.2025.111963,Manufacturing-only scenario sensitivity; not a jointly simulated global transition
ssp2_2c,2047,0.418114943958608,0.5304302071107269,"Tang et al. 2025; Table S14, Fig 3(b)",C30,10.1016/j.isci.2025.111963,Manufacturing-only scenario sensitivity; not a jointly simulated global transition
ssp2_2c,2048,0.396736798568005,0.5033094015738089,"Tang et al. 2025; Table S14, Fig 3(b)",C31,10.1016/j.isci.2025.111963,Manufacturing-only scenario sensitivity; not a jointly simulated global transition
ssp2_2c,2049,0.375165729243638,0.47594384830992803,"Tang et al. 2025; Table S14, Fig 3(b)",C32,10.1016/j.isci.2025.111963,Manufacturing-only scenario sensitivity; not a jointly simulated global transition
ssp2_2c,2050,0.353414246575241,0.4483494185401435,"Tang et al. 2025; Table S14, Fig 3(b)",C33,10.1016/j.isci.2025.111963,Manufacturing-only scenario sensitivity; not a jointly simulated global transition
ssp2_1p5c,2025,0.870098506118476,1.185650369779925,"Tang et al. 2025; Table S14, Fig 3(b)",D8,10.1016/j.isci.2025.111963,Manufacturing-only scenario sensitivity; not a jointly simulated global transition
ssp2_1p5c,2026,0.889845033907181,1.2125582173511054,"Tang et al. 2025; Table S14, Fig 3(b)",D9,10.1016/j.isci.2025.111963,Manufacturing-only scenario sensitivity; not a jointly simulated global transition
ssp2_1p5c,2027,0.873432663597737,1.1901937002423866,"Tang et al. 2025; Table S14, Fig 3(b)",D10,10.1016/j.isci.2025.111963,Manufacturing-only scenario sensitivity; not a jointly simulated global transition
ssp2_1p5c,2028,0.857786627883177,1.1688734383408772,"Tang et al. 2025; Table S14, Fig 3(b)",D11,10.1016/j.isci.2025.111963,Manufacturing-only scenario sensitivity; not a jointly simulated global transition
ssp2_1p5c,2029,0.842783556698151,1.148429319918338,"Tang et al. 2025; Table S14, Fig 3(b)",D12,10.1016/j.isci.2025.111963,Manufacturing-only scenario sensitivity; not a jointly simulated global transition
ssp2_1p5c,2030,0.828385933363936,1.1288102224137162,"Tang et al. 2025; Table S14, Fig 3(b)",D13,10.1016/j.isci.2025.111963,Manufacturing-only scenario sensitivity; not a jointly simulated global transition
ssp2_1p5c,2031,0.803296603477385,1.0946219402268837,"Tang et al. 2025; Table S14, Fig 3(b)",D14,10.1016/j.isci.2025.111963,Manufacturing-only scenario sensitivity; not a jointly simulated global transition
ssp2_1p5c,2032,0.779150472494857,1.0617189195609795,"Tang et al. 2025; Table S14, Fig 3(b)",D15,10.1016/j.isci.2025.111963,Manufacturing-only scenario sensitivity; not a jointly simulated global transition
ssp2_1p5c,2033,0.756033102825423,1.0302177530790644,"Tang et al. 2025; Table S14, Fig 3(b)",D16,10.1016/j.isci.2025.111963,Manufacturing-only scenario sensitivity; not a jointly simulated global transition
ssp2_1p5c,2034,0.73385757580456,1.0,"Tang et al. 2025; Table S14, Fig 3(b)",D17,10.1016/j.isci.2025.111963,Manufacturing-only scenario sensitivity; not a jointly simulated global transition
ssp2_1p5c,2035,0.632192529299178,0.8614648811195794,"Tang et al. 2025; Table S14, Fig 3(b)",D18,10.1016/j.isci.2025.111963,Manufacturing-only scenario sensitivity; not a jointly simulated global transition
ssp2_1p5c,2036,0.606457599638653,0.8263968645057144,"Tang et al. 2025; Table S14, Fig 3(b)",D19,10.1016/j.isci.2025.111963,Manufacturing-only scenario sensitivity; not a jointly simulated global transition
ssp2_1p5c,2037,0.581541286412409,0.7924443455868667,"Tang et al. 2025; Table S14, Fig 3(b)",D20,10.1016/j.isci.2025.111963,Manufacturing-only scenario sensitivity; not a jointly simulated global transition
ssp2_1p5c,2038,0.557859825164543,0.7601745128173365,"Tang et al. 2025; Table S14, Fig 3(b)",D21,10.1016/j.isci.2025.111963,Manufacturing-only scenario sensitivity; not a jointly simulated global transition
ssp2_1p5c,2039,0.534649500022178,0.7285466794234815,"Tang et al. 2025; Table S14, Fig 3(b)",D22,10.1016/j.isci.2025.111963,Manufacturing-only scenario sensitivity; not a jointly simulated global transition
ssp2_1p5c,2040,0.511800452777379,0.6974111457748049,"Tang et al. 2025; Table S14, Fig 3(b)",D23,10.1016/j.isci.2025.111963,Manufacturing-only scenario sensitivity; not a jointly simulated global transition
ssp2_1p5c,2041,0.488141161820936,0.6651715236240023,"Tang et al. 2025; Table S14, Fig 3(b)",D24,10.1016/j.isci.2025.111963,Manufacturing-only scenario sensitivity; not a jointly simulated global transition
ssp2_1p5c,2042,0.462850142834513,0.6307084073187774,"Tang et al. 2025; Table S14, Fig 3(b)",D25,10.1016/j.isci.2025.111963,Manufacturing-only scenario sensitivity; not a jointly simulated global transition
ssp2_1p5c,2043,0.437754319544224,0.5965112768159337,"Tang et al. 2025; Table S14, Fig 3(b)",D26,10.1016/j.isci.2025.111963,Manufacturing-only scenario sensitivity; not a jointly simulated global transition
ssp2_1p5c,2044,0.412946521071187,0.5627066268525684,"Tang et al. 2025; Table S14, Fig 3(b)",D27,10.1016/j.isci.2025.111963,Manufacturing-only scenario sensitivity; not a jointly simulated global transition
ssp2_1p5c,2045,0.389561036322386,0.5308401100789799,"Tang et al. 2025; Table S14, Fig 3(b)",D28,10.1016/j.isci.2025.111963,Manufacturing-only scenario sensitivity; not a jointly simulated global transition
ssp2_1p5c,2046,0.346261523558394,0.471837499502233,"Tang et al. 2025; Table S14, Fig 3(b)",D29,10.1016/j.isci.2025.111963,Manufacturing-only scenario sensitivity; not a jointly simulated global transition
ssp2_1p5c,2047,0.31851925277717,0.4340341549625123,"Tang et al. 2025; Table S14, Fig 3(b)",D30,10.1016/j.isci.2025.111963,Manufacturing-only scenario sensitivity; not a jointly simulated global transition
ssp2_1p5c,2048,0.290943509239063,0.3964577308070833,"Tang et al. 2025; Table S14, Fig 3(b)",D31,10.1016/j.isci.2025.111963,Manufacturing-only scenario sensitivity; not a jointly simulated global transition
ssp2_1p5c,2049,0.263668206741743,0.3592907063099704,"Tang et al. 2025; Table S14, Fig 3(b)",D32,10.1016/j.isci.2025.111963,Manufacturing-only scenario sensitivity; not a jointly simulated global transition
ssp2_1p5c,2050,0.236616547027364,0.3224284313859552,"Tang et al. 2025; Table S14, Fig 3(b)",D33,10.1016/j.isci.2025.111963,Manufacturing-only scenario sensitivity; not a jointly simulated global transition
inherited_china_grid,2025,0.543,1.2651444547996273,Inherited China deployment-grid trajectory,,,Shares the inherited China grid decline; absolute manufacturing and displaced-grid boundaries remain distinct
inherited_china_grid,2026,0.5304,1.2357875116495807,Inherited China deployment-grid trajectory,,,Shares the inherited China grid decline; absolute manufacturing and displaced-grid boundaries remain distinct
inherited_china_grid,2027,0.5178,1.2064305684995342,Inherited China deployment-grid trajectory,,,Shares the inherited China grid decline; absolute manufacturing and displaced-grid boundaries remain distinct
inherited_china_grid,2028,0.5052,1.1770736253494876,Inherited China deployment-grid trajectory,,,Shares the inherited China grid decline; absolute manufacturing and displaced-grid boundaries remain distinct
inherited_china_grid,2029,0.4926,1.147716682199441,Inherited China deployment-grid trajectory,,,Shares the inherited China grid decline; absolute manufacturing and displaced-grid boundaries remain distinct
inherited_china_grid,2030,0.48,1.1183597390493942,Inherited China deployment-grid trajectory,,,Shares the inherited China grid decline; absolute manufacturing and displaced-grid boundaries remain distinct
inherited_china_grid,2031,0.4673,1.0887698042870457,Inherited China deployment-grid trajectory,,,Shares the inherited China grid decline; absolute manufacturing and displaced-grid boundaries remain distinct
inherited_china_grid,2032,0.4546,1.0591798695246972,Inherited China deployment-grid trajectory,,,Shares the inherited China grid decline; absolute manufacturing and displaced-grid boundaries remain distinct
inherited_china_grid,2033,0.44189999999999996,1.0295899347623485,Inherited China deployment-grid trajectory,,,Shares the inherited China grid decline; absolute manufacturing and displaced-grid boundaries remain distinct
inherited_china_grid,2034,0.42919999999999997,1.0,Inherited China deployment-grid trajectory,,,Shares the inherited China grid decline; absolute manufacturing and displaced-grid boundaries remain distinct
inherited_china_grid,2035,0.4165,0.9704100652376515,Inherited China deployment-grid trajectory,,,Shares the inherited China grid decline; absolute manufacturing and displaced-grid boundaries remain distinct
inherited_china_grid,2036,0.4038,0.9408201304753029,Inherited China deployment-grid trajectory,,,Shares the inherited China grid decline; absolute manufacturing and displaced-grid boundaries remain distinct
inherited_china_grid,2037,0.3911,0.9112301957129544,Inherited China deployment-grid trajectory,,,Shares the inherited China grid decline; absolute manufacturing and displaced-grid boundaries remain distinct
inherited_china_grid,2038,0.37839999999999996,0.8816402609506058,Inherited China deployment-grid trajectory,,,Shares the inherited China grid decline; absolute manufacturing and displaced-grid boundaries remain distinct
inherited_china_grid,2039,0.36569999999999997,0.8520503261882572,Inherited China deployment-grid trajectory,,,Shares the inherited China grid decline; absolute manufacturing and displaced-grid boundaries remain distinct
inherited_china_grid,2040,0.353,0.8224603914259087,Inherited China deployment-grid trajectory,,,Shares the inherited China grid decline; absolute manufacturing and displaced-grid boundaries remain distinct
inherited_china_grid,2041,0.3404,0.7931034482758621,Inherited China deployment-grid trajectory,,,Shares the inherited China grid decline; absolute manufacturing and displaced-grid boundaries remain distinct
inherited_china_grid,2042,0.3278,0.7637465051258154,Inherited China deployment-grid trajectory,,,Shares the inherited China grid decline; absolute manufacturing and displaced-grid boundaries remain distinct
inherited_china_grid,2043,0.3152,0.7343895619757689,Inherited China deployment-grid trajectory,,,Shares the inherited China grid decline; absolute manufacturing and displaced-grid boundaries remain distinct
inherited_china_grid,2044,0.3026,0.7050326188257223,Inherited China deployment-grid trajectory,,,Shares the inherited China grid decline; absolute manufacturing and displaced-grid boundaries remain distinct
inherited_china_grid,2045,0.29,0.6756756756756757,Inherited China deployment-grid trajectory,,,Shares the inherited China grid decline; absolute manufacturing and displaced-grid boundaries remain distinct
inherited_china_grid,2046,0.2774,0.6463187325256291,Inherited China deployment-grid trajectory,,,Shares the inherited China grid decline; absolute manufacturing and displaced-grid boundaries remain distinct
inherited_china_grid,2047,0.26480000000000004,0.6169617893755827,Inherited China deployment-grid trajectory,,,Shares the inherited China grid decline; absolute manufacturing and displaced-grid boundaries remain distinct
inherited_china_grid,2048,0.2522,0.5876048462255359,Inherited China deployment-grid trajectory,,,Shares the inherited China grid decline; absolute manufacturing and displaced-grid boundaries remain distinct
inherited_china_grid,2049,0.2396,0.5582479030754893,Inherited China deployment-grid trajectory,,,Shares the inherited China grid decline; absolute manufacturing and displaced-grid boundaries remain distinct
inherited_china_grid,2050,0.227,0.5288909599254428,Inherited China deployment-grid trajectory,,,Shares the inherited China grid decline; absolute manufacturing and displaced-grid boundaries remain distinct
