source,doi,manufacturing_region,grid_case,year,source_sheet,source_cell,reported_factor,source_area_per_functional_unit_m2,module_and_reference_freight_kg_co2e_m2,module_excluding_reference_freight_kg_co2e_m2,freight_kg_co2e_m2,transport_destination
Willis et al. 2026,10.1038/s41467-026-69165-x,china,static_grid,2023,Fig 3,B5,0.761132166425052,0.005643850460538198,134.8604417758564,129.68511438182037,5.175327394036038,"Central Europe; reference route, not a global trade matrix"
Willis et al. 2026,10.1038/s41467-026-69165-x,china,static_grid,2024,Fig 3,B6,0.741571385731023,0.005565945320153174,133.23368144597853,128.0583540519425,5.175327394036038,"Central Europe; reference route, not a global trade matrix"
Willis et al. 2026,10.1038/s41467-026-69165-x,china,static_grid,2026,Fig 3,B7,0.710769171768607,0.005489679402722881,129.47371232936945,124.29838493533342,5.175327394036038,"Central Europe; reference route, not a global trade matrix"
Willis et al. 2026,10.1038/s41467-026-69165-x,china,static_grid,2028,Fig 3,B8,0.692253455261709,0.005395838729172062,128.29394835674202,123.11862096270599,5.175327394036038,"Central Europe; reference route, not a global trade matrix"
Willis et al. 2026,10.1038/s41467-026-69165-x,china,static_grid,2031,Fig 3,B9,0.664140851202727,0.005305152363975893,125.18789388830925,120.01256649427322,5.175327394036038,"Central Europe; reference route, not a global trade matrix"
Willis et al. 2026,10.1038/s41467-026-69165-x,china,static_grid,2034,Fig 3,B10,0.641888915454878,0.005260942760942761,122.01024504966321,116.83491765562718,5.175327394036038,"Central Europe; reference route, not a global trade matrix"
Willis et al. 2026,10.1038/s41467-026-69165-x,china,future_grid,2023,Fig 3,C5,0.62471465166735,0.005643850460538198,110.68944084102773,105.5141134469917,5.175327394036038,"Central Europe; reference route, not a global trade matrix"
Willis et al. 2026,10.1038/s41467-026-69165-x,china,future_grid,2024,Fig 3,C6,0.60198883215993,0.005565945320153174,108.15572154118168,102.98039414714565,5.175327394036038,"Central Europe; reference route, not a global trade matrix"
Willis et al. 2026,10.1038/s41467-026-69165-x,china,future_grid,2026,Fig 3,C7,0.56777855056151,0.005489679402722881,103.42654077028467,98.25121337624864,5.175327394036038,"Central Europe; reference route, not a global trade matrix"
Willis et al. 2026,10.1038/s41467-026-69165-x,china,future_grid,2028,Fig 3,C8,0.546723184304652,0.005395838729172062,101.32311430081256,96.14778690677653,5.175327394036038,"Central Europe; reference route, not a global trade matrix"
Willis et al. 2026,10.1038/s41467-026-69165-x,china,future_grid,2031,Fig 3,C9,0.516359320255197,0.005305152363975893,97.33166643082363,92.1563390367876,5.175327394036038,"Central Europe; reference route, not a global trade matrix"
Willis et al. 2026,10.1038/s41467-026-69165-x,china,future_grid,2034,Fig 3,C10,0.491770212504843,0.005260942760942761,93.47568199292054,88.30035459888451,5.175327394036038,"Central Europe; reference route, not a global trade matrix"
Willis et al. 2026,10.1038/s41467-026-69165-x,india,static_grid,2023,Fig 3,D5,0.954709752007682,0.005643850460538198,169.15929269972912,,,"Central Europe; reference route, not a global trade matrix"
Willis et al. 2026,10.1038/s41467-026-69165-x,india,static_grid,2024,Fig 3,D6,0.929356197605582,0.005565945320153174,166.9718518866093,,,"Central Europe; reference route, not a global trade matrix"
Willis et al. 2026,10.1038/s41467-026-69165-x,india,static_grid,2026,Fig 3,D7,0.889173764626318,0.005489679402722881,161.9718929643301,,,"Central Europe; reference route, not a global trade matrix"
Willis et al. 2026,10.1038/s41467-026-69165-x,india,static_grid,2028,Fig 3,D8,0.865542090135324,0.005395838729172062,160.40918448059932,,,"Central Europe; reference route, not a global trade matrix"
Willis et al. 2026,10.1038/s41467-026-69165-x,india,static_grid,2031,Fig 3,D9,0.828975193427644,0.005305152363975893,156.2585080603372,,,"Central Europe; reference route, not a global trade matrix"
Willis et al. 2026,10.1038/s41467-026-69165-x,india,static_grid,2034,Fig 3,D10,0.799835227518885,0.005260942760942761,152.03268004678966,,,"Central Europe; reference route, not a global trade matrix"
Willis et al. 2026,10.1038/s41467-026-69165-x,india,future_grid,2023,Fig 3,E5,0.65707889570017,0.005643850460538198,116.42386705573891,,,"Central Europe; reference route, not a global trade matrix"
Willis et al. 2026,10.1038/s41467-026-69165-x,india,future_grid,2024,Fig 3,E6,0.628165397338635,0.005565945320153174,112.85870794744852,,,"Central Europe; reference route, not a global trade matrix"
Willis et al. 2026,10.1038/s41467-026-69165-x,india,future_grid,2026,Fig 3,E7,0.585676089983872,0.005489679402722881,106.68675655146212,,,"Central Europe; reference route, not a global trade matrix"
Willis et al. 2026,10.1038/s41467-026-69165-x,india,future_grid,2028,Fig 3,E8,0.560456770418956,0.005395838729172062,103.86833234820429,,,"Central Europe; reference route, not a global trade matrix"
Willis et al. 2026,10.1038/s41467-026-69165-x,india,future_grid,2031,Fig 3,E9,0.514796421358614,0.005305152363975893,97.03706624041331,,,"Central Europe; reference route, not a global trade matrix"
Willis et al. 2026,10.1038/s41467-026-69165-x,india,future_grid,2034,Fig 3,E10,0.458369602382025,0.005260942760942761,87.12689402077531,,,"Central Europe; reference route, not a global trade matrix"
Willis et al. 2026,10.1038/s41467-026-69165-x,usa,static_grid,2023,Fig 3,F5,0.509872747116271,0.005643850460538198,90.34129282504935,,,"Central Europe; reference route, not a global trade matrix"
Willis et al. 2026,10.1038/s41467-026-69165-x,usa,static_grid,2024,Fig 3,F6,0.497700399315658,0.005565945320153174,89.41884454264839,,,"Central Europe; reference route, not a global trade matrix"
Willis et al. 2026,10.1038/s41467-026-69165-x,usa,static_grid,2026,Fig 3,F7,0.478818201657769,0.005489679402722881,87.2215236139792,,,"Central Europe; reference route, not a global trade matrix"
Willis et al. 2026,10.1038/s41467-026-69165-x,usa,static_grid,2028,Fig 3,F8,0.466864885965867,0.005395838729172062,86.52313558628221,,,"Central Europe; reference route, not a global trade matrix"
Willis et al. 2026,10.1038/s41467-026-69165-x,usa,static_grid,2031,Fig 3,F9,0.449519304502063,0.005305152363975893,84.73259082142087,,,"Central Europe; reference route, not a global trade matrix"
Willis et al. 2026,10.1038/s41467-026-69165-x,usa,static_grid,2034,Fig 3,F10,0.436008858479123,0.005260942760942761,82.87656381971169,,,"Central Europe; reference route, not a global trade matrix"
Willis et al. 2026,10.1038/s41467-026-69165-x,usa,future_grid,2023,Fig 3,G5,0.495003713051041,0.005643850460538198,87.70673789323565,,,"Central Europe; reference route, not a global trade matrix"
Willis et al. 2026,10.1038/s41467-026-69165-x,usa,future_grid,2024,Fig 3,G6,0.474602311075154,0.005565945320153174,85.26894961700647,,,"Central Europe; reference route, not a global trade matrix"
Willis et al. 2026,10.1038/s41467-026-69165-x,usa,future_grid,2026,Fig 3,G7,0.432774848242788,0.005489679402722881,78.83426635590627,,,"Central Europe; reference route, not a global trade matrix"
Willis et al. 2026,10.1038/s41467-026-69165-x,usa,future_grid,2028,Fig 3,G8,0.391371346584927,0.005395838729172062,72.53206891989136,,,"Central Europe; reference route, not a global trade matrix"
Willis et al. 2026,10.1038/s41467-026-69165-x,usa,future_grid,2031,Fig 3,G9,0.343907115970685,0.005305152363975893,64.82511573201025,,,"Central Europe; reference route, not a global trade matrix"
Willis et al. 2026,10.1038/s41467-026-69165-x,usa,future_grid,2034,Fig 3,G10,0.322006001105546,0.005260942760942761,61.20690069014218,,,"Central Europe; reference route, not a global trade matrix"
Willis et al. 2026,10.1038/s41467-026-69165-x,europe,static_grid,2023,Fig 3,H5,0.402989087409036,0.005643850460538198,71.40321846348263,,,"Central Europe; reference route, not a global trade matrix"
Willis et al. 2026,10.1038/s41467-026-69165-x,europe,static_grid,2024,Fig 3,H6,0.393432161398121,0.005565945320153174,70.68559584543202,,,"Central Europe; reference route, not a global trade matrix"
Willis et al. 2026,10.1038/s41467-026-69165-x,europe,static_grid,2026,Fig 3,H7,0.378588245465834,0.005489679402722881,68.96363479405632,,,"Central Europe; reference route, not a global trade matrix"
Willis et al. 2026,10.1038/s41467-026-69165-x,europe,static_grid,2028,Fig 3,H8,0.369111103288868,0.005395838729172062,68.40662255031933,,,"Central Europe; reference route, not a global trade matrix"
Willis et al. 2026,10.1038/s41467-026-69165-x,europe,static_grid,2031,Fig 3,H9,0.355510823629187,0.005305152363975893,67.01236821080724,,,"Central Europe; reference route, not a global trade matrix"
Willis et al. 2026,10.1038/s41467-026-69165-x,europe,static_grid,2034,Fig 3,H10,0.344914125480366,0.005260942760942761,65.56127697130796,,,"Central Europe; reference route, not a global trade matrix"
Willis et al. 2026,10.1038/s41467-026-69165-x,europe,future_grid,2023,Fig 3,I5,0.403809708672357,0.005643850460538198,71.5486194214029,,,"Central Europe; reference route, not a global trade matrix"
Willis et al. 2026,10.1038/s41467-026-69165-x,europe,future_grid,2024,Fig 3,I6,0.389129448532672,0.005565945320153174,69.912553241174,,,"Central Europe; reference route, not a global trade matrix"
Willis et al. 2026,10.1038/s41467-026-69165-x,europe,future_grid,2026,Fig 3,I7,0.36523885096057,0.005489679402722881,66.53190909097744,,,"Central Europe; reference route, not a global trade matrix"
Willis et al. 2026,10.1038/s41467-026-69165-x,europe,future_grid,2028,Fig 3,I8,0.347582469752974,0.005395838729172062,64.41676395437916,,,"Central Europe; reference route, not a global trade matrix"
Willis et al. 2026,10.1038/s41467-026-69165-x,europe,future_grid,2031,Fig 3,I9,0.325681429554565,0.005305152363975893,61.38964674531729,,,"Central Europe; reference route, not a global trade matrix"
Willis et al. 2026,10.1038/s41467-026-69165-x,europe,future_grid,2034,Fig 3,I10,0.310548016033651,0.005260942760942761,59.028966887676376,,,"Central Europe; reference route, not a global trade matrix"
