case,net_gt,negative_regions,shortfall_gt,delivered_twh,pv_burden_gt
Baseline,109.56557938611674,7,0.18365414055595872,500278.5085295609,21.504421417609578
Installation-year PV allowance,84.61006518835497,13,1.2449383495096644,500278.5085295609,46.45993561537128
Linear thermal exposure,111.21880247165053,7,0.18247368427558142,500278.5085295609,21.504421417609578
Lossless storage,115.17545757537728,7,0.16068735615598279,524498.0833563312,21.504421417609578
Zero thermal response,112.65664631276154,7,0.1812703760563776,500278.5085295609,21.504421417609578
No storage,120.13198117089505,6,0.0496546501649148,524498.0833563312,21.504421417609578
Fixed battery life 10 years,108.82771753997918,7,0.21633174283652254,500278.5085295609,21.504421417609578
Constant sizing 0.003,106.31670121507138,7,0.18939912134627607,493920.71310075565,21.504421417609578
No roof credit,108.84525293882798,7,0.2032521533254101,500278.5085295609,21.504421417609578
Reduced PV-grid,122.50272165025116,6,0.054934140625305064,524498.0833563312,21.504421417609578
