Id,grid_ef_g_co2e_per_kwh,diagnostic_balance_g_co2e_per_kwh,battery_life_years
13800.0,0.0,-51.07870284460908,25.0
13801.0,0.0,-51.12121246778573,25.0
19923.0,49.84903837327303,-2.696819549541826,14.882706516192838
19924.0,53.31443677375147,1.5570203878897069,14.882706516192838
19925.0,56.04711513059886,4.046672891329953,14.882706516192838
20282.0,31.75427871451856,-24.03007160317791,14.43122671639854
20283.0,34.9904289633754,-16.991312710924998,14.43122671639854
20284.0,37.94387832135827,-20.99340305781765,14.43122671639854
20285.0,40.43161911019397,-10.598910090877483,14.43122671639854
20644.0,25.721641009598347,-24.73464271122381,14.102212167368736
20645.0,27.828481811514308,-22.44251243597445,14.102212167368736
20646.0,29.52719354891256,-20.75907045717699,14.102212167368736
21004.0,16.604596274012426,-34.33273020062346,13.860022017135575
21362.0,7.785668006594543,-91.39918456928676,13.64000082279577
21363.0,8.989534237232336,-99.65103220066494,13.64000082279577
21723.0,73.9560723585157,4.945915557022831,13.414852252994963
21725.0,71.06731566950029,17.30465756066802,13.414852252994963
21726.0,70.77326251429702,18.422205567116663,13.414852252994963
21727.0,73.82969701728592,21.552400549229684,13.414852252994963
21728.0,82.60199994641009,29.61945559939541,13.414852252994963
21729.0,99.2603676905451,45.67182104863899,13.414852252994963
22084.0,32.28972876772508,-19.613443971133943,13.242307369081576
22085.0,33.578929156485415,-16.75558999772374,13.242307369081576
22086.0,36.52945837352553,-13.783828644646848,13.242307369081576
22087.0,42.72101114305792,-7.88907031670084,13.242307369081576
22088.0,54.06924442446381,3.052243294851402,13.242307369081576
22089.0,72.43379281561728,20.40374780304992,13.242307369081576
22090.0,98.88982006151308,45.56628784653398,13.242307369081576
22445.0,14.768078204026372,-34.30160837218916,13.074252621951048
22446.0,18.03320795447414,-31.19134673591322,13.074252621951048
22447.0,24.026157644958293,-25.48029741320739,13.074252621951048
22448.0,34.29345140826853,-15.644600628514008,13.074252621951048
22449.0,50.42481098923355,-0.3639630842638673,13.074252621951048
22450.0,73.3142490572048,21.67608738975304,13.074252621951048
22451.0,101.80216158854834,48.32237335073199,13.074252621951048
22803.0,16.0,-35.082035722996,12.93196533228726
22804.0,16.0,-33.27836396138825,12.93196533228726
22806.0,8.879264641446989,-40.07236434330845,12.93196533228726
22807.0,13.346098120881091,-35.77908426849305,12.93196533228726
22808.0,21.009309457279027,-28.452339573257778,12.93196533228726
22809.0,33.135420396902305,-16.79156114115228,12.93196533228726
22810.0,50.425532728059295,-0.3619856747550214,12.93196533228726
23162.0,16.0,-33.32140606563093,12.837926448677546
23163.0,16.0,-33.31836764021307,12.837926448677546
23164.0,16.0,-33.17698407902749,12.837926448677546
23165.0,3.03463638011008,-45.56546147752001,12.837926448677546
23166.0,4.552012917538273,-44.0843254327177,12.837926448677546
23167.0,7.397795333673192,-41.3378243894016,12.837926448677546
23168.0,12.39143662292953,-36.553067724592864,12.837926448677546
23169.0,20.48326510265475,-28.76470199701763,12.837926448677546
23170.0,32.354891143604696,-17.56800764386078,12.837926448677546
23521.0,16.0,-33.94401084976062,12.77256770947115
23522.0,16.0,-33.15793751662913,12.77256770947115
23523.0,16.0,-33.1821531920771,12.77256770947115
23524.0,16.0,-33.020987368360665,12.77256770947115
23525.0,16.0,-33.03751450273473,12.77256770947115
23526.0,2.7262512580705285,-45.69970785038458,12.77256770947115
23527.0,4.290589062428054,-44.17912826345232,12.77256770947115
23528.0,7.188814000012492,-41.41332681620598,12.77256770947115
23529.0,12.165756211348862,-36.63697255253943,12.77256770947115
23530.0,20.10223336486932,-29.004081178770065,12.77256770947115
23531.0,31.712480776692445,-17.98715061025313,12.77256770947115
23532.0,46.94580664607536,-3.372634057478116,12.77256770947115
23881.0,16.0,-33.34607780950579,12.70026267425171
23882.0,16.0,-33.096835976361724,12.70026267425171
23883.0,16.0,-32.99014927668428,12.70026267425171
23884.0,2.317662215793991,-45.96962066956502,12.70026267425171
23885.0,2.2239246457736344,-46.08112034005918,12.70026267425171
23886.0,2.3749533333933783,-45.92180851598228,12.70026267425171
23887.0,2.9898330513658498,-45.31599715456175,12.70026267425171
23888.0,4.438094112712126,-43.946821109303336,12.70026267425171
23889.0,7.347300290270938,-41.14315427820568,12.70026267425171
23890.0,12.732553544615111,-35.98184139217536,12.70026267425171
23891.0,21.937964504116746,-27.22412693227534,12.70026267425171
23892.0,35.99118275475263,-13.773752874893091,12.70026267425171
23893.0,54.56609580784162,3.349264854012076,12.70026267425171
23894.0,75.92284027673442,24.0394817544771,12.70026267425171
24238.0,16.0,-33.143366936205105,12.6105053240076
24239.0,16.0,-32.37617659847924,12.6105053240076
24240.0,16.0,-32.371296937039936,12.6105053240076
24241.0,16.0,-32.606766391776695,12.6105053240076
24242.0,16.0,-32.4847344492481,12.6105053240076
24243.0,16.0,-32.41687333973119,12.6105053240076
24244.0,4.21291233705676,-44.22247041616959,12.6105053240076
24245.0,3.482122446742822,-44.28897965621643,12.6105053240076
24246.0,2.944536336678293,-44.79705986182972,12.6105053240076
24247.0,2.763155379329477,-44.95143359796231,12.6105053240076
24248.0,3.2023251925952283,-44.52914099821314,12.6105053240076
24249.0,4.750011465591878,-43.04179267841155,12.6105053240076
24250.0,8.305081700268815,-39.713646105850216,12.6105053240076
24251.0,15.285315789726376,-33.2367419535751,12.6105053240076
24252.0,27.275986131572864,-21.54852929048063,12.6105053240076
24253.0,44.970566829472006,-4.618975312631766,12.6105053240076
24254.0,67.24564570152573,16.49691137192041,12.6105053240076
24255.0,91.76136650343074,39.51174178966678,12.6105053240076
24598.0,16.0,-32.40665402875895,12.514541370600996
24599.0,16.0,-32.1228794381425,12.514541370600996
24600.0,16.0,-32.11344372422462,12.514541370600996
24601.0,16.0,-32.16535749001696,12.514541370600996
24602.0,10.93749145291094,-37.147389367283424,12.514541370600996
24603.0,8.958762599960673,-38.94626635116212,12.514541370600996
24604.0,7.001485176460734,-40.76260892017833,12.514541370600996
24605.0,5.24533799375658,-42.48343801813325,12.514541370600996
24606.0,3.848822625075736,-43.80418553636599,12.514541370600996
24607.0,2.937177288665094,-44.68277053773672,12.514541370600996
24608.0,2.6508414290882465,-44.93498304757665,12.514541370600996
24609.0,3.27180952277907,-44.34193719275862,12.514541370600996
24610.0,5.42270690299656,-42.28537488588273,12.514541370600996
24611.0,10.280872917099137,-37.64312182015633,12.514541370600996
24612.0,19.576018124206826,-28.79029413275881,12.514541370600996
24613.0,34.92622195058624,-14.097197398503727,12.514541370600996
24614.0,56.4795085737612,6.186287228189491,12.514541370600996
24615.0,82.20371007021933,30.85778555082981,12.514541370600996
24958.0,16.0,-32.32273020476094,12.42493965045698
24959.0,16.0,-31.97585165882288,12.42493965045698
24960.0,16.0,-31.96402203250851,12.42493965045698
24961.0,16.0,-32.20180195141265,12.42493965045698
24962.0,16.716167301683342,-33.903743744641496,12.42493965045698
24963.0,13.139886020023422,-34.94165068292518,12.42493965045698
24964.0,9.680505620672031,-38.108475546624575,12.42493965045698
24965.0,6.738649473368039,-40.96173818286338,12.42493965045698
24966.0,4.51635220729449,-43.06220124979984,12.42493965045698
24967.0,3.045417425343717,-44.46244169504438,12.42493965045698
24968.0,2.296113929695578,-45.20541697605264,12.42493965045698
24969.0,2.330049221098935,-45.13743430800941,12.42493965045698
24970.0,3.4824843838423565,-44.026196386151,12.42493965045698
24971.0,6.584764540598429,-41.06551801942096,12.42493965045698
24972.0,13.159072940911456,-34.78709122331986,12.42493965045698
24973.0,25.24645967679045,-23.213221267392115,12.42493965045698
24974.0,44.30617587325702,-6.383575197398001,12.42493965045698
24975.0,69.4906549899007,18.92978998594462,12.42493965045698
24976.0,97.4509125774284,45.03316117836852,12.42493965045698
25319.0,16.0,-32.696899118448755,12.316882018570738
25320.0,16.0,-32.006986672452065,12.316882018570738
25322.0,19.46839369299255,-28.9888059147484,12.316882018570738
25323.0,15.341766603360975,-32.70378061514593,12.316882018570738
25324.0,11.019331473870526,-36.77474817101484,12.316882018570738
25325.0,7.354110646981447,-40.21374294569483,12.316882018570738
25326.0,4.667933830350223,-42.7759134872739,12.316882018570738
25327.0,2.9252695601591654,-44.46190494556899,12.316882018570738
25328.0,1.9636993743849176,-45.385937025532975,12.316882018570738
25329.0,1.685640827224539,-45.647947808214,12.316882018570738
25330.0,2.2119664098396004,-45.14284247628101,12.316882018570738
25331.0,4.057654475528559,-43.358531215606895,12.316882018570738
25332.0,8.366347273971757,-39.26071226372305,12.316882018570738
25333.0,17.057073490525333,-30.934510132321165,12.316882018570738
25334.0,32.307200661532995,-16.368366990390204,12.316882018570738
25335.0,54.72526936320534,4.80903644759334,12.316882018570738
25336.0,81.57082137128666,29.96733225762489,12.316882018570738
25682.0,16.444090474470315,-31.553931327834523,12.20772955280239
25683.0,14.024635164139816,-34.247857895532,12.20772955280239
25684.0,10.40210220277216,-40.40923272087523,12.20772955280239
25685.0,6.942030181076044,-40.53176564242904,12.20772955280239
25686.0,4.313812206514674,-43.01642379201135,12.20772955280239
25687.0,2.5982604868728707,-44.650604465361184,12.20772955280239
25688.0,1.625694267851624,-45.59042472308237,12.20772955280239
25689.0,1.23379842596429,-45.97922016681563,12.20772955280239
25690.0,1.418345587234964,-45.81091959707068,12.20772955280239
25691.0,2.4626639413793967,-44.81292242012212,12.20772955280239
25692.0,5.1319066284205,-42.24948617611197,12.20772955280239
25693.0,10.918375368486036,-36.72341897210009,12.20772955280239
25694.0,21.96829764735988,-26.18229125545788,12.20772955280239
25695.0,39.76751645597256,-9.250524552953411,12.20772955280239
25696.0,62.72066988694149,12.5315886506234,12.20772955280239
25697.0,86.33180218584187,34.97646359704306,12.20772955280239
26042.0,10.194795119910534,-40.47463329282202,12.091154039473128
26044.0,8.143656807858221,-43.72165062131104,12.091154039473128
26045.0,5.714959383978336,-41.58333986576631,12.091154039473128
26046.0,3.603477904237225,-43.605294131805046,12.091154039473128
26047.0,2.1498836455988872,-45.00246330343887,12.091154039473128
26048.0,1.3056050023808596,-45.809550643074765,12.091154039473128
26049.0,0.927874245688974,-46.21488947476382,12.091154039473128
26050.0,0.9587361265187986,-46.177203129122354,12.091154039473128
26051.0,1.5330590295041993,-45.60644172545781,12.091154039473128
26052.0,3.115682095721101,-44.08885644363527,12.091154039473128
26053.0,6.71276515717442,-40.68833910845861,12.091154039473128
26054.0,13.962416327701032,-33.79429136740097,12.091154039473128
26055.0,26.349465145810743,-22.06187116360303,12.091154039473128
26056.0,43.1712366581069,-5.981492262160905,12.091154039473128
26057.0,61.135302695196565,10.997321557321706,12.091154039473128
26058.0,77.38965821593784,26.233374098188893,12.091154039473128
26059.0,91.07564475003976,39.486862560100704,12.091154039473128
26060.0,102.20931398819224,50.14663122770208,12.091154039473128
26403.0,5.74518529377025,-42.26837852485254,11.977326040901575
26404.0,5.31300237424638,-42.10616663732375,11.977326040901575
26405.0,4.104207315816049,-43.30008151005007,11.977326040901575
26406.0,2.735986663409342,-44.62635219799281,11.977326040901575
26407.0,1.6812003007118657,-46.15008907333859,11.977326040901575
26409.0,0.7636235086239668,-46.958171067800485,11.977326040901575
26410.0,0.7546611246153653,-46.56134846055857,11.977326040901575
26411.0,1.0681657268313614,-46.25558404991451,11.977326040901575
26412.0,1.954145786447045,-45.41343604426698,11.977326040901575
26413.0,4.001100274125351,-43.45891479015627,11.977326040901575
26414.0,8.21749527710791,-39.57575292065387,11.977326040901575
26415.0,15.591312838493954,-32.57315580515736,11.977326040901575
26416.0,25.913812036224755,-22.689052331631835,11.977326040901575
26417.0,37.661719634547865,-11.539761658987574,11.977326040901575
26418.0,49.63201491563442,-0.2293487164799971,11.977326040901575
26419.0,61.43990678587041,10.87951446696649,11.977326040901575
26420.0,72.88640364316686,22.02496317320088,11.977326040901575
26763.0,3.029480866205832,-46.32293157269928,11.872153827278307
26764.0,3.023466015463422,-44.27610248757616,11.872153827278307
26765.0,2.604632045357646,-44.60365130928623,11.872153827278307
26766.0,1.915026129373906,-45.43213525332206,11.872153827278307
26770.0,0.7723973962114684,-46.51096254531904,11.872153827278307
26771.0,0.941710251891877,-46.298805659261255,11.872153827278307
26772.0,1.3785074072521564,-45.91215540992101,11.872153827278307
26773.0,2.3736051084808505,-44.95160337263585,11.872153827278307
26774.0,4.454914586828285,-43.15825002626956,11.872153827278307
26775.0,8.233845456296237,-39.43672539408662,11.872153827278307
26776.0,14.026544712310487,-33.88257647666334,11.872153827278307
26777.0,21.97424039275824,-26.24751335876075,11.872153827278307
26778.0,32.47511773121361,-16.361391739927086,11.872153827278307
26779.0,45.800426373778784,-3.8468952750142447,11.872153827278307
26780.0,61.43671192316073,10.77451920199976,11.872153827278307
27123.0,1.745784224606757,-47.491822373256845,11.721337414070517
27124.0,1.6642060269044516,-49.76171500133491,11.721337414070517
27130.0,0.9270575865749456,-46.26311271545092,11.721337414070517
27131.0,1.0040066149275928,-46.174580571270255,11.721337414070517
27132.0,1.1613054270409306,-46.0080077684672,11.721337414070517
27133.0,1.5301421765001195,-46.321321317599136,11.721337414070517
27136.0,8.514814073782635,-39.44778054830799,11.721337414070517
27137.0,15.913878736171098,-31.983613369068056,11.721337414070517
27138.0,27.86144400181564,-20.64785761775975,11.721337414070517
27139.0,44.44852090929491,-4.895999709460077,11.721337414070517
27140.0,63.63793219270959,12.936254073878851,11.721337414070517
27478.0,5.916001232017541,-41.50095433683982,11.516531126358023
27483.0,1.169297689311292,-46.32114802122111,11.516531126358023
27484.0,0.964136602242392,-47.57924348348433,11.516531126358023
27490.0,1.025017432760071,-46.7642125032434,11.516531126358023
27491.0,1.0441733051678683,-48.169209063971614,11.516531126358023
27492.0,1.0744988020765964,-49.03861394806785,11.516531126358023
27493.0,1.1928540910412666,-580.2674202548094,11.516531126358023
27496.0,7.319100049509211,-386.9185394226005,11.516531126358023
27497.0,15.517506648620875,-32.43803683776558,11.516531126358023
27498.0,28.66986219808248,-19.719435402318943,11.516531126358023
27499.0,45.41552503215672,-3.9538438237978055,11.516531126358023
27500.0,62.447695526888175,11.8758170143667,11.516531126358023
27843.0,0.8134245339701172,-46.107242126914976,11.28041778599317
27844.0,0.5704611177207709,-93.52234865395371,11.28041778599317
27854.0,1.9251715695227969,-45.37263364529471,11.28041778599317
27855.0,3.664504271368451,-43.69409273659824,11.28041778599317
27857.0,15.917841503264976,-32.465461392445405,11.28041778599317
27858.0,27.430412881885896,-20.91819404921053,11.28041778599317
27859.0,40.39999268188133,-8.880364287395834,11.28041778599317
27860.0,52.47038212512636,2.824120201848189,11.28041778599317
27861.0,62.64087120464865,12.206398069122775,11.28041778599317
28197.0,6.803995556295428,-44.71814757550551,11.078436141596564
28198.0,6.694771660729354,-94.21504847505362,11.078436141596564
28204.0,0.3554994645004233,-47.636531855320186,11.078436141596564
28214.0,4.37131373222808,-394.1843079411658,11.078436141596564
28215.0,6.56860114668748,-72.3143062182049,11.078436141596564
28217.0,15.48235684152844,-32.523963613436294,11.078436141596564
28218.0,23.1024717232982,-24.985195361774306,11.078436141596564
28219.0,31.5569760606506,-17.090032434611917,11.078436141596564
28220.0,39.660497681298224,-9.304647989696086,11.078436141596564
28221.0,47.005208822339306,-2.543941365869768,11.078436141596564
28222.0,53.7224320358979,4.223508810062928,11.078436141596564
28550.0,5.757012265994992,-42.03122231841576,10.877262767438
28551.0,4.547158662019884,-62.71092687667833,10.877262767438
28557.0,7.335857099657806,-43.38875797430056,10.877262767438
28558.0,7.477504608347186,-39.81581367196523,10.877262767438
28571.0,2.676372264681046,-44.6354073670219,10.877262767438
28577.0,16.542037819331938,-33.86041199101641,10.877262767438
28578.0,19.053275978351017,-29.09690889867142,10.877262767438
28579.0,23.572823274367742,-24.837631946027265,10.877262767438
28580.0,28.92504660634469,-19.824866275040137,10.877262767438
28581.0,34.426195112532135,-15.733867738847742,10.877262767438
28582.0,39.87332501817075,-9.290651039989326,10.877262767438
28583.0,45.2407801236891,-4.235156178297061,10.877262767438
28909.0,16.875691549567474,-31.912907147119977,10.666527324817343
28912.0,4.9891554127537,-42.21102819317494,10.666527324817343
28913.0,5.440216475687733,-157.268214415463,10.666527324817343
28914.0,6.018812516844158,-58.893630319432894,10.666527324817343
28915.0,6.68842969319062,-42.8618119939237,10.666527324817343
28916.0,7.478586334137194,-59.08437736642682,10.666527324817343
28937.0,23.93747718496701,-24.53552480850292,10.666527324817343
28938.0,19.08005911982504,-29.240638814850737,10.666527324817343
28939.0,19.23326510986028,-28.950130195957364,10.666527324817343
28940.0,22.0769581441313,-26.283015256640763,10.666527324817343
28941.0,25.98764232119436,-22.632976993160536,10.666527324817343
28942.0,30.23568292764307,-18.47809975673397,10.666527324817343
28943.0,34.53192542544844,-14.376163697550112,10.666527324817343
29275.0,7.488353037829839,-39.72298341637511,10.440918279882466
29276.0,8.896734084431458,-38.363080093963326,10.440918279882466
29297.0,43.60534019355494,-5.804085551857837,10.440918279882466
29298.0,27.205609559899653,-21.20878548824529,10.440918279882466
29299.0,20.792336746890875,-27.366886760568864,10.440918279882466
29300.0,20.32559695003843,-27.84167957840581,10.440918279882466
29301.0,22.36625045387292,-25.907952861938057,10.440918279882466
29302.0,25.21782298637113,-23.15723591382569,10.440918279882466
29303.0,28.191132838244712,-20.219554258097222,10.440918279882466
29304.0,30.977440584845063,-17.706740610173473,10.440918279882466
29651.0,18.38619971714959,-29.487513855099643,10.248115961025912
29657.0,79.84037150295029,14.613823004136504,10.248115961025912
29658.0,48.39023722194802,-9.365109600710026,10.248115961025912
29659.0,31.92324173802352,-16.84425998304327,10.248115961025912
29660.0,26.28578254869445,-22.206527946809857,10.248115961025912
29661.0,25.48882616785114,-22.896258958544184,10.248115961025912
29662.0,26.21768193800695,-23.519310401284795,10.248115961025912
29663.0,27.173103814609803,-21.24235935083225,10.248115961025912
29664.0,27.929341664217727,-20.53185570040678,10.248115961025912
29995.0,14.445184853719264,-33.15639615867052,10.088045704255332
30010.0,9.27148489360592,-38.16675416088168,10.088045704255332
30011.0,21.201817472899435,-134.59205042536962,10.088045704255332
30020.0,43.92284368865399,-8.202397489818395,10.088045704255332
30021.0,38.472095481980745,-12.2988821102635,10.088045704255332
30023.0,32.612475581783045,-16.922895302092204,10.088045704255332
30024.0,30.029063574341627,-18.491781275115976,10.088045704255332
30370.0,9.71333632893304,-37.92280893955868,9.920509753225597
30371.0,22.08231850006254,-27.487237067860463,9.920509753225597
30383.0,44.07267829483019,-20.647755795673497,9.920509753225597
30384.0,36.5612727404794,-12.441917913916107,9.920509753225597
30709.0,60.227967523581285,-1.1858405423467515,9.799737686511891
30710.0,18.37212554284872,-30.63949749097794,9.799737686511891
30730.0,10.344911788040216,-38.62864899646839,9.799737686511891
30731.0,22.408411214264493,-674.8035925889615,9.799737686511891
30741.0,90.1047928903556,38.88691917685264,9.799737686511891
31430.0,36.63164951875996,-13.519790100206777,9.660120869144636
31444.0,55.862010749820286,-20558.527092564866,9.660120869144636
31445.0,14.470729766626466,-33.22708515064146,9.660120869144636
31449.0,8.54898116076282,-325.76169719932426,9.660120869144636
31451.0,25.67665812595048,-27.541334437942293,9.660120869144636
31809.0,11.381284309664489,-38.320496490501135,9.581168751354914
31810.0,17.95169487332769,-31.009798141704856,9.581168751354914
31812.0,54.950850620843326,4.71665120306035,9.581168751354914
32168.0,9.77509958847788,-37.72831455337593,9.488598556187974
32169.0,14.927912487732176,-445.2687613588751,9.488598556187974
32170.0,23.088306441158693,-26.40045138133701,9.488598556187974
32171.0,36.72431884435873,-12.590414553803347,9.488598556187974
32528.0,12.0636302887919,-35.48665710260722,9.355285949204928
33606.0,1.4078661543622898e-184,-47.11931899569685,9.148563657501509
33607.0,3.909514262597971e-180,-47.1174018999874,9.148563657501509
33608.0,14.51328968816813,-33.21858188925419,9.148563657501509
33699.0,70.0,19.87067257000773,10.124693698129692
33967.0,1.4861704351160447e-176,-47.11516289309339,9.11145485327822
34056.0,70.0,13.031822865188374,8.012978849804623
34057.0,70.0,14.3621563982051,9.32926279138633
34058.0,70.0,16.20265697325669,11.364311913952053
34059.0,70.0,-63.508056627053605,9.733152362238442
34060.0,70.0,11.158838805867129,9.749911509699292
34061.0,70.0,8.958963331884513,8.61069972871569
34062.0,70.0,17.506033137754443,7.960039950156757
34326.0,2.6462029601488315e-177,-47.1640788364338,9.227970734725387
34415.0,70.0,14.759712330466446,8.012276678616344
34416.0,70.0,-197735.3649085576,9.921028249207168
34417.0,70.0,17.724550482365228,10.377422989308556
34421.0,70.0,-429.7839838558481,8.565838049132813
34775.0,70.0,7.4597527662818015,11.258704042105954
34777.0,70.0,17.0760491871089,12.00638200144068
34778.0,70.0,12.757967092701008,15.909785541747569
34779.0,70.0,19.574039208171403,15.22247993700277
34780.0,70.0,18.769617135340468,10.64543075094874
34781.0,70.0,15.516029813057065,9.342859501473356
35134.0,70.0,-720.3682530805963,8.443541292324058
35135.0,70.0,16.117127139564587,14.70182490622194
35138.0,70.0,-322.9119738197593,11.857930074175616
35139.0,70.0,19.81335758696769,15.797541218737376
35140.0,70.0,20.20386403198583,12.27857401210105
35141.0,70.0,11.936627083753484,9.55928612991161
35142.0,70.0,-40.96481151187374,9.230860929954662
35376.0,29.588962415820102,-19.387696910871448,8.513030553114712
35495.0,70.0,19.636683037361127,12.159704072852072
35498.0,70.0,19.287400580358725,14.84639892977777
35499.0,70.0,19.104865929939816,12.082914732495944
35500.0,70.0,19.801640706123568,12.205170978997453
35501.0,70.0,15.58136512647457,10.456147063541277
35502.0,70.0,16.149642041486633,10.647619027512857
35736.0,29.007730821659266,-21.078543671630303,8.329342502186597
35855.0,70.0,17.2410603181524,11.925904662080026
35858.0,70.0,20.155121945231155,14.956566367737295
35859.0,70.0,20.61474711285884,15.912862771463576
35860.0,70.0,19.189003582333086,8.917021035424867
35861.0,70.0,18.943105925647178,12.121001691881936
35862.0,70.0,19.28718085518695,13.101224715185216
36094.0,23.19975878638311,-25.680660500492746,8.32145480585247
36095.0,25.50296435823985,-23.68323729089305,8.32145480585247
36096.0,28.305672740774728,-21.145468426131945,8.32145480585247
36215.0,70.0,-183.15728846957208,10.260226484443258
36218.0,70.0,-724.4109815043292,11.274526584841771
36219.0,70.0,20.302483829110088,16.34321363168133
36220.0,70.0,18.39363479433037,8.341098263150649
36222.0,70.0,-92.396887825485,9.52847632671977
36575.0,70.0,20.009726305451284,8.524388869447035
36577.0,70.0,-18.64886594919231,12.928530761904796
36578.0,70.0,19.3997926150918,13.718551543979592
36579.0,70.0,19.992276320254096,13.613348517176076
36580.0,70.0,19.27649843095289,8.331797414986156
36581.0,70.0,19.39377816420812,7.872951433034737
36937.0,70.0,-199.9279790052264,13.853676767352423
36938.0,70.0,15.40676809082363,11.65543445412946
36939.0,70.0,19.459509224204027,13.708283621893626
36940.0,70.0,8.18384291721905,7.643736812032843
36941.0,70.0,17.00152065910034,7.7270254337708995
37659.0,70.0,18.84250522536088,13.67694575779968
45534.0,61.45876153757492,8.021192708635748,13.263657958786348
45893.0,47.32357631254644,-7.805292844745645,13.150136330268886
45894.0,47.09364300638925,-7.857642057882597,13.150136330268886
45895.0,47.16865142373549,-6.615997431647293,13.150136330268886
45896.0,47.88301380122304,-5.268359926918565,13.150136330268886
45898.0,52.60300325738534,-1.9803539778177912,13.150136330268886
45913.0,91.4180046665908,36.4886755657047,14.52366350569845
45914.0,89.92255675595838,34.480142651182085,14.958716854389486
46253.0,36.332062136343815,-15.803655922007795,13.533545880231024
46254.0,37.07220495202184,-16.688858973004862,13.533545880231024
46255.0,38.338599827628485,-13.877622283715008,13.533545880231024
46256.0,40.32453547470183,-11.918402948342374,13.533545880231024
46257.0,43.20166144990317,-12.302923932106967,13.533545880231024
46258.0,47.094710109564446,-6.416525797165151,13.533545880231024
46259.0,52.10899074612513,-2.0877909577475355,13.533545880231024
46276.0,90.385546522329,35.616707154749335,14.364510619116572
46613.0,31.317665637554363,-20.689678428362576,13.738828539658744
46614.0,32.70983122394693,-19.814741612419265,13.738828539658744
46615.0,34.70698159952401,-17.635930283572208,13.738828539658744
46616.0,37.359350425403086,-14.965099692366174,13.738828539658744
46618.0,44.7851992119513,-8.228377661455548,13.738828539658744
46619.0,49.70248545669583,-7.785346845865374,13.738828539658744
46622.0,71.14991495036274,14.989793379976907,13.63903268358447
46636.0,88.8836129548496,30.93025064002135,17.254285275952636
46973.0,32.789706866673,-18.61146155622196,17.415163185730485
46974.0,34.29590423727225,-17.191514094299535,17.415163185730485
46975.0,36.33935970688041,-15.483620669097212,17.415163185730485
46976.0,38.86759292061078,-13.970854140665557,17.415163185730485
46977.0,41.861493102234526,-10.09679315289776,17.415163185730485
46978.0,45.37911607959186,-6.859786873518579,17.415163185730485
46979.0,49.558182535992366,-4.357470768087563,17.415163185730485
46980.0,54.58239065715266,-2376.090384203479,14.53038215263176
46988.0,101.91804732792563,40.93333824088602,15.040852446023534
46989.0,96.13612273706146,33.931781181970315,15.334499864516816
46995.0,84.68569589398302,30.03634227944163,18.036197354638976
46996.0,86.6845242742416,31.84336862017466,15.136305355399111
46997.0,89.07177109784104,15.551692216958006,14.215122743282937
47334.0,41.37790779871599,-11.584192676896455,14.926131790727124
47335.0,42.8132912441001,-9.906443953633248,14.926131790727124
47337.0,46.31485983837276,-6.572803565254198,14.926131790727124
47339.0,51.41543451601009,-1.8801396446823644,14.926131790727124
47340.0,55.11546331656238,1.5987425351512667,14.972841439762458
47341.0,59.84610505280405,4.760949489399358,16.925452486222447
47353.0,79.97059227369749,24.517200638878048,16.66241286035629
47354.0,80.63711760253575,25.66346129106846,18.360123734461105
47355.0,82.13427396034082,27.046880295187144,14.561635836890217
47691.0,51.23750097799078,-1.5921563756374832,22.6098334320176
47692.0,51.65267719663554,-1.6438110579876717,22.6098334320176
47693.0,52.26311003555685,-0.5670019079478431,22.6098334320176
47694.0,52.889500735946605,0.2474991408751674,22.6098334320176
47695.0,53.34569326791068,0.0780296974013944,22.6098334320176
47696.0,53.569237694166176,0.4444428707074034,22.6098334320176
47697.0,53.71432190626503,0.8605601653685083,22.6098334320176
47698.0,54.1162188058242,1.069188567221149,22.6098334320176
47699.0,55.15769702482794,2.054621537594952,22.6098334320176
47700.0,57.14934250276882,3.8558790112349146,24.22135720755363
47702.0,37.61208530812325,-14.516244090376,19.56575053009859
47709.0,87.95157638898533,32.376114930834675,14.881503513674623
47711.0,78.6310903444939,22.5744359417918,15.273277339524627
47712.0,78.05459217636707,23.59534941673188,16.412637906389055
47713.0,78.09447626855417,22.82170439681836,19.764850224053298
48052.0,66.08097400746968,11.81107450086117,17.091184786268144
48053.0,66.89692388411524,13.265272979662983,17.091184786268144
48054.0,67.22241642224417,13.461984656061835,17.091184786268144
48058.0,23.727901438921965,-27.37920358726783,17.091184786268144
48059.0,23.9228297985792,-27.1035199976537,17.091184786268144
48060.0,25.41109053069208,-25.75846421962022,17.267501298506456
48061.0,27.897934659208115,-23.599163635191648,16.958637967422927
48062.0,31.01198744735095,-20.887233657127684,19.039905473637045
48063.0,34.398311856446334,-17.564669168867045,16.226420875796833
48064.0,37.839245789676525,-14.565700280118596,15.521301419950266
48065.0,41.32874895110399,-11.173329022235428,16.590145033550375
48066.0,45.08096017063232,-7.649533600499702,16.474942140062755
48070.0,77.87484823672212,21.622481293395808,15.42205534237522
48071.0,77.37160782279398,22.01489146855028,17.59127808513441
48072.0,77.17576438113096,22.30181751646246,18.31372036279258
48073.0,77.35356484118854,20.739425988844665,15.233570487596552
48419.0,23.877126081695017,-27.378472821510456,17.138288834588845
48420.0,23.93291700522576,-27.346369420021883,17.196307318267053
48421.0,25.045444462036738,-26.29682940489112,17.90627385328987
48422.0,26.856206549198205,-24.849539107086137,19.609438281493915
48423.0,29.03687226384934,-22.84010534656927,22.753815353744827
48424.0,31.357287823983896,-20.47705144856684,17.318813857170618
48425.0,33.73151557315921,-18.50040899573676,21.547005006516127
48426.0,36.2236818181344,-16.237657741344137,25.0
48427.0,78.19292313149842,22.55995440807756,19.23626360261209
48428.0,77.71055515716925,20.090436412808568,17.61977001161014
48429.0,77.27076779705786,19.61960500694737,19.46527300653328
48430.0,76.93782976525739,21.57196743436793,18.64134794179065
48431.0,76.77033720708752,21.61394885549992,16.04688015469374
48779.0,26.309209686133844,-25.3061654614588,18.029542885958
48780.0,25.01292107694852,-26.491326028685545,18.39579506743825
48781.0,24.914174528727365,-26.809236903286763,19.331405110131143
48782.0,25.632257926561344,-26.178069428851074,22.10633672364425
48783.0,26.845141689047047,-27.267531435347536,21.24499431739069
48784.0,28.317240842238714,-24.21962080501915,20.26709425536742
48785.0,29.918844253678216,-22.198871176094983,19.479132472722988
48786.0,31.62499693745453,-20.67270217783528,25.0
48787.0,76.63433437946355,20.62634756155456,25.0
48788.0,76.34105813728596,21.25414831917837,17.547348590267905
48789.0,76.1039200520912,20.30961728782418,17.222386702085466
48790.0,75.97535217376094,20.76741211125052,17.15001608037198
48791.0,76.00177894242843,20.41699644336434,17.812210277089257
48792.0,76.21871582075192,18.42218872317142,16.371921012005608
49138.0,35.23560447230561,-17.42351893716091,18.74255967363281
49139.0,30.95219218095609,-21.37495279010086,18.74255967363281
49140.0,28.54379330045955,-23.961616851086337,18.569316345920136
49141.0,27.49213639088541,-24.55682186141658,18.788052566613388
49142.0,27.37362377434107,-24.71753155088888,19.24008479886734
49143.0,27.856784977115645,-24.43321904048993,18.92420546433022
49144.0,28.703790747298328,-23.449360102633985,19.446710180473865
49145.0,29.767610307094248,-22.5019471893854,19.95598548975506
49146.0,34.14562747446775,-18.3823821648532,20.629658430312897
49147.0,30.90751160896961,-21.72605834863329,25.0
49148.0,27.847306793843828,-24.71761678505865,25.0
49149.0,24.97203055834984,-27.14412723502543,25.0
49150.0,74.54679473759693,18.42915990481105,25.0
49151.0,74.66827912333815,18.399726872746125,24.909693474093565
49152.0,74.98669436511528,18.056976569901504,25.0
49153.0,75.52008873620596,19.612375771520025,24.51482369745605
49498.0,41.71992376744221,-11.491439492469818,18.64379575535336
49499.0,36.59889734269024,-16.279405367733666,18.64379575535336
49500.0,33.50445019663982,-19.19250514963124,18.81378509984779
49501.0,31.85636852325686,-20.7241314243672,18.67917131881227
49502.0,31.19845154541468,-21.294200058724225,19.271157818672528
49503.0,31.19041111735977,-21.25125654218237,19.55665617857764
49504.0,31.596278421872256,-20.89682592000433,20.414652810011027
49505.0,32.268073216396665,-20.30685413133672,19.770945059751103
49506.0,33.12504271143995,-19.55236120747248,20.32562236781036
49507.0,27.752417572824186,-26.14856170870739,21.35276474192095
49508.0,25.062403360267616,-27.05094393560692,21.41129925606121
49509.0,22.5412024305674,-29.38495344338897,21.8682314324368
49855.0,81.89567221526909,26.07215006678148,20.125427548175367
49856.0,66.05716920547809,11.260289370769874,20.125427548175367
49857.0,54.62089538988807,0.4988262639228263,20.125427548175367
49858.0,46.696909893225246,-6.959783383372789,20.125427548175367
49859.0,41.46278093635559,-11.849666543195594,20.125427548175367
49860.0,38.20682615989581,-14.975671273632258,20.00834214786788
49861.0,36.3464224867182,-16.78876002780231,19.725989264661727
49862.0,35.429743043094206,-17.939824666430834,19.219261104555848
49863.0,35.12727680752202,-17.949889856726607,19.416943616002136
49864.0,35.21649472333437,-17.73340288458131,19.4873689843728
49865.0,35.561235847304495,-17.36793895735396,20.784234810838434
49866.0,36.08773330123896,-16.954458320833176,20.28008368356525
49867.0,36.76069308081784,-16.306485489303387,20.359557773017137
49868.0,69.84105559171813,14.57651848067948,22.63319570893328
49869.0,66.93563324979041,11.83443497136894,22.90542666640752
49870.0,64.92385323673994,9.983199569195383,22.000177222072
49871.0,64.02878241142264,9.002386972698465,21.55678652926484
49872.0,64.39930436162689,9.620910118078122,21.539400521149865
50218.0,48.84195421461733,-5.100127997837332,19.04194120133868
50220.0,41.19912703350357,-12.4061283540335,19.761742096251872
50221.0,39.44937368240107,-13.989378529819064,20.215798167990645
50222.0,38.498359339868,-15.102874156445974,19.808426518551887
50223.0,38.052920495147966,-15.272106269940116,19.797876881438185
50224.0,37.91913312827722,-15.328278791416595,20.277231053317205
50225.0,37.98350147697378,-15.323574034386102,21.19533995945583
50226.0,82.80157506324494,26.46135867903844,21.3148273430245
50227.0,79.40051480171473,23.42598927428645,21.5712638502602
50228.0,76.39132223883267,20.53252478784412,20.30088626618312
50229.0,74.0527382416675,18.377437532744416,21.53865314141745
50230.0,72.67145163571473,16.95976997451302,21.845040199119016
50231.0,72.4884013669871,16.802867918754394,22.422321554627985
50232.0,73.64105084937519,17.72885190015483,23.17728884512135
50575.0,46.47085827995547,-12.266094091937722,19.09598515672836
50582.0,39.74690692296896,-13.82107458073008,20.179645231875813
50586.0,86.09932992061921,29.24288200477583,22.57102952197608
50587.0,83.43536627243935,26.850885814372656,21.161245767245745
50588.0,81.20176480490146,24.58591825957645,21.60975536931624
50589.0,79.67132710590843,23.519273553565466,22.771162496557807
50590.0,79.11780170612296,22.95200428258513,23.153692590068488
50591.0,79.7533404125517,23.61227522343183,23.444824511043883
50592.0,81.66407044875892,25.30733292265129,24.21410588411301
50936.0,43.9449010664857,-10.196715726864952,20.002849987801167
50937.0,44.774320378398535,-9.238700890181027,20.002849987801167
50938.0,45.45839207477994,-8.641194937149601,20.002849987801167
50939.0,45.93165443364283,-8.265360902192434,20.002849987801167
50940.0,46.14547692787301,-8.064878256462366,19.856381115529057
50946.0,86.539936216264,29.540922802606616,20.1505803633334
50947.0,84.68405880323056,27.515883498137665,20.876242593012847
50948.0,83.31204606622242,26.50022036317444,22.057385436003813
50949.0,82.66597210433538,26.09004667273918,21.767560727177973
50950.0,82.97345217093105,26.416159420603208,22.69879916376931
50951.0,84.38629570325337,27.683066158273096,21.64047523009479
50952.0,86.92360738956117,29.944858799947266,20.91907130020129
50953.0,90.44993741405555,33.171278518990526,20.901941163876245
50954.0,94.70507728762212,37.28074395891315,20.97431237890408
51296.0,40.076991484358416,-13.662254051290084,20.00603300244835
51297.0,41.04253331785665,-12.96021933640564,20.00603300244835
51298.0,41.91955065704041,-12.482332716026,20.00603300244835
51299.0,42.64523046148086,-11.33841413422307,20.00603300244835
51300.0,43.16742608007061,-10.975949277750336,20.2343450959248
51301.0,43.44863521021692,-10.729597596283227,20.297174751486647
51307.0,82.84288746271696,26.15546024048875,20.684549191530216
51308.0,82.30827132232938,25.56461855622069,20.659834285916347
51309.0,82.50047936888593,25.60853805229185,20.75209522793993
51310.0,83.58802837408464,26.70069173699282,20.88479369182256
51311.0,85.65815706909373,28.40442611294938,20.966080904264047
51312.0,88.67500006318502,31.50175666005145,20.853001386064378
51313.0,92.47250326744611,34.12154850321616,21.038704819752247
51314.0,96.79133019562828,38.89317351048999,20.96588352345654
51657.0,36.86622087302476,-17.103196262544447,20.52808481199724
51658.0,37.87585728388605,-16.294723716067914,20.52808481199724
51659.0,38.79867148264802,-15.144868790277592,20.52808481199724
51667.0,78.12787861979932,21.515074692580235,21.06287658848439
51669.0,79.29733478415795,22.34894404587957,20.927149398595844
51670.0,81.04068526495,23.701285660807503,21.11466674771257
51671.0,83.63177745506862,26.502513935949388,21.38613280246249
51672.0,87.00467779509964,29.707340512352744,21.49400740392082
51673.0,90.99132989312496,33.34655523347143,21.769588039930333
52012.0,28.47865863166145,-24.80267194106821,20.43203321467561
52013.0,28.979233707453755,-24.579596029915766,20.43203321467561
52014.0,29.66439557181605,-25.41080577078003,20.43203321467561
52016.0,31.46729118415661,-23.411122855402617,20.43203321467561
52017.0,32.50348771924113,-23.453701610257863,20.43203321467561
52018.0,33.56593926780837,-20.31749822721108,20.43203321467561
52029.0,73.62932736168236,17.012727538697757,21.618649544538528
52033.0,86.5681575567276,28.944406583535304,21.03853914601453
52375.0,26.4632233439512,-27.119845224269675,20.497100702329337
52376.0,27.32840421130136,-26.19426824618902,20.497100702329337
52377.0,28.2984147752327,-25.663435116271977,20.497100702329337
52393.0,39.00467515841376,-15.640854622206726,22.19810980214784
52735.0,23.022856780079152,-30.34012956935189,20.86137756946232
52736.0,23.787157098073298,-29.69408875709676,20.86137756946232
52753.0,32.927335368020216,-21.374933079007977,23.719927098293784
52754.0,33.201781464949896,-21.133908433377464,23.464567806310864
52755.0,33.212961462161445,-21.153488244475422,23.14661914667853
52756.0,32.953202066408494,-21.4745983947194,22.044348697890914
53093.0,19.45517173504309,-33.834473497418784,21.248569583518893
53094.0,19.90874722694722,-33.359397149883954,21.248569583518893
53095.0,20.497106523724625,-33.60756343361707,21.248569583518893
53096.0,21.20756034498515,-32.391841910628195,21.248569583518893
53097.0,22.02442507530123,-14122.2422467228,21.248569583518893
53112.0,27.758986590859568,-26.47491400910642,23.63567770146121
53113.0,27.822493942069737,-26.344741023887416,24.5294945622898
53114.0,27.70070211124485,-26.50946407651728,24.84804035213433
53115.0,27.3900459237277,-26.80029070634836,24.23792466477641
53116.0,26.90656268455051,-27.32002781381868,22.982082899584817
53118.0,25.57196494435552,-28.62158098381176,22.706870702597406
53455.0,19.10519611236418,-1331.9937131884883,21.51226686435948
53456.0,19.844180969738893,-43.70451096800579,21.51226686435948
53466.0,13.651011913688604,-39.71588812579037,25.0
53467.0,11.965454125305886,-41.33394090075021,25.0
53468.0,10.43942949301623,-42.743634484612166,23.75995991759138
53471.0,23.67605086234091,-30.451447983579914,23.32181853114589
53472.0,23.49081983938073,-30.656700721648622,23.32044413877848
53473.0,23.17630078609241,-30.965379431950748,23.719927098293784
53474.0,22.73828519545871,-31.403130332412644,23.693508157199048
53475.0,22.19475881636567,-31.933375513792296,24.03231206328157
53476.0,21.573839070477543,-32.53631212292473,23.69248686293057
53825.0,18.258076607133376,-35.73685895182675,22.819235664333725
53826.0,16.143361557017435,-37.6073047599569,25.0
53827.0,14.21274306004289,-39.30782632112206,25.0
53828.0,12.455854495293895,-41.03529141635506,25.0
53829.0,10.86274239380192,-42.56435037809391,25.0
53831.0,8.129861728409715,-45.11392511528561,24.716203926046667
53832.0,19.14932373886744,-34.88396752121609,24.78914901782265
53833.0,18.59234198553447,-35.440957823414934,24.36499179779016
53834.0,17.99271384570823,-35.99261329763423,25.0
53835.0,17.37337680248485,-36.61952817942898,24.659369065943324
53836.0,16.75739936216873,-37.18974826854226,24.51899165734396
53837.0,16.165299028926533,-38.09965076076976,24.41334595345145
54185.0,20.6124368202668,-33.784967214749074,24.671603310716456
54186.0,18.28921992852185,-35.860948140772955,25.0
54187.0,16.157748138498654,-37.795762411970784,25.0
54188.0,14.208722243554588,-39.66491471895465,25.0
54189.0,12.433058235897304,-41.260887280656895,25.0
54190.0,10.821858335827434,-42.90802212373119,25.0
54191.0,9.366374759530771,-44.15012402822956,25.0
54192.0,8.057969224259017,-45.3728932557044,25.0
54193.0,13.99817768204899,-39.846349943667285,25.0
54194.0,13.442978286335798,-40.38640327167079,25.0
54195.0,12.92513758995934,-40.88939252392252,25.0
54196.0,12.452626401427356,-41.37222279184948,25.0
54197.0,12.029954262251367,-41.80822813627887,24.77915708762552
54545.0,22.168868199818,-32.48056086993239,25.0
54546.0,19.708320312910622,-34.68897602919849,25.0
54547.0,17.440582252527744,-36.826007673456616,25.0
54548.0,15.357839473673383,-38.75357638410246,25.0
54549.0,13.452329709569169,-40.55513454029717,25.0
54550.0,11.7163234999557,-42.26645471227542,25.0
54551.0,10.142099431586692,-43.61967730935124,25.0
54552.0,8.7219178638824,-44.94219501811711,25.0
54553.0,9.719170043918844,-44.01139498562047,25.0
54554.0,9.357332996267688,-44.39087477734379,25.0
54555.0,9.044084125351027,-44.69992980671191,25.0
54556.0,8.777290257023616,-44.98218531807802,25.0
54906.0,19.97267830706683,-34.75188551461229,25.0
54907.0,17.644622248800363,-36.851191965984704,25.0
54908.0,15.499023832592115,-38.858271751022855,25.0
54909.0,13.530102357084395,-40.69295446681226,25.0
54910.0,11.73206989353318,-42.3853864251282,25.0
54911.0,10.09911033771004,-43.90819729426007,25.0
54912.0,6.418342642783723,-47.33573933260289,25.0
54913.0,6.229946633083759,-47.46741281793024,25.0
54914.0,6.078965588900334,-47.6352733340545,25.0
54915.0,5.961815417593086,-47.77409178031792,25.0
54916.0,5.874872036681666,-47.87951494850911,25.0
54917.0,5.81464687936869,-47.99312263390939,25.0
55240.0,18.0,-36.46002728933357,23.536746375986297
55241.0,18.0,-36.46633627043351,23.536746375986297
55268.0,14.21700646276486,-40.3692439650621,24.325864859777944
55269.0,12.27183957462356,-42.171637401225325,25.0
55271.0,8.906689513545947,-45.26826765516567,25.0
55272.0,3.827038081543199,-49.95501989037593,25.0
55273.0,3.7968554613684415,-49.98074817451901,25.0
55274.0,3.787132913072313,-50.045508366434326,25.0
55275.0,3.795622717116359,-50.04595970228013,25.0
55276.0,3.820262012112702,-50.39769596263959,25.0
55277.0,3.859186931393691,-50.01289192751574,25.0
55278.0,3.910733433052878,-49.991541245978816,25.0
55279.0,3.973428300973348,-49.94166316421527,25.0
55598.0,18.0,-36.49048153355667,24.22341270819516
55599.0,18.0,-36.50543338166518,24.22341270819516
55600.0,18.0,-36.52787154208665,24.22341270819516
55601.0,18.0,-36.41000830450798,24.22341270819516
55602.0,18.0,-36.646484907928176,24.22341270819516
55603.0,18.0,-36.8015117201581,24.22341270819516
55604.0,18.0,-36.75349692937767,24.22341270819516
55605.0,18.0,-36.877781855433305,24.22341270819516
55631.0,6.60475438999586,-47.67242464473345,25.0
55632.0,5.424944290976686,-48.70144245644843,25.0
55633.0,4.4351069497390085,-49.566043213147545,25.0
55634.0,2.3911953025670374,-51.50625930692685,25.0
55635.0,2.4543957987549176,-51.49934648116227,25.0
55636.0,2.5257070197998583,-51.44030726769935,25.0
55637.0,2.6042588259942145,-51.35866562189512,25.0
55638.0,2.6892383665215323,-51.36691324490824,25.0
55639.0,2.779885204285044,-51.24263565855021,25.0
55640.0,2.875486737194275,-51.19414495578594,25.0
55956.0,18.0,-36.51949454145116,24.741617242339984
55958.0,18.0,-36.51572053154565,24.741617242339984
55959.0,18.0,-36.65793172660422,24.741617242339984
55960.0,18.0,-36.55138335519296,24.741617242339984
55961.0,18.0,-36.56943530323693,24.741617242339984
55962.0,18.0,-36.70644610956902,24.741617242339984
55963.0,18.0,-36.6105941569662,24.741617242339984
55964.0,18.0,-36.69717472874692,24.741617242339984
55965.0,18.0,-36.7217069499717,24.741617242339984
55992.0,3.384402718153241,-50.47316154648101,25.0
55993.0,2.897305413226061,-50.97729395721268,25.0
55994.0,2.608723398061671,-51.14291135560656,25.0
55995.0,1.6769480256242209,-52.17353046375265,25.0
55996.0,1.751983419904248,-52.11818673891041,25.0
55997.0,1.830341629931387,-52.03075137112652,25.0
55998.0,1.911597314839796,-51.95504479476246,25.0
55999.0,1.9953423472983267,-51.89953674041587,25.0
56000.0,2.081188079289088,-51.84555719575378,25.0
56001.0,2.16876748802854,-51.77440483910115,25.0
56353.0,2.784890093780146,-50.9986111008449,25.0
56354.0,3.166532673496487,-50.61348897894669,25.0
56355.0,1.1962863215341435,-52.46702400580792,25.0
56356.0,1.2556083057473575,-52.5310413391473,25.0
56357.0,1.3163269951232652,-52.47224520527698,25.0
56358.0,1.3782538008829817,-52.43135178768251,25.0
56359.0,1.4412121794672474,-52.40246245747472,25.0
56360.0,1.5050388835908914,-52.36408966605256,25.0
56361.0,1.5695848610993386,-52.26188407378096,25.0
56362.0,1.6347157814650235,-52.170110393555525,25.0
56363.0,1.7003121885681258,-52.07835731107251,25.0
56716.0,0.8975861898901379,-52.615562631379824,25.0
56717.0,0.939113161785714,-52.51213810515039,25.0
56718.0,0.981266943850698,-52.70332954839,25.0
56719.0,1.023994001986759,-52.70944889979229,25.0
56720.0,1.067247341095474,-52.68841186147308,25.0
56721.0,1.1109865122663105,-52.64652829861169,25.0
56722.0,1.1551774924303324,-52.57197193805533,25.0
57075.0,17.59116293442121,-37.02608416257739,25.0
57077.0,26.34091555916381,-29.0779455276335,25.0
57078.0,0.6823385042262945,-52.80395945754065,25.0
57079.0,38.51825356193913,-17.710197051832104,25.0
57080.0,0.7385859553150586,-53.01869122980276,25.0
57081.0,0.7673720287091,-52.994489739751685,25.0
57437.0,49.93181961230606,-6.988293252425372,25.0
57439.0,67.92265621646267,9.756090118995948,25.0
57440.0,78.3368824158509,19.39570777537187,25.0
57441.0,89.58978100284224,29.653918611811218,25.0
57442.0,101.52259460609314,40.853856503933976,25.0
