country,coverage_pct,net_mitigation_mt_co2e
france,25.0,5.0602605947974
paraguay,25.0,-7.3000228022
sweden,25.0,-4.3216187049344
switzerland,25.0,-1.9791578686154
norway,25.0,-2.6623696034149
costa_rica,25.0,-0.9433484078657
iceland,25.0,-0.1262777399232
france,50.0,-26.182619738495198
paraguay,50.0,-17.1993854001948
sweden,50.0,-13.8609864421796
switzerland,50.0,-7.2182737871505
norway,50.0,-7.363888081083299
costa_rica,50.0,-2.5149094874026003
iceland,50.0,-0.37120118185699996
france,75.0,-91.6026886726004
paraguay,75.0,-29.9490962804132
sweden,75.0,-27.649782777662402
switzerland,75.0,-15.3011880300568
norway,75.0,-13.6407035249822
costa_rica,75.0,-4.8021007642188005
iceland,75.0,-0.7085805060247
