country,model,year,net_mitigation_mt_co2e
france,Full,2025,0.3195581295146
france,Full,2026,0.9225848809493
france,Full,2027,1.9430017990984
france,Full,2028,3.1738557943433996
france,Full,2029,4.5782080867885
france,Full,2030,6.1188400631049005
france,Full,2031,7.9285506770201994
france,Full,2032,9.7992707625165
france,Full,2033,11.0524762293185
france,Full,2034,10.698421709282801
france,Full,2035,9.8626143540743
france,Full,2036,8.5044737113144
france,Full,2037,6.4542896335682
france,Full,2038,3.7221116044159
france,Full,2039,0.3216399155955
france,Full,2040,-3.6743152243906
france,Full,2041,-8.4745519617007
france,Full,2042,-14.1162913080971
france,Full,2043,-20.6365130440063
france,Full,2044,-27.9010924016934
france,Full,2045,-36.1118776042069
france,Full,2046,-45.300992602559404
france,Full,2047,-55.5894005161693
france,Full,2048,-66.6023405772732
france,Full,2049,-78.58254340880649
france,Full,2050,-91.6026886726003
sweden,Full,2025,-0.011319830630461923
sweden,Full,2026,-0.03849986111620486
sweden,Full,2027,-0.05944579620988779
sweden,Full,2028,-0.1054400596004
sweden,Full,2029,-0.1811303474591
sweden,Full,2030,-0.2912000685604
sweden,Full,2031,-0.4097543154865
sweden,Full,2032,-0.5670687818464
sweden,Full,2033,-0.8622100938488
sweden,Full,2034,-1.439738411625
sweden,Full,2035,-2.12085102696
sweden,Full,2036,-2.9213060338817
sweden,Full,2037,-3.8544181215037
sweden,Full,2038,-4.923151576115201
sweden,Full,2039,-6.1153688350439
sweden,Full,2040,-7.4161402753313
sweden,Full,2041,-8.8505102400896
sweden,Full,2042,-10.420801888050699
sweden,Full,2043,-12.1292190001452
sweden,Full,2044,-13.9508993273502
sweden,Full,2045,-15.9114623310752
sweden,Full,2046,-18.0048175552601
sweden,Full,2047,-20.239428795432598
sweden,Full,2048,-22.5736466640128
sweden,Full,2049,-25.043392756263
sweden,Full,2050,-27.649782777662402
switzerland,Full,2025,0.0006313123532408079
switzerland,Full,2026,-0.0011221177174784189
switzerland,Full,2027,0.007699675472112865
switzerland,Full,2028,0.008033167193535215
switzerland,Full,2029,-0.0032088627514899825
switzerland,Full,2030,-0.029137072299537995
switzerland,Full,2031,-0.05389301141650472
switzerland,Full,2032,-0.0957630380847834
switzerland,Full,2033,-0.2159936972726
switzerland,Full,2034,-0.5040659970049001
switzerland,Full,2035,-0.8606407695122
switzerland,Full,2036,-1.2746444886057
switzerland,Full,2037,-1.7648109322214
switzerland,Full,2038,-2.3332891841474
switzerland,Full,2039,-2.9733618816183
switzerland,Full,2040,-3.6765971436086002
switzerland,Full,2041,-4.4611023099457
switzerland,Full,2042,-5.3289055052097
switzerland,Full,2043,-6.2819555768858
switzerland,Full,2044,-7.3061222751329
switzerland,Full,2045,-8.4191959800389
switzerland,Full,2046,-9.622888133379199
switzerland,Full,2047,-10.934106385957401
switzerland,Full,2048,-12.3041719574375
switzerland,Full,2049,-13.7595189937542
switzerland,Full,2050,-15.3011880300568
france,Reduced,2025,0.3238150792538
france,Reduced,2026,0.9359956080024
france,Reduced,2027,1.8008111747876
france,Reduced,2028,2.8822499526207
france,Reduced,2029,4.1440180651517995
france,Reduced,2030,5.5495389528388
france,Reduced,2031,7.0619527391159
france,Reduced,2032,8.6441155965629
france,Reduced,2033,10.2585991130742
france,Reduced,2034,11.8676896580276
france,Reduced,2035,13.4333877484533
france,Reduced,2036,14.9174074152027
france,Reduced,2037,16.2811755691178
france,Reduced,2038,17.4849229178948
france,Reduced,2039,18.4848661502595
france,Reduced,2040,19.2442855398961
france,Reduced,2041,19.7268460308214
france,Reduced,2042,19.8966031767214
france,Reduced,2043,19.7180090982546
france,Reduced,2044,19.155918458323402
france,Reduced,2045,18.175594455313902
france,Reduced,2046,16.742714834303
france,Reduced,2047,14.8233779162332
france,Reduced,2048,12.3841086450558
france,Reduced,2049,9.3918646528412
france,Reduced,2050,5.814042342858
sweden,Reduced,2025,-0.011117811385772284
sweden,Reduced,2026,-0.037873046075368406
sweden,Reduced,2027,-0.08482171949056265
sweden,Reduced,2028,-0.15655634188360001
sweden,Reduced,2029,-0.257706009664
sweden,Reduced,2030,-0.3929364967255
sweden,Reduced,2031,-0.5629954855667
sweden,Reduced,2032,-0.7714680738627
sweden,Reduced,2033,-1.0219671299662
sweden,Reduced,2034,-1.3181333614024
sweden,Reduced,2035,-1.6636353833639999
sweden,Reduced,2036,-2.0621697872066
sweden,Reduced,2037,-2.5174612089437
sweden,Reduced,2038,-3.0328717378565
sweden,Reduced,2039,-3.6092291268301997
sweden,Reduced,2040,-4.249566004799
sweden,Reduced,2041,-4.9520333004273
sweden,Reduced,2042,-5.7190511687973995
sweden,Reduced,2043,-6.5530073332668
sweden,Reduced,2044,-7.456256600249899
sweden,Reduced,2045,-8.431120372377599
sweden,Reduced,2046,-9.4798861600362
sweden,Reduced,2047,-10.6048070912852
sweden,Reduced,2048,-11.8081014201538
sweden,Reduced,2049,-13.091952033316
sweden,Reduced,2050,-14.458505955145
switzerland,Reduced,2025,0.0010590818855400125
switzerland,Reduced,2026,0.0002095146634820905
switzerland,Reduced,2027,-0.005540620226892033
switzerland,Reduced,2028,-0.019207489812351732
switzerland,Reduced,2029,-0.04383157048418798
switzerland,Reduced,2030,-0.08247770889668418
switzerland,Reduced,2031,-0.1352212653537
switzerland,Reduced,2032,-0.2042963375364
switzerland,Reduced,2033,-0.29195457959570004
switzerland,Reduced,2034,-0.40046524565110003
switzerland,Reduced,2035,-0.5321152332899
switzerland,Reduced,2036,-0.6892091270659999
switzerland,Reduced,2037,-0.8740692419985999
switzerland,Reduced,2038,-1.088872854808
switzerland,Reduced,2039,-1.334710595096
switzerland,Reduced,2040,-1.6135606218837
switzerland,Reduced,2041,-1.9273781941622
switzerland,Reduced,2042,-2.2780953065531997
switzerland,Reduced,2043,-2.6676203237343
switzerland,Reduced,2044,-3.0978376136288
switzerland,Reduced,2045,-3.57060717936
switzerland,Reduced,2046,-4.08776428997
switzerland,Reduced,2047,-4.6511191099032
switzerland,Reduced,2048,-5.2624563272545
switzerland,Reduced,2049,-5.9235347807814
switzerland,Reduced,2050,-6.6360870856816
