pv_factor_g_co2e_per_kwh,bin_center,plot_x,p05_gt_co2e,median_gt_co2e,p95_gt_co2e
26,0.5625,0.5465,0.6511081135945638,0.9427494489048129,1.383015590463728
26,0.6875,0.6715,0.822203724216557,1.1340478674402554,1.630695884032292
26,0.8125,0.7965,0.9981706339839995,1.330490336378812,1.877197484720039
26,0.9375,0.9215,1.150821120788267,1.5817890754071797,2.2122625076657982
26,1.0625,1.0465,1.39379812521104,1.814676150310369,2.511618340969804
26,1.1875,1.1715,1.50314483692242,2.0641585112518257,2.7455578249781425
26,1.3125,1.2965,1.7031981566374625,2.26879141944935,3.0936059654937367
26,1.4375,1.4215,1.8288261364201936,2.4108325059133264,3.4406635076608723
41,0.5625,0.5625,0.6453464709057899,0.9370069202098144,1.3797247027829318
41,0.6875,0.6875,0.8170056911220023,1.130768417626431,1.622198805239906
41,0.8125,0.8125,0.9952824679340111,1.3265139146290323,1.8741764466293702
41,0.9375,0.9375,1.1483788016236893,1.5782934927697951,2.207444801780813
41,1.0625,1.0625,1.38782695879517,1.807473377209206,2.5042926475903933
41,1.1875,1.1875,1.500185852456518,2.0604612427362525,2.7415308813057138
41,1.3125,1.3125,1.70019376732834,2.2647197887296713,3.0868761402227562
41,1.4375,1.4375,1.825155439076795,2.4061801159477483,3.4367692979902174
60,0.5625,0.5785,0.6380673705271178,0.9341290534075846,1.3752486956180316
60,0.6875,0.7035,0.8106282459149003,1.1262794342020293,1.6170152309362322
60,0.8125,0.8285,0.9916241242707056,1.3226086680970326,1.870820632732574
60,0.9375,0.9535,1.1452851973485725,1.570921001835245,2.1987864086965416
60,1.0625,1.0785,1.381903583955678,1.7983498646144298,2.492739898437847
60,1.1875,1.2035,1.4964378054663392,2.055778035949892,2.736430085987326
60,1.3125,1.3285,1.696910851877167,2.2614486743712945,3.078351694879494
60,1.4375,1.4535,1.8208783477467136,2.4017651373617355,3.431836632407382
