pv_factor_g_co2e_per_kwh,strategy,net_emitting_regions,cumulative_scenarios_pct
26,Uniform,0,2.294921875
26,Uniform,1,6.396484375
26,Uniform,2,16.40625
26,Uniform,3,41.259765625
26,Uniform,4,52.44140625
26,Uniform,5,59.716796875
26,Uniform,6,81.54296875
26,Uniform,7,94.7265625
26,Uniform,8,98.2421875
26,Uniform,9,100.0
26,Uniform,10,100.0
26,Uniform,11,100.0
26,Uniform,12,100.0
26,Uniform,13,100.0
26,Uniform,14,100.0
26,Uniform,15,100.0
26,Uniform,16,100.0
26,Uniform,17,100.0
26,Screened,0,94.3359375
26,Screened,1,98.14453125
26,Screened,2,100.0
26,Screened,3,100.0
26,Screened,4,100.0
26,Screened,5,100.0
26,Screened,6,100.0
26,Screened,7,100.0
26,Screened,8,100.0
26,Screened,9,100.0
26,Screened,10,100.0
26,Screened,11,100.0
26,Screened,12,100.0
26,Screened,13,100.0
26,Screened,14,100.0
26,Screened,15,100.0
26,Screened,16,100.0
26,Screened,17,100.0
41,Uniform,0,0.0
41,Uniform,1,0.0
41,Uniform,2,0.0
41,Uniform,3,0.927734375
41,Uniform,4,4.19921875
41,Uniform,5,12.20703125
41,Uniform,6,42.578125
41,Uniform,7,67.7734375
41,Uniform,8,74.755859375
41,Uniform,9,89.453125
41,Uniform,10,95.3125
41,Uniform,11,97.900390625
41,Uniform,12,99.267578125
41,Uniform,13,100.0
41,Uniform,14,100.0
41,Uniform,15,100.0
41,Uniform,16,100.0
41,Uniform,17,100.0
41,Screened,0,67.48046875
41,Screened,1,74.365234375
41,Screened,2,89.35546875
41,Screened,3,95.1171875
41,Screened,4,97.75390625
41,Screened,5,99.21875
41,Screened,6,100.0
41,Screened,7,100.0
41,Screened,8,100.0
41,Screened,9,100.0
41,Screened,10,100.0
41,Screened,11,100.0
41,Screened,12,100.0
41,Screened,13,100.0
41,Screened,14,100.0
41,Screened,15,100.0
41,Screened,16,100.0
41,Screened,17,100.0
60,Uniform,0,0.0
60,Uniform,1,0.0
60,Uniform,2,0.0
60,Uniform,3,0.0
60,Uniform,4,0.0
60,Uniform,5,0.0
60,Uniform,6,2.734375
60,Uniform,7,30.17578125
60,Uniform,8,40.234375
60,Uniform,9,61.9140625
60,Uniform,10,72.0703125
60,Uniform,11,79.98046875
60,Uniform,12,85.595703125
60,Uniform,13,99.8046875
60,Uniform,14,99.853515625
60,Uniform,15,99.951171875
60,Uniform,16,99.951171875
60,Uniform,17,100.0
60,Screened,0,30.078125
60,Screened,1,39.94140625
60,Screened,2,61.767578125
60,Screened,3,71.923828125
60,Screened,4,79.8828125
60,Screened,5,85.3515625
60,Screened,6,99.8046875
60,Screened,7,99.853515625
60,Screened,8,99.951171875
60,Screened,9,99.951171875
60,Screened,10,100.0
60,Screened,11,100.0
60,Screened,12,100.0
60,Screened,13,100.0
60,Screened,14,100.0
60,Screened,15,100.0
60,Screened,16,100.0
60,Screened,17,100.0
