country_tag,year,final_coverage_pct,annual_generation_twh,cumulative_generation_twh,annual_delivered_twh,cumulative_delivered_twh,annual_direct_twh,cumulative_direct_twh,annual_battery_charge_twh,cumulative_battery_charge_twh,annual_battery_discharge_twh,cumulative_battery_discharge_twh,annual_export_twh,cumulative_export_twh,annual_storage_loss_twh,cumulative_storage_loss_twh,annual_curtailed_twh,cumulative_curtailed_twh,annual_displaced_grid_gt,cumulative_displaced_grid_gt,annual_pv_embodied_gt,cumulative_pv_embodied_gt,annual_cooling_gt,cumulative_cooling_gt,annual_ac_gt,cumulative_ac_gt,annual_roof_credit_gt,cumulative_roof_credit_gt,annual_battery_gt,cumulative_battery_gt,annual_net_gt,cumulative_net_gt,annual_battery_stock_gwh,annual_battery_additions_gwh,cumulative_battery_additions_gwh,annual_battery_retired_gwh,cumulative_battery_retired_gwh,annual_pv_area_km2,annual_pv_additions_km2,cumulative_pv_additions_km2,cumulative_gross_saving_gt,cumulative_feedback_gt,deployment_ef_g_kwh,frozen_cumulative_net_gt,procurement_cumulative_net_gt,manufacturing_gain_gt,procurement_gain_gt
france,2030,75.0,140.55208876869577,489.8601025781886,140.55208876869577,489.8601025781886,48.69341984044461,169.71014219090185,0.0,0.0,0.0,0.0,91.85866892825119,320.1499603872868,0.0,0.0,0.0,0.0,0.007168156527203487,0.025633803158544584,0.004202715439454425,0.014742999465783984,3.518468319354663e-05,0.00011188197702583354,0.0,0.0,0.00017029577182298312,0.0006811830872919324,0.0,0.0,0.0031005521763784955,0.011460104803026696,0.0,0.0,0.0,0.0,0.0,681.1830872919323,113.5305145486553,681.1830872919323,0.0108908036927606,-0.0005693011102660989,51.00000000000002,0.011305381445325178,0.01176320533301068,0.00015472335770151842,0.0003031005299839844
france,2050,75.0,596.303718330536,8221.749731225564,537.9032401944071,7741.943850700255,206.5720363184175,2848.2604412503765,389.33652090752753,3198.705870168731,330.93604277139843,2718.8999896434216,0.39516110459090553,2174.783419806458,58.40047813612913,479.80588052530953,43.93724887624055,245.42912787589952,0.018826613406804252,0.324281520482433,0.01694905774176837,0.23865166294615026,9.835158536709333e-05,0.0016508147341815283,0.0,0.00020838497400000003,0.001021774630937899,0.013793957517661626,0.005965186893727059,0.06642688913971206,-0.003164208183120386,0.03113772620605079,1132.0809179755763,104.02161580771076,1134.0903498033174,1.3611593230914503,2.0094318277412127,2951.7933782650393,113.53051454865543,2951.7933782650402,0.08562985753628277,0.054492131330231966,35.00000000000001,0.009712141863668514,0.06542464794283784,0.021425584342382273,0.034286921736787046
germany,2030,75.0,122.73851986479235,427.65865322511195,122.73851986479235,427.65865322511195,42.17295542554266,146.9435132481485,0.0,0.0,0.0,0.0,80.56556443924967,280.7151399769635,0.0,0.0,0.0,0.0,0.032402969244305184,0.11943570728805927,0.004431954398541224,0.01554447388155571,0.00020139316204965518,0.0006426825295646214,0.0,0.0,0.00017985746001569446,0.0007194298400627777,0.0,0.0,0.027949479143729992,0.10396798071700172,0.0,0.0,0.0,0.0,0.0,719.4298400627774,119.90497334379614,719.4298400627774,0.10389123340650357,-7.674731049815632e-05,264.0,0.10380485186950203,0.10428753701885665,0.00016312884749969392,0.00031955630185492856
germany,2050,75.0,522.2391530053139,7192.281704004074,470.81948600041085,6749.273255482056,179.4413729726259,2471.2679934958005,342.7977800326881,2953.38965681346,291.37811302778476,2510.3812082914415,0.0,1767.6240536948142,51.4196670049032,443.008448522019,38.658164947976715,215.82893762550077,0.03766555888003286,1.074474607362466,0.017910710552508997,0.25197364350884294,0.00028156206540000004,0.007428265134728411,0.0,0.00023189448333333336,0.001079144760094167,0.014568454261271246,0.005621753529206485,0.06304452500149911,0.014930677493011555,0.7663647334953333,1075.8064636849715,97.6766912486067,1075.8064636849713,0.0,0.0,3117.529306938703,119.9049733437963,3117.529306938703,0.8225009638536231,0.05613623035828961,79.99999999999999,0.744990242025597,0.8014351693828338,0.021374491469736245,0.03507043588750047
paraguay,2030,75.0,16.387626197358355,57.15751984953744,16.387626197358355,57.15751984953744,5.810139050752989,20.264932609847236,0.0,0.0,0.0,0.0,10.577487146605367,36.89258723969019,0.0,0.0,0.0,0.0,0.00034414015014452566,0.0012383067447581278,0.00034261790546112787,0.0012024588594958326,2.5885940223292707e-06,8.627539102525313e-06,0.0,0.0,1.3825706303778927e-05,5.53028252151157e-05,0.0,0.0,1.2759356964847429e-05,8.252317137488617e-05,0.0,0.0,0.0,0.0,0.0,55.30282521511569,9.217137535852615,55.30282521511572,3.58478852622952e-05,-4.667528611259039e-05,21.00000000000001,6.990250072576467e-05,0.00010724905536203743,1.2620670649121508e-05,2.472588398715125e-05
paraguay,2050,75.0,68.97851107324497,954.0567796568192,63.58836170767589,914.304811392452,24.45531158209141,338.24972612774195,35.93432910379399,265.0131217624462,30.54417973822488,225.26115349807924,8.588870387359586,350.7939317666311,5.3901493655690995,39.751968264366916,5.014839517306269,28.052986871040993,0.0010174137873228146,0.01638956163307604,0.0013739373278356482,0.019391568512669915,6.1027343322623994e-06,0.00010691828248548587,0.0,2.5867474722222214e-05,8.295423782267363e-05,0.0011198822106060929,0.0006155989962078476,0.005814644457498589,-0.0008952710332302693,-0.007829554883694073,90.7666149905267,11.654567750102904,102.6178300119759,3.4535314901983054,11.851215021449214,239.64557593216813,9.217137535852622,239.64557593216819,-0.003002006879593875,0.004827548004100205,16.000000000000007,-0.00967055315516563,-0.004933720130804533,0.001840998271471557,0.0028958347528895406
sweden,2030,75.0,16.903810882680386,58.89806235583217,16.903810882680386,58.89806235583217,5.808149419288982,20.23737422546393,0.0,0.0,0.0,0.0,11.095661463391398,38.66068813036823,0.0,0.0,0.0,0.0,0.0005578257591284524,0.002021884059863586,0.0006571999521305168,0.002305038944943797,1.509705683631466e-06,4.945458409900691e-06,0.0,0.0,2.667047164373734e-05,0.00010668188657494932,0.0,0.0,-7.421342704195795e-05,-0.0001814184569151612,0.0,0.0,0.0,0.0,0.0,106.68188657494933,17.780314429158214,106.68188657494933,-0.0002831548850802108,-0.00010173642816504863,32.99999999999998,-0.00020560829758752502,-0.00013403250313567317,2.4189840672363816e-05,4.738595377948803e-05
sweden,2050,75.0,71.9238906225826,990.5363847745202,64.84226435188317,925.0609883102773,24.71304881791941,340.3483018085252,47.21084180466327,436.50264309495446,40.12921553396376,371.02724663071126,0.0,213.68543987104087,7.081626270699486,65.47539646424313,5.324084974072674,29.724421873835972,0.00142652981574143,0.024544436259991753,0.0026559204042367517,0.0373643434839198,3.7147909548749994e-06,6.52147230374376e-05,0.0,1.6182486666666657e-05,0.00016002282986242407,0.0021603082031427237,0.0008923486100006623,0.010007143493745546,-0.0019654311595884346,-0.020748139724234976,170.76422819171805,15.504354506530817,170.76422819171808,0.0,0.0,462.28817515811375,17.780314429158228,462.2881751581138,-0.012819907223928048,0.007928232500306926,22.000000000000004,-0.02403309716208577,-0.015443328171133983,0.0032849574378507954,0.005304811553100993
switzerland,2030,75.0,12.882046137498744,44.88500030809614,12.882046137498744,44.88500030809614,4.426271052844569,15.422486105861836,0.0,0.0,0.0,0.0,8.455775084654174,29.462514202234303,0.0,0.0,0.0,0.0,0.0004895177532249523,0.0017578073037352573,0.00039426086416450087,0.0013828160568488445,3.281955438413792e-06,1.0658900614301728e-05,0.0,0.0,1.5999884302861986e-05,6.399953721144792e-05,0.0,0.0,0.00010797481792489957,0.000428331883483559,0.0,0.0,0.0,0.0,0.0,63.99953721144792,10.666589535241311,63.9995372114479,0.00037499124688641287,-5.334063659714619e-05,38.0,0.0004138201546610444,0.00045675919396310984,1.4511728822514584e-05,2.8427310479550846e-05
switzerland,2050,75.0,54.81171576155297,754.8673786104997,49.41495422767046,710.3072191725336,18.833305535669602,259.3724312905677,35.978410225883366,297.06772958644166,30.58164869200086,252.50757014847548,0.0,198.42721773349032,5.396761533882506,44.560159437966234,4.05737550851567,22.652369731701285,0.001383618718374773,0.022959416470253385,0.0015933133749202679,0.022415245623730488,8.9256625416e-06,0.0001499157044239084,0.0,3.0550335999999996e-05,9.599930581717193e-05,0.0012959906285318205,0.0005504252150265627,0.006172681895411347,-0.0006730462282964855,-0.004512986460780539,105.33208206734567,9.56351314661537,105.33208206734565,0.0,0.0,277.33132791627435,10.666589535241322,277.33132791627423,0.000544170846522897,0.005057157307303435,28.000000000000004,-0.006513336132617978,-0.001303752731830288,0.002000349671837439,0.0032092337289502506
