case,year,cumulative_net_gt
Baseline,2025,0.0005627747844265244
Baseline,2026,0.0016588238755347988
Baseline,2027,0.0034287436238743052
Baseline,2028,0.005672346066991449
Baseline,2029,0.0083595526266482
Baseline,2030,0.011460104803026696
Baseline,2031,0.015110763411348796
Baseline,2032,0.01910741575119184
Baseline,2033,0.022927255394859087
Baseline,2034,0.025813118662813855
Baseline,2035,0.028629396950615404
Baseline,2036,0.03133735148427219
Baseline,2037,0.033774384322642355
Baseline,2038,0.03595175469338933
Baseline,2039,0.037845330159823554
Baseline,2040,0.03954157832423629
Baseline,2041,0.04083754566080498
Baseline,2042,0.041698422297096575
Baseline,2043,0.0420901445922562
Baseline,2044,0.0421499956014429
Baseline,2045,0.04167773082864179
Baseline,2046,0.04063975969289758
Baseline,2047,0.03891566044386596
Baseline,2048,0.03688135586853135
Baseline,2049,0.034301934389171174
Baseline,2050,0.03113772620605079
Low manufacturing,2025,0.0005627747844265244
Low manufacturing,2026,0.001659254186519012
Low manufacturing,2027,0.0034305003207998654
Low manufacturing,2028,0.005676829385446096
Low manufacturing,2029,0.008368708564637934
Low manufacturing,2030,0.011476470175597286
Low manufacturing,2031,0.015137958762548191
Low manufacturing,2032,0.019150178483086932
Low manufacturing,2033,0.02301109405114692
Low manufacturing,2034,0.026003141461625013
Low manufacturing,2035,0.028961487251166276
Low manufacturing,2036,0.031840560279379905
Low manufacturing,2037,0.034479447398440985
Low manufacturing,2038,0.03689058095078428
Low manufacturing,2039,0.03904713096216126
Low manufacturing,2040,0.04104005909858187
Low manufacturing,2041,0.042683750760803746
Low manufacturing,2042,0.04394833516464052
Low manufacturing,2043,0.04480478231726947
Low manufacturing,2044,0.045395486739331824
Low manufacturing,2045,0.04552518621737713
Low manufacturing,2046,0.04519093908341877
Low manufacturing,2047,0.044283482675170745
Low manufacturing,2048,0.04319000209586059
Low manufacturing,2049,0.04168802314511114
Low manufacturing,2050,0.039755317622460554
High manufacturing,2025,0.0005627747844265244
High manufacturing,2026,0.001657976798869133
High manufacturing,2027,0.0034252921645336726
High manufacturing,2028,0.005663556003413207
High manufacturing,2029,0.008341642376530423
High manufacturing,2030,0.011428170987199794
High manufacturing,2031,0.015059715752972793
High manufacturing,2032,0.019031971358977943
High manufacturing,2033,0.022797800968983137
High manufacturing,2034,0.025563817558237827
High manufacturing,2035,0.028236492893885863
High manufacturing,2036,0.030779860414985368
High manufacturing,2037,0.03303176342636973
High manufacturing,2038,0.03500438818888768
High manufacturing,2039,0.03667778048813509
High manufacturing,2040,0.0381363360053737
High manufacturing,2041,0.039169806832243595
High manufacturing,2042,0.039742951859222136
High manufacturing,2043,0.03982126041995555
High manufacturing,2044,0.039541569401609106
High manufacturing,2045,0.03870332258513988
High manufacturing,2046,0.03727175961219423
High manufacturing,2047,0.035125501550243736
High manufacturing,2048,0.03263948255346801
High manufacturing,2049,0.02957727517102092
High manufacturing,2050,0.025895580855567202
Earlier storage,2025,0.0005627747844265244
Earlier storage,2026,0.0016588238755347988
Earlier storage,2027,0.0034287436238743052
Earlier storage,2028,0.005672346066991449
Earlier storage,2029,0.0083595526266482
Earlier storage,2030,0.010228982343874763
Earlier storage,2031,0.011823493008397516
Earlier storage,2032,0.013162625875714293
Earlier storage,2033,0.014195642150389312
Earlier storage,2034,0.014875430430403984
Earlier storage,2035,0.015230363987371272
Earlier storage,2036,0.01521016277040535
Earlier storage,2037,0.014646738551290464
Earlier storage,2038,0.013560623707640723
Earlier storage,2039,0.012056890528055357
Earlier storage,2040,0.01025463942180144
Earlier storage,2041,0.007985432710713405
Earlier storage,2042,0.005227530152094265
Earlier storage,2043,0.001959374928070555
Earlier storage,2044,-0.0016698210308289428
Earlier storage,2045,-0.004877723937394812
Earlier storage,2046,-0.004538706339670755
Earlier storage,2047,-0.004557542594934608
Earlier storage,2048,-0.004671489868161866
Earlier storage,2049,-0.005272070891464441
Earlier storage,2050,-0.006551657733949241
Later storage,2025,0.0005627747844265244
Later storage,2026,0.0016588238755347988
Later storage,2027,0.0034287436238743052
Later storage,2028,0.005672346066991449
Later storage,2029,0.0083595526266482
Later storage,2030,0.011460104803026696
Later storage,2031,0.015110763411348796
Later storage,2032,0.01910741575119184
Later storage,2033,0.023418238599261565
Later storage,2034,0.028013823781446547
Later storage,2035,0.0329390273736912
Later storage,2036,0.03817312358403718
Later storage,2037,0.04356562622595217
Later storage,2038,0.049130025356756674
Later storage,2039,0.054780835617548276
Later storage,2040,0.060650405213900485
Later storage,2041,0.06653387424610141
Later storage,2042,0.07132729107639915
Later storage,2043,0.07535726350648356
Later storage,2044,0.07924664623719381
Later storage,2045,0.08279207964773781
Later storage,2046,0.08595875525162062
Later storage,2047,0.08862222594499888
Later storage,2048,0.09110353524581223
Later storage,2049,0.09310986922078049
Later storage,2050,0.09461108019365119
No storage,2025,0.0005627747844265244
No storage,2026,0.0016588238755347988
No storage,2027,0.0034287436238743052
No storage,2028,0.005672346066991449
No storage,2029,0.0083595526266482
No storage,2030,0.011460104803026696
No storage,2031,0.015110763411348796
No storage,2032,0.01910741575119184
No storage,2033,0.023418238599261565
No storage,2034,0.028013823781446547
No storage,2035,0.0329390273736912
No storage,2036,0.03817312358403718
No storage,2037,0.04356562622595217
No storage,2038,0.049130025356756674
No storage,2039,0.054780835617548276
No storage,2040,0.060650405213900485
No storage,2041,0.06653387424610141
No storage,2042,0.07239713895229799
No storage,2043,0.07820655839241539
No storage,2044,0.084099252486237
No storage,2045,0.08987221678166134
No storage,2046,0.09549146865474914
No storage,2047,0.10083211940986131
No storage,2048,0.10621431244909332
No storage,2049,0.11134388074106483
No storage,2050,0.11618887618643603
Zero thermal response,2025,0.0005670317341656651
Zero thermal response,2026,0.0016722346025878944
Zero thermal response,2027,0.003456848771386453
Zero thermal response,2028,0.005721331768914732
Zero thermal response,2029,0.008436249920480485
Zero thermal response,2030,0.011571986780052527
Zero thermal response,2031,0.015265940104382378
Zero thermal response,2032,0.019314626759822116
Zero thermal response,2033,0.02319358640209664
Zero thermal response,2034,0.02614129621982906
Zero thermal response,2035,0.02911352951162602
Zero thermal response,2036,0.03188869527246457
Zero thermal response,2037,0.03442113314609266
Zero thermal response,2038,0.03667092884098471
Zero thermal response,2039,0.03863946795718337
Zero thermal response,2040,0.04041316574563331
Zero thermal response,2041,0.04178901142708658
Zero thermal response,2042,0.042732132973605945
Zero thermal response,2043,0.04320839968675356
Zero thermal response,2044,0.043355022662026683
Zero thermal response,2045,0.04297168054166985
Zero thermal response,2046,0.04202470098090841
Zero thermal response,2047,0.040484985307499895
Zero thermal response,2048,0.038545545252451734
Zero thermal response,2049,0.036062782511985615
Zero thermal response,2050,0.032996925914232325
Fixed battery life,2025,0.0005627747844265244
Fixed battery life,2026,0.0016588238755347988
Fixed battery life,2027,0.0034287436238743052
Fixed battery life,2028,0.005672346066991449
Fixed battery life,2029,0.0083595526266482
Fixed battery life,2030,0.011460104803026696
Fixed battery life,2031,0.015110763411348796
Fixed battery life,2032,0.01910741575119184
Fixed battery life,2033,0.022927255394859087
Fixed battery life,2034,0.025813118662813855
Fixed battery life,2035,0.028629396950615404
Fixed battery life,2036,0.03133735148427219
Fixed battery life,2037,0.033774384322642355
Fixed battery life,2038,0.03595175469338933
Fixed battery life,2039,0.037845330159823554
Fixed battery life,2040,0.03954157832423629
Fixed battery life,2041,0.04083754566080498
Fixed battery life,2042,0.041698422297096575
Fixed battery life,2043,0.0417599073063015
Fixed battery life,2044,0.04068318136287899
Fixed battery life,2045,0.03885377222687081
Fixed battery life,2046,0.036237222905127056
Fixed battery life,2047,0.0327130295585326
Fixed battery life,2048,0.028663870481103734
Fixed battery life,2049,0.023910847118746387
Fixed battery life,2050,0.01842270018062695
Production-event PV accounting,2025,-0.01794654549159496
Production-event PV accounting,2026,-0.03454450922413928
Production-event PV accounting,2027,-0.04965273693888014
Production-event PV accounting,2028,-0.06347085013457096
Production-event PV accounting,2029,-0.07602835340328369
Production-event PV accounting,2030,-0.08735492830961283
Production-event PV accounting,2031,-0.09739163938900125
Production-event PV accounting,2032,-0.10634127605732388
Production-event PV accounting,2033,-0.11472529743561541
Production-event PV accounting,2034,-0.1232994945789887
Production-event PV accounting,2035,-0.13119807633595257
Production-event PV accounting,2036,-0.13843000639114178
Production-event PV accounting,2037,-0.14515725964630044
Production-event PV accounting,2038,-0.1513753424945511
Production-event PV accounting,2039,-0.15716028597003134
Production-event PV accounting,2040,-0.16279213738582884
Production-event PV accounting,2041,-0.1681109766956656
Production-event PV accounting,2042,-0.17316014354620257
Production-event PV accounting,2043,-0.1779823689317101
Production-event PV accounting,2044,-0.18244917119514573
Production-event PV accounting,2045,-0.18676972653970383
Production-event PV accounting,2046,-0.1910396177566953
Production-event PV accounting,2047,-0.19538678085677516
Production-event PV accounting,2048,-0.1994429594963017
Production-event PV accounting,2049,-0.20345088125426972
Production-event PV accounting,2050,-0.20745817867094976
