case,coverage_pct,net_2050_gt
Baseline,0.0,0.0
Baseline,0.5,0.0008463142917090096
Baseline,1.0,0.0016926285834180192
Baseline,1.5,0.0025389428751270275
Baseline,2.0,0.0033852571668360385
Baseline,2.5,0.004231571458545047
Baseline,3.0,0.005077885750254055
Baseline,3.5,0.005924200041963068
Baseline,4.0,0.006770514333672077
Baseline,4.5,0.007616828625381085
Baseline,5.0,0.008463142917090095
Baseline,5.5,0.009309457208799103
Baseline,6.0,0.01015577150050811
Baseline,6.5,0.011002085792217125
Baseline,7.0,0.011848400083926135
Baseline,7.5,0.012694714375635133
Baseline,8.0,0.013541028667344154
Baseline,8.5,0.014387342959053147
Baseline,9.0,0.01523365725076217
Baseline,9.5,0.016079971542471178
Baseline,10.0,0.01692628583418019
Baseline,10.5,0.017772600125889187
Baseline,11.0,0.018618914417598206
Baseline,11.5,0.019373818965307224
Baseline,12.0,0.02022013325701622
Baseline,12.5,0.02106644754872523
Baseline,13.0,0.021912761840434253
Baseline,13.5,0.022759076132143244
Baseline,14.0,0.02360539042385227
Baseline,14.5,0.02445170471556127
Baseline,15.0,0.02527274483327027
Baseline,15.5,0.026118767812979282
Baseline,16.0,0.026965082104688304
Baseline,16.5,0.0278113963963973
Baseline,17.0,0.028657710688106297
Baseline,17.5,0.02950402497981534
Baseline,18.0,0.030350339271524345
Baseline,18.5,0.031196653563233343
Baseline,19.0,0.03204296785494236
Baseline,19.5,0.03288928214665137
Baseline,20.0,0.03373559643836038
Baseline,20.5,0.034581910730069366
Baseline,21.0,0.03542822502177838
Baseline,21.5,0.03627453931348739
Baseline,22.0,0.03712085360519641
Baseline,22.5,0.03796716789690541
Baseline,23.0,0.03881348218861445
Baseline,23.5,0.03965979648032344
Baseline,24.0,0.040506110772032436
Baseline,24.5,0.04135242506374146
Baseline,25.0,0.04219873935545046
Baseline,25.5,0.042800569596389386
Baseline,26.0,0.043392735088995917
Baseline,26.5,0.0439680267946666
Baseline,27.0,0.04453331156858958
Baseline,27.5,0.04508269227739373
Baseline,28.0,0.045620592364274765
Baseline,28.5,0.04614486221359847
Baseline,29.0,0.046654979885421465
Baseline,29.5,0.04715446962087068
Baseline,30.0,0.04763711742733048
Baseline,30.5,0.048108249412950006
Baseline,31.0,0.048567847501140314
Baseline,31.5,0.049010442376574
Baseline,32.0,0.04944187150528074
Baseline,32.5,0.04986213488726041
Baseline,33.0,0.05026461856043106
Baseline,33.5,0.05065569561065029
Baseline,34.0,0.05103536603791804
Baseline,34.5,0.051399934114607894
Baseline,35.0,0.05175023341452024
Baseline,35.5,0.05199749550172101
Baseline,36.0,0.05232453986421029
Baseline,36.5,0.05263512795326559
Baseline,37.0,0.05293252998692503
Baseline,37.5,0.053218103257656614
Baseline,38.0,0.05349184776546043
Baseline,38.5,0.0537506011257168
Baseline,39.0,0.05399457532040784
Baseline,39.5,0.05422653846759593
Baseline,40.0,0.05444649056728106
Baseline,40.5,0.05461446411639013
Baseline,41.0,0.05476572443638551
Baseline,41.5,0.05490311896695927
Baseline,42.0,0.05502265514149984
Baseline,42.5,0.05512835210483791
Baseline,43.0,0.05522159500148027
Baseline,43.5,0.05529832801045125
Baseline,44.0,0.05535431336078956
Baseline,44.5,0.0553976562425954
Baseline,45.0,0.05542838554695547
Baseline,45.5,0.055442585045103035
Baseline,46.0,0.05544109501505823
Baseline,46.5,0.05542622651932649
Baseline,47.0,0.055394308442090735
Baseline,47.5,0.05534649075341742
Baseline,48.0,0.05528207820639459
Baseline,48.5,0.0552048843300796
Baseline,49.0,0.0551149396563416
Baseline,49.5,0.05501227471390677
Baseline,50.0,0.05489023551425068
Baseline,50.5,0.05475022474954703
Baseline,51.0,0.05459735879848542
Baseline,51.5,0.054431668874586274
Baseline,52.0,0.05425318618833018
Baseline,52.5,0.05405496448040404
Baseline,53.0,0.05384390125794506
Baseline,53.5,0.053620028341046275
Baseline,54.0,0.05338337754685506
Baseline,54.5,0.053130939298587636
Baseline,55.0,0.05286056476888231
Baseline,55.5,0.052574072473035624
Baseline,56.0,0.05227472961656272
Baseline,56.5,0.05196256854123685
Baseline,57.0,0.05163762158593901
Baseline,57.5,0.05129992108664713
Baseline,58.0,0.050946486719014555
Baseline,58.5,0.05057652628570459
Baseline,59.0,0.05019381086789867
Baseline,59.5,0.04979476709610942
Baseline,60.0,0.04938215686201666
Baseline,60.5,0.048956806750234796
Baseline,61.0,0.04851874954233268
Baseline,61.5,0.04806370966881199
Baseline,62.0,0.04759360255800339
Baseline,62.5,0.04711079512343767
Baseline,63.0,0.046615320533296374
Baseline,63.5,0.04610721195290552
Baseline,64.0,0.04558650254472393
Baseline,64.5,0.045053225468331806
Baseline,65.0,0.04450741388042066
Baseline,65.5,0.043936989468709164
Baseline,66.0,0.04335447780571767
Baseline,66.5,0.042760237887471145
Baseline,67.0,0.042154504590381676
Baseline,67.5,0.04154137764045744
Baseline,68.0,0.04091753667161717
Baseline,68.5,0.04028363754536084
Baseline,69.0,0.039639657906463587
Baseline,69.5,0.03898400437380961
Baseline,70.0,0.03831683336347068
Baseline,70.5,0.03764140228381658
Baseline,71.0,0.036958099331604204
Baseline,71.5,0.03626722939690874
Baseline,72.0,0.0355664982820838
Baseline,72.5,0.03485248271264169
Baseline,73.0,0.03412773119288628
Baseline,73.5,0.033394772885790826
Baseline,74.0,0.032654255975988145
Baseline,74.5,0.03190273328320224
Baseline,75.0,0.03113772620605079
Low manufacturing,0.0,0.0
Low manufacturing,0.5,0.0008638517725063655
Low manufacturing,1.0,0.001727703545012731
Low manufacturing,1.5,0.0025915553175190962
Low manufacturing,2.0,0.003455407090025462
Low manufacturing,2.5,0.004319258862531829
Low manufacturing,3.0,0.0051831106350381925
Low manufacturing,3.5,0.006046962407544561
Low manufacturing,4.0,0.006910814180050924
Low manufacturing,4.5,0.0077746659525572935
Low manufacturing,5.0,0.008638517725063658
Low manufacturing,5.5,0.00950236949757002
Low manufacturing,6.0,0.010366221270076385
Low manufacturing,6.5,0.011230073042582759
Low manufacturing,7.0,0.012093924815089122
Low manufacturing,7.5,0.012957776587595478
Low manufacturing,8.0,0.013821628360101848
Low manufacturing,8.5,0.014685480132608203
Low manufacturing,9.0,0.015549331905114587
Low manufacturing,9.5,0.01641318367762095
Low manufacturing,10.0,0.017277035450127317
Low manufacturing,10.5,0.018140887222633673
Low manufacturing,11.0,0.01900473899514004
Low manufacturing,11.5,0.01977718102364642
Low manufacturing,12.0,0.020641032796152772
Low manufacturing,12.5,0.02150488456865914
Low manufacturing,13.0,0.02236873634116552
Low manufacturing,13.5,0.02323258811367187
Low manufacturing,14.0,0.024096439886178243
Low manufacturing,14.5,0.024960291658684602
Low manufacturing,15.0,0.025798869257190965
Low manufacturing,15.5,0.026662429717697327
Low manufacturing,16.0,0.027526281490203697
Low manufacturing,16.5,0.028390133262710057
Low manufacturing,17.0,0.02925398503521641
Low manufacturing,17.5,0.03011783680772281
Low manufacturing,18.0,0.03098168858022917
Low manufacturing,18.5,0.03184554035273552
Low manufacturing,19.0,0.0327093921252419
Low manufacturing,19.5,0.03357324389774827
Low manufacturing,20.0,0.03443709567025463
Low manufacturing,20.5,0.035300947442760966
Low manufacturing,21.0,0.03616479921526734
Low manufacturing,21.5,0.03702865098777372
Low manufacturing,22.0,0.03789250276028008
Low manufacturing,22.5,0.03875635453278645
Low manufacturing,23.0,0.03962020630529283
Low manufacturing,23.5,0.04048405807779917
Low manufacturing,24.0,0.04134790985030554
Low manufacturing,24.5,0.04221176162281193
Low manufacturing,25.0,0.043075613395318284
Low manufacturing,25.5,0.04372880294670107
Low manufacturing,26.0,0.0443736540960121
Low manufacturing,26.5,0.045000459599476586
Low manufacturing,27.0,0.04561849024556076
Low manufacturing,27.5,0.04621989579384624
Low manufacturing,28.0,0.046810584048884676
Low manufacturing,28.5,0.04738774219885287
Low manufacturing,29.0,0.047950696388176596
Low manufacturing,29.5,0.048504092696487845
Low manufacturing,30.0,0.0490398369123705
Low manufacturing,30.5,0.04956488153323614
Low manufacturing,31.0,0.05007921136885605
Low manufacturing,31.5,0.05057577633001464
Low manufacturing,32.0,0.05106211501267317
Low manufacturing,32.5,0.05153822741683164
Low manufacturing,33.0,0.051996487063883885
Low manufacturing,33.5,0.05244424887389277
Low manufacturing,34.0,0.052881512846858165
Low manufacturing,34.5,0.053304041982430085
Low manufacturing,35.0,0.053712796080063865
Low manufacturing,35.5,0.05401939465160097
Low manufacturing,36.0,0.054406657185041445
Low manufacturing,36.5,0.05477766933023823
Low manufacturing,37.0,0.055136162860409794
Low manufacturing,37.5,0.055483685509130194
Low manufacturing,38.0,0.055820237276399474
Low manufacturing,38.5,0.0561422321296119
Low manufacturing,39.0,0.056449913228307017
Low manufacturing,39.5,0.056746420375937565
Low manufacturing,40.0,0.05703175357250348
Low manufacturing,40.5,0.05726497596006976
Low manufacturing,41.0,0.05748166018159211
Low manufacturing,41.5,0.057684989551726344
Low manufacturing,42.0,0.05787113830723952
Low manufacturing,42.5,0.05804413171605037
Low manufacturing,43.0,0.058205353177256954
Low manufacturing,43.5,0.058350701017119797
Low manufacturing,44.0,0.058475894108108835
Low manufacturing,44.5,0.05858911995124761
Low manufacturing,45.0,0.05869040405817432
Low manufacturing,45.5,0.05877583847731271
Low manufacturing,46.0,0.058846262484481236
Low manufacturing,46.5,0.05890395850745768
Low manufacturing,47.0,0.05894516139004082
Low manufacturing,47.5,0.058971137216294635
Low manufacturing,48.0,0.05898119458688607
Low manufacturing,48.5,0.058979129709960464
Low manufacturing,49.0,0.05896497010330866
Low manufacturing,49.5,0.05893874328163434
Low manufacturing,50.0,0.0588938271231547
Low manufacturing,50.5,0.05883147628430423
Low manufacturing,51.0,0.05875691768212773
Low manufacturing,51.5,0.05867017966056559
Low manufacturing,52.0,0.05857129056056936
Low manufacturing,52.5,0.05845330298485738
Low manufacturing,53.0,0.058323112266806344
Low manufacturing,53.5,0.05818074742477751
Low manufacturing,54.0,0.05802623747423352
Low manufacturing,54.5,0.057856497565814756
Low manufacturing,55.0,0.05766941377655804
Low manufacturing,55.5,0.05746683910086982
Low manufacturing,56.0,0.057252035695987594
Low manufacturing,56.5,0.057025033159099146
Low manufacturing,57.0,0.056785861084544795
Low manufacturing,57.5,0.05653454906380643
Low manufacturing,58.0,0.056268118293489704
Low manufacturing,58.5,0.05598577635523436
Low manufacturing,59.0,0.05569128685313706
Low manufacturing,59.5,0.05538101054861026
Low manufacturing,60.0,0.05505775459071698
Low manufacturing,60.5,0.05472235678755118
Low manufacturing,61.0,0.05437484722390755
Low manufacturing,61.5,0.054010955749481886
Low manufacturing,62.0,0.053632592910066085
Low manufacturing,62.5,0.05324211885235748
Low manufacturing,63.0,0.0528395640871078
Low manufacturing,63.5,0.05242495912225557
Low manufacturing,64.0,0.05199833446291481
Low manufacturing,64.5,0.05155972061136366
Low manufacturing,65.0,0.051109148067034704
Low manufacturing,65.5,0.0506342106677825
Low manufacturing,66.0,0.05014775291480837
Low manufacturing,66.5,0.04965013117782853
Low manufacturing,67.0,0.04914157770698886
Low manufacturing,67.5,0.048626189602073766
Low manufacturing,68.0,0.04810064387082104
Low manufacturing,68.5,0.04756559374859256
Low manufacturing,69.0,0.04702101425406871
Low manufacturing,69.5,0.046465305936289725
Low manufacturing,70.0,0.04589861919257806
Low manufacturing,70.5,0.04532421572217828
Low manufacturing,71.0,0.044742481100720016
Low manufacturing,71.5,0.04415371759719443
Low manufacturing,72.0,0.04355562839291439
Low manufacturing,72.5,0.042944934723736214
Low manufacturing,73.0,0.04232415588789905
Low manufacturing,73.5,0.04169570153415276
Low manufacturing,74.0,0.04106021722626466
Low manufacturing,74.5,0.04041424999205489
Low manufacturing,75.0,0.039755317622460554
High manufacturing,0.0,0.0
High manufacturing,0.5,0.0008364595737906904
High manufacturing,1.0,0.0016729191475813809
High manufacturing,1.5,0.00250937872137207
High manufacturing,2.0,0.0033458382951627617
High manufacturing,2.5,0.004182297868953452
High manufacturing,3.0,0.00501875744274414
High manufacturing,3.5,0.0058552170165348345
High manufacturing,4.0,0.006691676590325523
High manufacturing,4.5,0.007528136164116215
High manufacturing,5.0,0.008364595737906905
High manufacturing,5.5,0.009201055311697594
High manufacturing,6.0,0.01003751488548828
High manufacturing,6.5,0.010873974459278977
High manufacturing,7.0,0.011710434033069669
High manufacturing,7.5,0.01254689360686035
High manufacturing,8.0,0.013383353180651047
High manufacturing,8.5,0.014219812754441723
High manufacturing,9.0,0.01505627232823243
High manufacturing,9.5,0.015892731902023116
High manufacturing,10.0,0.01672919147581381
High manufacturing,10.5,0.017565651049604496
High manufacturing,11.0,0.01840211062339519
High manufacturing,11.5,0.01914716045318588
High manufacturing,12.0,0.01998362002697656
High manufacturing,12.5,0.020820079600767264
High manufacturing,13.0,0.021656539174557957
High manufacturing,13.5,0.02249299874834864
High manufacturing,14.0,0.023329458322139337
High manufacturing,14.5,0.024165917895930023
High manufacturing,15.0,0.0249771032957207
High manufacturing,15.5,0.025813271557511397
High manufacturing,16.0,0.026649731131302094
High manufacturing,16.5,0.02748619070509278
High manufacturing,17.0,0.02832265027888345
High manufacturing,17.5,0.02915910985267418
High manufacturing,18.0,0.02999556942646486
High manufacturing,18.5,0.030832029000255542
High manufacturing,19.0,0.031668488574046236
High manufacturing,19.5,0.03250494814783693
High manufacturing,20.0,0.03334140772162762
High manufacturing,20.5,0.034177867295418295
High manufacturing,21.0,0.035014326869208995
High manufacturing,21.5,0.03585078644299969
High manufacturing,22.0,0.03668724601679038
High manufacturing,22.5,0.037523705590581054
High manufacturing,23.0,0.03836016516437177
High manufacturing,23.5,0.03919662473816245
High manufacturing,24.0,0.04003308431195313
High manufacturing,24.5,0.04086954388574384
High manufacturing,25.0,0.04170600345953453
High manufacturing,25.5,0.04228254404974333
High manufacturing,26.0,0.04284881460013693
High manufacturing,26.5,0.04339794552009314
High manufacturing,27.0,0.04393647702617661
High manufacturing,27.5,0.0444587794758548
High manufacturing,28.0,0.044969073019286106
High manufacturing,28.5,0.04546529999213875
High manufacturing,29.0,0.045946959423188036
High manufacturing,29.5,0.046417420707638116
High manufacturing,30.0,0.04687073137863312
High manufacturing,30.5,0.04731199132453996
High manufacturing,31.0,0.04774118225968172
High manufacturing,31.5,0.048153056414680796
High manufacturing,32.0,0.04855321284168029
High manufacturing,32.5,0.04894165154068008
High manufacturing,33.0,0.04931200616468924
High manufacturing,33.5,0.04967040968796195
High manufacturing,34.0,0.0500168621104981
High manufacturing,34.5,0.05034780237254881
High manufacturing,35.0,0.05066403264315257
High manufacturing,35.5,0.05087668796552496
High manufacturing,36.0,0.05116858782766608
High manufacturing,36.5,0.05144366474798971
High manufacturing,37.0,0.051705072110031856
High manufacturing,37.5,0.05195411899947467
High manufacturing,38.0,0.05219080541631818
High manufacturing,38.5,0.05241207809139572
High manufacturing,39.0,0.05261814097654778
High manufacturing,39.5,0.052811666457953085
High manufacturing,40.0,0.05299265453561163
High manufacturing,40.5,0.053121589084359336
High manufacturing,41.0,0.05323347904327362
High manufacturing,41.5,0.053331087141121156
High manufacturing,42.0,0.053410394299618975
High manufacturing,42.5,0.053475408721135646
High manufacturing,43.0,0.053527513150481536
High manufacturing,43.5,0.053562620068056975
High manufacturing,44.0,0.053576457866701226
High manufacturing,44.5,0.05357719924015048
High manufacturing,45.0,0.053564874781768176
High manufacturing,45.5,0.05353557847606605
High manufacturing,46.0,0.05349014995727194
High manufacturing,46.5,0.053430879594632746
High manufacturing,47.0,0.05335401799752656
High manufacturing,47.5,0.05326081596598552
High manufacturing,48.0,0.053150580758331595
High manufacturing,48.5,0.053027120411388004
High manufacturing,49.0,0.052890467109370135
High manufacturing,49.5,0.052740653033325986
High manufacturing,50.0,0.052571036191718316
High manufacturing,50.5,0.052382907441285834
High manufacturing,51.0,0.05218148544155819
High manufacturing,51.5,0.05196680303846774
High manufacturing,52.0,0.05173889307488379
High manufacturing,52.5,0.05149082056829718
High manufacturing,53.0,0.051229474618631275
High manufacturing,53.5,0.050954888661947514
High manufacturing,54.0,0.05066709613133915
High manufacturing,54.5,0.05036302568498048
High manufacturing,55.0,0.05004056463647521
High manufacturing,55.5,0.04970156380630592
High manufacturing,56.0,0.04934928805725483
High manufacturing,56.5,0.048983771332980194
High manufacturing,57.0,0.048605047574226345
High manufacturing,57.5,0.04821315071881226
High manufacturing,58.0,0.047805105018847514
High manufacturing,58.5,0.04738012037254372
High manufacturing,59.0,0.0469419656388228
High manufacturing,59.5,0.04648698886982563
High manufacturing,60.0,0.0460180144032207
High manufacturing,60.5,0.045535888079001274
High manufacturing,61.0,0.04504064426861874
High manufacturing,61.5,0.04452801242786661
High manufacturing,62.0,0.043999907746537184
High manufacturing,62.5,0.043458696788191704
High manufacturing,63.0,0.04290441430090229
High manufacturing,63.5,0.04233709502986407
High manufacturing,64.0,0.041756773717383615
High manufacturing,64.5,0.04116348510286723
High manufacturing,65.0,0.04055726392281107
High manufacturing,65.5,0.03992598562287442
High manufacturing,66.0,0.03928222410780715
High manufacturing,66.5,0.03862633994568133
High manufacturing,67.0,0.03795856958493477
High manufacturing,67.5,0.03728301432357988
High manufacturing,68.0,0.03659635536751825
High manufacturing,68.5,0.03589925015021079
High manufacturing,69.0,0.035191677888372026
High manufacturing,69.5,0.03447205247293902
High manufacturing,70.0,0.03374053790693587
High manufacturing,70.5,0.033000381931580086
High manufacturing,71.0,0.03225197432034556
High manufacturing,71.5,0.03149562154000271
High manufacturing,72.0,0.03072903096957856
High manufacturing,72.5,0.02994861437685007
High manufacturing,73.0,0.02915695193379156
High manufacturing,73.5,0.028356706688682717
High manufacturing,74.0,0.027548528402741565
High manufacturing,74.5,0.026728977981250485
High manufacturing,75.0,0.025895580855567195
Earlier storage,0.0,0.0
Earlier storage,0.5,0.0008463142917090096
Earlier storage,1.0,0.0016926285834180192
Earlier storage,1.5,0.0025389428751270275
Earlier storage,2.0,0.0033852571668360385
Earlier storage,2.5,0.004231571458545047
Earlier storage,3.0,0.005077885750254055
Earlier storage,3.5,0.005924200041963068
Earlier storage,4.0,0.006770514333672077
Earlier storage,4.5,0.007616828625381085
Earlier storage,5.0,0.008463142917090095
Earlier storage,5.5,0.009309457208799103
Earlier storage,6.0,0.01015577150050811
Earlier storage,6.5,0.011002085792217125
Earlier storage,7.0,0.011848400083926135
Earlier storage,7.5,0.012694714375635133
Earlier storage,8.0,0.013541028667344154
Earlier storage,8.5,0.014387342959053147
Earlier storage,9.0,0.01523365725076217
Earlier storage,9.5,0.016079971542471178
Earlier storage,10.0,0.01692628583418019
Earlier storage,10.5,0.017772600125889187
Earlier storage,11.0,0.018618914417598206
Earlier storage,11.5,0.019373818965307224
Earlier storage,12.0,0.02022013325701622
Earlier storage,12.5,0.02106644754872523
Earlier storage,13.0,0.021912761840434253
Earlier storage,13.5,0.022759076132143244
Earlier storage,14.0,0.02360539042385227
Earlier storage,14.5,0.02445170471556127
Earlier storage,15.0,0.02527274483327027
Earlier storage,15.5,0.025885739992074715
Earlier storage,16.0,0.026477179157915403
Earlier storage,16.5,0.02704728221199609
Earlier storage,17.0,0.0275966348897612
Earlier storage,17.5,0.028122425024023522
Earlier storage,18.0,0.028627419049535505
Earlier storage,18.5,0.02911199201954867
Earlier storage,19.0,0.02957304627569932
Earlier storage,19.5,0.030015668313726516
Earlier storage,20.0,0.03043342748541812
Earlier storage,20.5,0.030833443021407447
Earlier storage,21.0,0.031208880326593188
Earlier storage,21.5,0.031565859798969524
Earlier storage,22.0,0.03190015960752664
Earlier storage,22.5,0.03221381506045145
Earlier storage,23.0,0.032508302952309664
Earlier storage,23.5,0.032778477615912224
Earlier storage,24.0,0.03302996842784359
Earlier storage,24.5,0.033261174625378434
Earlier storage,25.0,0.03346873133993091
Earlier storage,25.5,0.03365930988550313
Earlier storage,26.0,0.0338309432303878
Earlier storage,26.5,0.03397960825035817
Earlier storage,27.0,0.03410910610940972
Earlier storage,27.5,0.03422089626170066
Earlier storage,28.0,0.0343122427785134
Earlier storage,28.5,0.03438116189322007
Earlier storage,29.0,0.03443157602131828
Earlier storage,29.5,0.03446262694282372
Earlier storage,30.0,0.03447571452812076
Earlier storage,30.5,0.03446435317167798
Earlier storage,31.0,0.03443359407756944
Earlier storage,31.5,0.034384600080481074
Earlier storage,32.0,0.03431607154164638
Earlier storage,32.5,0.03422800846106528
Earlier storage,33.0,0.034116864417997314
Earlier storage,33.5,0.03398603791275681
Earlier storage,34.0,0.033835528945343696
Earlier storage,34.5,0.033666052891602585
Earlier storage,35.0,0.03347741464903036
Earlier storage,35.5,0.03317726624267622
Earlier storage,36.0,0.032944594901333946
Earlier storage,36.5,0.032692997304245276
Earlier storage,37.0,0.032421840798254706
Earlier storage,37.5,0.03213087232209992
Earlier storage,38.0,0.031820091875781005
Earlier storage,38.5,0.03149005246322397
Earlier storage,39.0,0.031140692639548256
Earlier storage,39.5,0.03076581556831185
Earlier storage,40.0,0.030370982089508794
Earlier storage,40.5,0.029934778199469863
Earlier storage,41.0,0.029479971924242593
Earlier storage,41.5,0.029006679142692855
Earlier storage,42.0,0.028511101045978877
Earlier storage,42.5,0.028000605079946776
Earlier storage,43.0,0.027474941378690294
Earlier storage,43.5,0.02692930934798845
Earlier storage,44.0,0.026362338994331987
Earlier storage,44.5,0.025782903424280613
Earlier storage,45.0,0.02519115648294863
Earlier storage,45.5,0.02458189499155024
Earlier storage,46.0,0.02395889787477381
Earlier storage,46.5,0.023323436191199143
Earlier storage,47.0,0.022675378612666573
Earlier storage,47.5,0.02201050973565219
Earlier storage,48.0,0.021331529624317953
Earlier storage,48.5,0.020640082492966973
Earlier storage,49.0,0.019930719962295215
Earlier storage,49.5,0.01920296973382882
Earlier storage,50.0,0.01845727113664665
Earlier storage,50.5,0.017699797880381996
Earlier storage,51.0,0.016929526081073742
Earlier storage,51.5,0.016144440662555416
Earlier storage,52.0,0.01534568337401004
Earlier storage,52.5,0.014530214954385098
Earlier storage,53.0,0.013702588901810184
Earlier storage,53.5,0.01286089386263698
Earlier storage,54.0,0.012004464077966789
Earlier storage,54.5,0.011135135291614931
Earlier storage,55.0,0.01025174432865923
Earlier storage,55.5,0.009353614066437978
Earlier storage,56.0,0.008435717561201601
Earlier storage,56.5,0.0074985921572074095
Earlier storage,57.0,0.0065477313614787334
Earlier storage,57.5,0.00558295607369695
Earlier storage,58.0,0.004605250035357958
Earlier storage,58.5,0.0036121241062211156
Earlier storage,59.0,0.0026045130205775563
Earlier storage,59.5,0.0015826798359345707
Earlier storage,60.0,0.000547332961997416
Earlier storage,60.5,0.0003413931778070969
Earlier storage,61.0,0.00013575351028842584
Earlier storage,61.5,-7.254838968864114e-05
Earlier storage,62.0,-0.00028429569848750563
Earlier storage,62.5,-0.0004978059674163463
Earlier storage,63.0,-0.0007117468813635469
Earlier storage,63.5,-0.0009273934349263418
Earlier storage,64.0,-0.0011435510850609943
Earlier storage,64.5,-0.0013597880604211713
Earlier storage,65.0,-0.0015752441651372849
Earlier storage,65.5,-0.0018078193599330252
Earlier storage,66.0,-0.002043101446641509
Earlier storage,66.5,-0.0022810467404673867
Earlier storage,67.0,-0.002520340615970821
Earlier storage,67.5,-0.0027620921689133528
Earlier storage,68.0,-0.0030039753804560485
Earlier storage,68.5,-0.0032440271407628914
Earlier storage,69.0,-0.0034844408719890145
Earlier storage,69.5,-0.003727821553921807
Earlier storage,70.0,-0.003977693850992206
Earlier storage,70.5,-0.004229746880414669
Earlier storage,71.0,-0.004483566543404096
Earlier storage,71.5,-0.004737952958588037
Earlier storage,72.0,-0.004993824052667167
Earlier storage,72.5,-0.0052506124525237615
Earlier storage,73.0,-0.005507186340486199
Earlier storage,73.5,-0.005764218818507082
Earlier storage,74.0,-0.006022795330638226
Earlier storage,74.5,-0.0062852538156842035
Earlier storage,75.0,-0.006551657733949242
Later storage,0.0,0.0
Later storage,0.5,0.0008463142917090096
Later storage,1.0,0.0016926285834180192
Later storage,1.5,0.0025389428751270275
Later storage,2.0,0.0033852571668360385
Later storage,2.5,0.004231571458545047
Later storage,3.0,0.005077885750254055
Later storage,3.5,0.005924200041963068
Later storage,4.0,0.006770514333672077
Later storage,4.5,0.007616828625381085
Later storage,5.0,0.008463142917090095
Later storage,5.5,0.009309457208799103
Later storage,6.0,0.01015577150050811
Later storage,6.5,0.011002085792217125
Later storage,7.0,0.011848400083926135
Later storage,7.5,0.012694714375635133
Later storage,8.0,0.013541028667344154
Later storage,8.5,0.014387342959053147
Later storage,9.0,0.01523365725076217
Later storage,9.5,0.016079971542471178
Later storage,10.0,0.01692628583418019
Later storage,10.5,0.017772600125889187
Later storage,11.0,0.018618914417598206
Later storage,11.5,0.019373818965307224
Later storage,12.0,0.02022013325701622
Later storage,12.5,0.02106644754872523
Later storage,13.0,0.021912761840434253
Later storage,13.5,0.022759076132143244
Later storage,14.0,0.02360539042385227
Later storage,14.5,0.02445170471556127
Later storage,15.0,0.02527274483327027
Later storage,15.5,0.026118767812979282
Later storage,16.0,0.026965082104688304
Later storage,16.5,0.0278113963963973
Later storage,17.0,0.028657710688106297
Later storage,17.5,0.02950402497981534
Later storage,18.0,0.030350339271524345
Later storage,18.5,0.031196653563233343
Later storage,19.0,0.03204296785494236
Later storage,19.5,0.03288928214665137
Later storage,20.0,0.03373559643836038
Later storage,20.5,0.034581910730069366
Later storage,21.0,0.03542822502177838
Later storage,21.5,0.03627453931348739
Later storage,22.0,0.03712085360519641
Later storage,22.5,0.03796716789690541
Later storage,23.0,0.03881348218861445
Later storage,23.5,0.03965979648032344
Later storage,24.0,0.040506110772032436
Later storage,24.5,0.04135242506374146
Later storage,25.0,0.04219873935545046
Later storage,25.5,0.043047020678866794
Later storage,26.0,0.04389530200228318
Later storage,26.5,0.04474544214760131
Later storage,27.0,0.04559558229291947
Later storage,27.5,0.04644718189239589
Later storage,28.0,0.04729907338270396
Later storage,28.5,0.048151751574664205
Later storage,29.0,0.0490052879866087
Later storage,29.5,0.04985882439855317
Later storage,30.0,0.05071376068088198
Later storage,30.5,0.05156883695024927
Later storage,31.0,0.05242405002369716
Later storage,31.5,0.053280562735911585
Later storage,32.0,0.05413707544812607
Later storage,32.5,0.0549935881603405
Later storage,33.0,0.055851435825879314
Later storage,33.5,0.05670928349141817
Later storage,34.0,0.05756713115695697
Later storage,34.5,0.058425694198340365
Later storage,35.0,0.05928477751306521
Later storage,35.5,0.06005245108379002
Later storage,36.0,0.06091153439851484
Later storage,36.5,0.06177150342765747
Later storage,37.0,0.06263172551806238
Later storage,37.5,0.06349194760846724
Later storage,38.0,0.06435216969887218
Later storage,38.5,0.06521294479320316
Later storage,39.0,0.06607421144657966
Later storage,39.5,0.06693547809995615
Later storage,40.0,0.06779674475333258
Later storage,40.5,0.06860614407298374
Later storage,41.0,0.06941493648889477
Later storage,41.5,0.07022264380841747
Later storage,42.0,0.07102319699378139
Later storage,42.5,0.07182081297915058
Later storage,43.0,0.0726169305294869
Later storage,43.5,0.07340939505820188
Later storage,44.0,0.07419594174513339
Later storage,44.5,0.07498082028427364
Later storage,45.0,0.07576402929241974
Later storage,45.5,0.07654139150437198
Later storage,46.0,0.07731374441624812
Later storage,46.5,0.07808437569737987
Later storage,47.0,0.07885384116891625
Later storage,47.5,0.07961811097775418
Later storage,48.0,0.08037640067554405
Later storage,48.5,0.08113269936607927
Later storage,49.0,0.08188700583119805
Later storage,49.5,0.08263931884959586
Later storage,50.0,0.08338258104918556
Later storage,50.5,0.08385516564202417
Later storage,51.0,0.08432082701341692
Later storage,51.5,0.08477958000666058
Later storage,52.0,0.08523143946201196
Later storage,52.5,0.0856591637832152
Later storage,53.0,0.08607971726196276
Later storage,53.5,0.08649311534749841
Later storage,54.0,0.08689937348612049
Later storage,54.5,0.08729249263070184
Later storage,55.0,0.0876715504330504
Later storage,55.5,0.08803982600214068
Later storage,56.0,0.08840073598784792
Later storage,56.5,0.08875429637667412
Later storage,57.0,0.08909151100436591
Later storage,57.5,0.08942085312419538
Later storage,58.0,0.08973957867929877
Later storage,58.5,0.09004682513061857
Later storage,59.0,0.0903465339878319
Later storage,59.5,0.09063167890584176
Later storage,60.0,0.0909076284390665
Later storage,60.5,0.09117595191707888
Later storage,61.0,0.09143666618628554
Later storage,61.5,0.09168526332151532
Later storage,62.0,0.09192204065351925
Later storage,62.5,0.0921439136778361
Later storage,63.0,0.09235800515102698
Later storage,63.5,0.09256433229831244
Later storage,64.0,0.09276291234204591
Later storage,64.5,0.0929537625017021
Later storage,65.0,0.09313689999386708
Later storage,65.5,0.09329728853231105
Later storage,66.0,0.09344977689456362
Later storage,66.5,0.09359438263488071
Later storage,67.0,0.0937311233046453
Later storage,67.5,0.09386001645235581
Later storage,68.0,0.09398107962361572
Later storage,68.5,0.09409301326657263
Later storage,69.0,0.09419006412263889
Later storage,69.5,0.09427702967431496
Later storage,70.0,0.09435166676792432
Later storage,70.5,0.09441835937424709
Later storage,71.0,0.09447712532101785
Later storage,71.5,0.0945279824330391
Later storage,72.0,0.09457094853217131
Later storage,72.5,0.09460179941924582
Later storage,73.0,0.09462132373759334
Later storage,73.5,0.09463291094645439
Later storage,74.0,0.09463657908641916
Later storage,74.5,0.09462961919465569
Later storage,75.0,0.09461108019365119
No storage,0.0,0.0
No storage,0.5,0.0008463142917090096
No storage,1.0,0.0016926285834180192
No storage,1.5,0.0025389428751270275
No storage,2.0,0.0033852571668360385
No storage,2.5,0.004231571458545047
No storage,3.0,0.005077885750254055
No storage,3.5,0.005924200041963068
No storage,4.0,0.006770514333672077
No storage,4.5,0.007616828625381085
No storage,5.0,0.008463142917090095
No storage,5.5,0.009309457208799103
No storage,6.0,0.01015577150050811
No storage,6.5,0.011002085792217125
No storage,7.0,0.011848400083926135
No storage,7.5,0.012694714375635133
No storage,8.0,0.013541028667344154
No storage,8.5,0.014387342959053147
No storage,9.0,0.01523365725076217
No storage,9.5,0.016079971542471178
No storage,10.0,0.01692628583418019
No storage,10.5,0.017772600125889187
No storage,11.0,0.018618914417598206
No storage,11.5,0.019373818965307224
No storage,12.0,0.02022013325701622
No storage,12.5,0.02106644754872523
No storage,13.0,0.021912761840434253
No storage,13.5,0.022759076132143244
No storage,14.0,0.02360539042385227
No storage,14.5,0.02445170471556127
No storage,15.0,0.02527274483327027
No storage,15.5,0.026118767812979282
No storage,16.0,0.026965082104688304
No storage,16.5,0.0278113963963973
No storage,17.0,0.028657710688106297
No storage,17.5,0.02950402497981534
No storage,18.0,0.030350339271524345
No storage,18.5,0.031196653563233343
No storage,19.0,0.03204296785494236
No storage,19.5,0.03288928214665137
No storage,20.0,0.03373559643836038
No storage,20.5,0.034581910730069366
No storage,21.0,0.03542822502177838
No storage,21.5,0.03627453931348739
No storage,22.0,0.03712085360519641
No storage,22.5,0.03796716789690541
No storage,23.0,0.03881348218861445
No storage,23.5,0.03965979648032344
No storage,24.0,0.040506110772032436
No storage,24.5,0.04135242506374146
No storage,25.0,0.04219873935545046
No storage,25.5,0.043047020678866794
No storage,26.0,0.04389530200228318
No storage,26.5,0.04474544214760131
No storage,27.0,0.04559558229291947
No storage,27.5,0.04644718189239589
No storage,28.0,0.04729907338270396
No storage,28.5,0.048151751574664205
No storage,29.0,0.0490052879866087
No storage,29.5,0.04985882439855317
No storage,30.0,0.05071376068088198
No storage,30.5,0.05156883695024927
No storage,31.0,0.05242405002369716
No storage,31.5,0.053280562735911585
No storage,32.0,0.05413707544812607
No storage,32.5,0.0549935881603405
No storage,33.0,0.055851435825879314
No storage,33.5,0.05670928349141817
No storage,34.0,0.05756713115695697
No storage,34.5,0.058425694198340365
No storage,35.0,0.05928477751306521
No storage,35.5,0.06005245108379002
No storage,36.0,0.06091153439851484
No storage,36.5,0.06177150342765747
No storage,37.0,0.06263172551806238
No storage,37.5,0.06349194760846724
No storage,38.0,0.06435216969887218
No storage,38.5,0.06521294479320316
No storage,39.0,0.06607421144657966
No storage,39.5,0.06693547809995615
No storage,40.0,0.06779674475333258
No storage,40.5,0.06860614407298374
No storage,41.0,0.06941493648889477
No storage,41.5,0.07022264380841747
No storage,42.0,0.07102319699378139
No storage,42.5,0.07182081297915058
No storage,43.0,0.0726169305294869
No storage,43.5,0.07340939505820188
No storage,44.0,0.07419594174513339
No storage,44.5,0.07498082028427364
No storage,45.0,0.07576402929241974
No storage,45.5,0.07654139150437198
No storage,46.0,0.07731374441624812
No storage,46.5,0.07808437569737987
No storage,47.0,0.07885384116891625
No storage,47.5,0.07961811097775418
No storage,48.0,0.08037640067554405
No storage,48.5,0.08113269936607927
No storage,49.0,0.08188700583119805
No storage,49.5,0.08263931884959586
No storage,50.0,0.08338258104918556
No storage,50.5,0.08412405088034337
No storage,51.0,0.08486337814075477
No storage,51.5,0.0856005616793205
No storage,52.0,0.08633560034190131
No storage,52.5,0.08706113391304389
No storage,53.0,0.08778438259709002
No storage,53.5,0.08850534530438217
No storage,54.0,0.08922402094231723
No storage,54.5,0.08994082202288736
No storage,55.0,0.09065172805939467
No storage,55.5,0.09135681362688389
No storage,56.0,0.09205947834594229
No storage,56.5,0.09275972117378392
No storage,57.0,0.09345754106473073
No storage,57.5,0.0941529369702014
No storage,58.0,0.09484274095553331
No storage,58.5,0.09552607301320758
No storage,59.0,0.09620685718443991
No storage,59.5,0.09688553931665318
No storage,60.0,0.09756177085121087
No storage,60.5,0.09823545147760729
No storage,61.0,0.09890658018285681
No storage,61.5,0.09957063118239588
No storage,62.0,0.10022956806835698
No storage,62.5,0.10088583818045606
No storage,63.0,0.10153944054167056
No storage,63.5,0.10219037417212248
No storage,64.0,0.1028386380890666
No storage,64.5,0.10348423130687898
No storage,65.0,0.1041271528370471
No storage,65.5,0.10476104220968921
No storage,66.0,0.10539215521695557
No storage,66.5,0.1060204909013675
No storage,67.0,0.10664604830257328
No storage,67.5,0.10726882645733668
No storage,68.0,0.10788882439952657
No storage,68.5,0.10850604116010475
No storage,69.0,0.10912047576711373
No storage,69.5,0.10972992859578673
No storage,70.0,0.11033213771363258
No storage,70.5,0.11093146831261697
No storage,71.0,0.11152791944165986
No storage,71.5,0.1121214901467493
No storage,72.0,0.11271217947093122
No storage,72.5,0.11330021383890636
No storage,73.0,0.11388554681087595
No storage,73.5,0.1144679955132974
No storage,74.0,0.11504755897732397
No storage,74.5,0.11562150923068672
No storage,75.0,0.11618887618643603
Zero thermal response,0.0,0.0
Zero thermal response,0.5,0.000867996210470526
Zero thermal response,1.0,0.001735992420941052
Zero thermal response,1.5,0.0026039886314115773
Zero thermal response,2.0,0.003471984841882104
Zero thermal response,2.5,0.004339981052352631
Zero thermal response,3.0,0.005207977262823155
Zero thermal response,3.5,0.006075973473293684
Zero thermal response,4.0,0.006943969683764208
Zero thermal response,4.5,0.0078119658942347354
Zero thermal response,5.0,0.008679962104705261
Zero thermal response,5.5,0.009547958315175784
Zero thermal response,6.0,0.01041595452564631
Zero thermal response,6.5,0.011283950736116842
Zero thermal response,7.0,0.012151946946587368
Zero thermal response,7.5,0.013019943157057885
Zero thermal response,8.0,0.013887939367528416
Zero thermal response,8.5,0.01475593557799893
Zero thermal response,9.0,0.015623931788469471
Zero thermal response,9.5,0.016491927998939993
Zero thermal response,10.0,0.017359924209410522
Zero thermal response,10.5,0.018227920419881038
Zero thermal response,11.0,0.019095916630351567
Zero thermal response,11.5,0.0199639128408221
Zero thermal response,12.0,0.02083190905129262
Zero thermal response,12.5,0.021699905261763144
Zero thermal response,13.0,0.022567901472233684
Zero thermal response,13.5,0.02343589768270419
Zero thermal response,14.0,0.024303893893174736
Zero thermal response,14.5,0.025171890103645254
Zero thermal response,15.0,0.02603988631411577
Zero thermal response,15.5,0.026907882524586292
Zero thermal response,16.0,0.027775878735056832
Zero thermal response,16.5,0.028643874945527347
Zero thermal response,17.0,0.02951187115599786
Zero thermal response,17.5,0.030379867366468416
Zero thermal response,18.0,0.031247863576938942
Zero thermal response,18.5,0.03211585978740946
Zero thermal response,19.0,0.032983855997879986
Zero thermal response,19.5,0.03385185220835051
Zero thermal response,20.0,0.034719848418821045
Zero thermal response,20.5,0.03558784462929154
Zero thermal response,21.0,0.036455840839762076
Zero thermal response,21.5,0.0373238370502326
Zero thermal response,22.0,0.038191833260703134
Zero thermal response,22.5,0.03905982947117365
Zero thermal response,23.0,0.0399278256816442
Zero thermal response,23.5,0.040795821892114704
Zero thermal response,24.0,0.04166381810258524
Zero thermal response,24.5,0.04253181431305578
Zero thermal response,25.0,0.04339981052352629
Zero thermal response,25.5,0.04402135565151939
Zero thermal response,26.0,0.0446332360311801
Zero thermal response,26.5,0.04522638380200314
Zero thermal response,27.0,0.045809524641078486
Zero thermal response,27.5,0.046375301960876754
Zero thermal response,28.0,0.046929306767920245
Zero thermal response,28.5,0.04746889463575422
Zero thermal response,29.0,0.047993472106103274
Zero thermal response,29.5,0.04850742164007854
Zero thermal response,30.0,0.04900312937468005
Zero thermal response,30.5,0.04948718130140284
Zero thermal response,31.0,0.04995956252661572
Zero thermal response,31.5,0.05041364090030551
Zero thermal response,32.0,0.050856553527268325
Zero thermal response,32.5,0.0512883004075041
Zero thermal response,33.0,0.05170093262560643
Zero thermal response,33.5,0.05210215822075736
Zero thermal response,34.0,0.052491977192956785
Zero thermal response,34.5,0.05286597843873381
Zero thermal response,35.0,0.05322519063439186
Zero thermal response,35.5,0.05357277536133835
Zero thermal response,36.0,0.053908732619573324
Zero thermal response,36.5,0.05422734788995649
Zero thermal response,37.0,0.054532524043681564
Zero thermal response,37.5,0.054825871434478785
Zero thermal response,38.0,0.05510739006234823
Zero thermal response,38.5,0.05537336453874409
Zero thermal response,39.0,0.055624068290529204
Zero thermal response,39.5,0.05586276099481137
Zero thermal response,40.0,0.056089442651590556
Zero thermal response,40.5,0.056264145757793683
Zero thermal response,41.0,0.05642142071527663
Zero thermal response,41.5,0.05656459157680246
Zero thermal response,42.0,0.056689904082295094
Zero thermal response,42.5,0.05680137737658522
Zero thermal response,43.0,0.05690039660417965
Zero thermal response,43.5,0.056982617622372854
Zero thermal response,44.0,0.05704351433847362
Zero thermal response,44.5,0.05709176858604193
Zero thermal response,45.0,0.05712740925616448
Zero thermal response,45.5,0.05714652012007453
Zero thermal response,46.0,0.057149941455792184
Zero thermal response,46.5,0.05713987290224732
Zero thermal response,47.0,0.05711208622574478
Zero thermal response,47.5,0.0570683999378047
Zero thermal response,48.0,0.057008118791515065
Zero thermal response,48.5,0.056935056315933326
Zero thermal response,49.0,0.05684924304292855
Zero thermal response,49.5,0.05675070950122693
Zero thermal response,50.0,0.056632801702304066
Zero thermal response,50.5,0.056496223942841046
Zero thermal response,51.0,0.05634679099702009
Zero thermal response,51.5,0.05618453407836159
Zero thermal response,52.0,0.056009484397346126
Zero thermal response,52.5,0.055814695694660625
Zero thermal response,53.0,0.055607065477442305
Zero thermal response,53.5,0.05538662556578416
Zero thermal response,54.0,0.05515340777683358
Zero thermal response,54.5,0.054903988926254914
Zero thermal response,55.0,0.054636426990462415
Zero thermal response,55.5,0.05435274728852853
Zero thermal response,56.0,0.054056217025968446
Zero thermal response,56.5,0.053746868544555355
Zero thermal response,57.0,0.053424734183170335
Zero thermal response,57.5,0.053089846277791265
Zero thermal response,58.0,0.05273922450407151
Zero thermal response,58.5,0.05237207666467436
Zero thermal response,59.0,0.051992173840781246
Zero thermal response,59.5,0.05159549581110484
Zero thermal response,60.0,0.05118515201872494
Zero thermal response,60.5,0.05076206834865591
Zero thermal response,61.0,0.05032627758246667
Zero thermal response,61.5,0.049873504150658804
Zero thermal response,62.0,0.049405663481563056
Zero thermal response,62.5,0.04892512248871019
Zero thermal response,63.0,0.04843191434028172
Zero thermal response,63.5,0.04792607220160372
Zero thermal response,64.0,0.047407629235134995
Zero thermal response,64.5,0.046876618600455715
Zero thermal response,65.0,0.04633307345425742
Zero thermal response,65.5,0.04576443974156817
Zero thermal response,66.0,0.045183718777598934
Zero thermal response,66.5,0.04459126955837467
Zero thermal response,67.0,0.04398732696030746
Zero thermal response,67.5,0.04337599070940546
Zero thermal response,68.0,0.042753940439587454
Zero thermal response,68.5,0.04212183201235337
Zero thermal response,69.0,0.04147964307247836
Zero thermal response,69.5,0.04082578023884665
Zero thermal response,70.0,0.040160399927529955
Zero thermal response,70.5,0.039486759546898106
Zero thermal response,71.0,0.03880524729370798
Zero thermal response,71.5,0.03811616805803479
Zero thermal response,72.0,0.03741722764223209
Zero thermal response,72.5,0.03670477538720223
Zero thermal response,73.0,0.03598140527417099
Zero thermal response,73.5,0.035249828373799745
Zero thermal response,74.0,0.03451069287072127
Zero thermal response,74.5,0.03376055158465957
Zero thermal response,75.0,0.03299692591423233
Fixed battery life,0.0,0.0
Fixed battery life,0.5,0.0008463142917090096
Fixed battery life,1.0,0.0016926285834180192
Fixed battery life,1.5,0.0025389428751270275
Fixed battery life,2.0,0.0033852571668360385
Fixed battery life,2.5,0.004231571458545047
Fixed battery life,3.0,0.005077885750254055
Fixed battery life,3.5,0.005924200041963068
Fixed battery life,4.0,0.006770514333672077
Fixed battery life,4.5,0.007616828625381085
Fixed battery life,5.0,0.008463142917090095
Fixed battery life,5.5,0.009309457208799103
Fixed battery life,6.0,0.01015577150050811
Fixed battery life,6.5,0.011002085792217125
Fixed battery life,7.0,0.011848400083926135
Fixed battery life,7.5,0.012694714375635133
Fixed battery life,8.0,0.013541028667344154
Fixed battery life,8.5,0.014387342959053147
Fixed battery life,9.0,0.01523365725076217
Fixed battery life,9.5,0.016079971542471178
Fixed battery life,10.0,0.01692628583418019
Fixed battery life,10.5,0.017772600125889187
Fixed battery life,11.0,0.018618914417598206
Fixed battery life,11.5,0.019373818965307224
Fixed battery life,12.0,0.02022013325701622
Fixed battery life,12.5,0.02106644754872523
Fixed battery life,13.0,0.021912761840434253
Fixed battery life,13.5,0.022759076132143244
Fixed battery life,14.0,0.02360539042385227
Fixed battery life,14.5,0.02445170471556127
Fixed battery life,15.0,0.02527274483327027
Fixed battery life,15.5,0.026118767812979282
Fixed battery life,16.0,0.026965082104688304
Fixed battery life,16.5,0.0278113963963973
Fixed battery life,17.0,0.028657710688106297
Fixed battery life,17.5,0.02950402497981534
Fixed battery life,18.0,0.030350339271524345
Fixed battery life,18.5,0.031196653563233343
Fixed battery life,19.0,0.03204296785494236
Fixed battery life,19.5,0.03288928214665137
Fixed battery life,20.0,0.03373559643836038
Fixed battery life,20.5,0.034581910730069366
Fixed battery life,21.0,0.03542822502177838
Fixed battery life,21.5,0.03627453931348739
Fixed battery life,22.0,0.03712085360519641
Fixed battery life,22.5,0.03796716789690541
Fixed battery life,23.0,0.03881348218861445
Fixed battery life,23.5,0.03965979648032344
Fixed battery life,24.0,0.040506110772032436
Fixed battery life,24.5,0.04135242506374146
Fixed battery life,25.0,0.04219873935545046
Fixed battery life,25.5,0.042800569596389386
Fixed battery life,26.0,0.043392735088995917
Fixed battery life,26.5,0.0439680267946666
Fixed battery life,27.0,0.04453331156858958
Fixed battery life,27.5,0.04508269227739373
Fixed battery life,28.0,0.045620592364274765
Fixed battery life,28.5,0.04614486221359847
Fixed battery life,29.0,0.046654979885421465
Fixed battery life,29.5,0.04715446962087068
Fixed battery life,30.0,0.04763711742733048
Fixed battery life,30.5,0.048108249412950006
Fixed battery life,31.0,0.048567847501140314
Fixed battery life,31.5,0.049010442376574
Fixed battery life,32.0,0.04944187150528074
Fixed battery life,32.5,0.04986213488726041
Fixed battery life,33.0,0.05026461856043106
Fixed battery life,33.5,0.05065569561065029
Fixed battery life,34.0,0.05103536603791804
Fixed battery life,34.5,0.051399934114607894
Fixed battery life,35.0,0.05175023341452024
Fixed battery life,35.5,0.05199749550172101
Fixed battery life,36.0,0.05232453986421029
Fixed battery life,36.5,0.05263512795326559
Fixed battery life,37.0,0.05293252998692503
Fixed battery life,37.5,0.053218103257656614
Fixed battery life,38.0,0.05349184776546043
Fixed battery life,38.5,0.0537506011257168
Fixed battery life,39.0,0.05399457532040784
Fixed battery life,39.5,0.05422653846759593
Fixed battery life,40.0,0.05444649056728106
Fixed battery life,40.5,0.05461446411639013
Fixed battery life,41.0,0.05468931072768645
Fixed battery life,41.5,0.054722645939503364
Fixed battery life,42.0,0.05473563779663021
Fixed battery life,42.5,0.05473230544389766
Fixed battery life,43.0,0.05471403402581253
Fixed battery life,43.5,0.054676655465499845
Fixed battery life,44.0,0.05461581457490819
Fixed battery life,44.5,0.054539838475341024
Fixed battery life,45.0,0.05444875605788506
Fixed battery life,45.5,0.05433865109377356
Fixed battery life,46.0,0.05421036386102663
Fixed battery life,46.5,0.05406616091189705
Fixed battery life,47.0,0.05390214475046541
Fixed battery life,47.5,0.053719729536685
Fixed battery life,48.0,0.053518220023643905
Fixed battery life,48.5,0.053301429740399475
Fixed battery life,49.0,0.05306938921882084
Fixed battery life,49.5,0.0528221289876342
Fixed battery life,50.0,0.0525529950583151
Fixed battery life,50.5,0.052263100234785066
Fixed battery life,51.0,0.051957845043624475
Fixed battery life,51.5,0.05163726069835372
Fixed battery life,52.0,0.051301378409453396
Fixed battery life,52.5,0.0509432519176104
Fixed battery life,53.0,0.05056977872996198
Fixed battery life,53.5,0.050180990666601144
Fixed battery life,54.0,0.04977691954467524
Fixed battery life,54.5,0.04935437920929787
Fixed battery life,55.0,0.048911305072202184
Fixed battery life,55.5,0.0484496031277447
Fixed battery life,56.0,0.047972540581440654
Fixed battery life,56.5,0.04748014977506319
Fixed battery life,57.0,0.04697246304749342
Fixed battery life,57.5,0.04644951273470919
Fixed battery life,58.0,0.04590831851236389
Fixed battery life,58.5,0.04534808818312077
Fixed battery life,59.0,0.04477259282816132
Fixed battery life,59.5,0.04417817469147641
Fixed battery life,60.0,0.0435676597228618
Fixed battery life,60.5,0.042941893101907734
Fixed battery life,61.0,0.04230090761018308
Fixed battery life,61.5,0.041640427678189505
Fixed battery life,62.0,0.04096236873425768
Fixed battery life,62.5,0.04026909769191837
Fixed battery life,63.0,0.03956064771935315
Fixed battery life,63.5,0.038837051981888034
Fixed battery life,64.0,0.038098343641981836
Fixed battery life,64.5,0.03734455585921475
Fixed battery life,65.0,0.03657572179027828
Fixed battery life,65.5,0.035785743369843456
Fixed battery life,66.0,0.03498145520465486
Fixed battery life,66.5,0.03416322079027601
Fixed battery life,67.0,0.03333127950265758
Fixed battery life,67.5,0.032489735567346294
Fixed battery life,68.0,0.03163527311779946
Fixed battery life,68.5,0.03076855251505556
Fixed battery life,69.0,0.029889555903428285
Fixed battery life,69.5,0.028996699712315045
Fixed battery life,70.0,0.028090150729989244
Fixed battery life,70.5,0.02717316053347573
Fixed battery life,71.0,0.026246121832211707
Fixed battery life,71.5,0.025309344028952657
Fixed battery life,72.0,0.024360537438732514
Fixed battery life,72.5,0.023398664493487435
Fixed battery life,73.0,0.022425847953125175
Fixed battery life,73.5,0.021442729675925157
Fixed battery life,74.0,0.020449962359200453
Fixed battery life,74.5,0.019444109678524564
Fixed battery life,75.0,0.018422700180626944
Production-event PV accounting,0.0,0.0
Production-event PV accounting,0.5,-0.0007637435141706564
Production-event PV accounting,1.0,-0.0015274870283413127
Production-event PV accounting,1.5,-0.00229123054251197
Production-event PV accounting,2.0,-0.0030549740566826254
Production-event PV accounting,2.5,-0.0038187175708532793
Production-event PV accounting,3.0,-0.00458246108502394
Production-event PV accounting,3.5,-0.005346204599194592
Production-event PV accounting,4.0,-0.006109948113365251
Production-event PV accounting,4.5,-0.006873691627535903
Production-event PV accounting,5.0,-0.0076374351417065585
Production-event PV accounting,5.5,-0.008401178655877216
Production-event PV accounting,6.0,-0.00916492217004788
Production-event PV accounting,6.5,-0.00992866568421852
Production-event PV accounting,7.0,-0.010692409198389183
Production-event PV accounting,7.5,-0.011456152712559845
Production-event PV accounting,8.0,-0.012219896226730502
Production-event PV accounting,8.5,-0.012983639740901179
Production-event PV accounting,9.0,-0.013747383255071806
Production-event PV accounting,9.5,-0.014511126769242466
Production-event PV accounting,10.0,-0.015274870283413117
Production-event PV accounting,10.5,-0.016038613797583784
Production-event PV accounting,11.0,-0.01680235731175443
Production-event PV accounting,11.5,-0.01765751056992508
Production-event PV accounting,12.0,-0.01842125408409576
Production-event PV accounting,12.5,-0.01918499759826641
Production-event PV accounting,13.0,-0.01994874111243704
Production-event PV accounting,13.5,-0.020712484626607738
Production-event PV accounting,14.0,-0.021476228140778368
Production-event PV accounting,14.5,-0.022239971654949026
Production-event PV accounting,15.0,-0.023028989343119692
Production-event PV accounting,15.5,-0.023793024169290362
Production-event PV accounting,16.0,-0.024556767683461007
Production-event PV accounting,16.5,-0.025320511197631686
Production-event PV accounting,17.0,-0.026084254711802354
Production-event PV accounting,17.5,-0.02684799822597294
Production-event PV accounting,18.0,-0.02761174174014361
Production-event PV accounting,18.5,-0.02837548525431429
Production-event PV accounting,19.0,-0.029139228768484935
Production-event PV accounting,19.5,-0.029902972282655593
Production-event PV accounting,20.0,-0.03066671579682623
Production-event PV accounting,20.5,-0.03143045931099692
Production-event PV accounting,21.0,-0.032194202825167564
Production-event PV accounting,21.5,-0.03295794633933821
Production-event PV accounting,22.0,-0.03372168985350886
Production-event PV accounting,22.5,-0.034485433367679556
Production-event PV accounting,23.0,-0.035249176881850156
Production-event PV accounting,23.5,-0.036012920396020824
Production-event PV accounting,24.0,-0.036776663910191514
Production-event PV accounting,24.5,-0.0375404074243621
Production-event PV accounting,25.0,-0.038304150938532816
Production-event PV accounting,25.5,-0.039312378503473557
Production-event PV accounting,26.0,-0.04033027081674667
Production-event PV accounting,26.5,-0.0413650369169557
Production-event PV accounting,27.0,-0.04240980994891239
Production-event PV accounting,27.5,-0.04347048704598791
Production-event PV accounting,28.0,-0.04454264476498651
Production-event PV accounting,28.5,-0.045628432721542475
Production-event PV accounting,29.0,-0.04672837285559912
Production-event PV accounting,29.5,-0.0478389409260296
Production-event PV accounting,30.0,-0.04896635092544943
Production-event PV accounting,30.5,-0.05010527674570958
Production-event PV accounting,31.0,-0.051255736463398975
Production-event PV accounting,31.5,-0.05242319939384492
Production-event PV accounting,32.0,-0.053601828071017876
Production-event PV accounting,32.5,-0.054791622494917855
Production-event PV accounting,33.0,-0.05599919662762692
Production-event PV accounting,33.5,-0.05721817738328733
Production-event PV accounting,34.0,-0.05844856476189927
Production-event PV accounting,34.5,-0.059694054491089076
Production-event PV accounting,35.0,-0.06095381299705632
Production-event PV accounting,35.5,-0.06231660871573522
Production-event PV accounting,36.0,-0.06359962215912561
Production-event PV accounting,36.5,-0.06489909187594999
Production-event PV accounting,37.0,-0.06621174764817025
Production-event PV accounting,37.5,-0.06753623218331833
Production-event PV accounting,38.0,-0.06887254548139414
Production-event PV accounting,38.5,-0.07022384992701747
Production-event PV accounting,39.0,-0.07158993353820607
Production-event PV accounting,39.5,-0.07296802819689767
Production-event PV accounting,40.0,-0.07435813390309215
Production-event PV accounting,40.5,-0.07576021388333404
Production-event PV accounting,41.0,-0.07717797818433551
Production-event PV accounting,41.5,-0.07860857778682727
Production-event PV accounting,42.0,-0.08005945902302185
Production-event PV accounting,42.5,-0.08152410500150527
Production-event PV accounting,43.0,-0.08300027585095449
Production-event PV accounting,43.5,-0.08449335026744594
Production-event PV accounting,44.0,-0.08600895180293525
Production-event PV accounting,44.5,-0.08753635660767013
Production-event PV accounting,45.0,-0.08907553440736118
Production-event PV accounting,45.5,-0.09063247681664519
Production-event PV accounting,46.0,-0.09220592840923802
Production-event PV accounting,46.5,-0.09379199749099168
Production-event PV accounting,47.0,-0.09539435388099379
Production-event PV accounting,47.5,-0.097013379739196
Production-event PV accounting,48.0,-0.09865012938421337
Production-event PV accounting,48.5,-0.10029896807267573
Production-event PV accounting,49.0,-0.10195986405455262
Production-event PV accounting,49.5,-0.10363278557981322
Production-event PV accounting,50.0,-0.10532734405687758
Production-event PV accounting,50.5,-0.10703938809930763
Production-event PV accounting,51.0,-0.10876365378938868
Production-event PV accounting,51.5,-0.11050010876250092
Production-event PV accounting,52.0,-0.11224872065402447
Production-event PV accounting,52.5,-0.11401927038916583
Production-event PV accounting,53.0,-0.11580207997199894
Production-event PV accounting,53.5,-0.11759711649277335
Production-event PV accounting,54.0,-0.1194043470417387
Production-event PV accounting,54.5,-0.12122678010011884
Production-event PV accounting,55.0,-0.1230679131025478
Production-event PV accounting,55.5,-0.12492582878027149
Production-event PV accounting,56.0,-0.12679605572410738
Production-event PV accounting,56.5,-0.12867856054949642
Production-event PV accounting,57.0,-0.1305733098718792
Production-event PV accounting,57.5,-0.13248027030669648
Production-event PV accounting,58.0,-0.13440345096077022
Production-event PV accounting,58.5,-0.13634393078363932
Production-event PV accounting,59.0,-0.13829666206216118
Production-event PV accounting,59.5,-0.14026521716144622
Production-event PV accounting,60.0,-0.1422468331825779
Production-event PV accounting,60.5,-0.14424068253083636
Production-event PV accounting,61.0,-0.14624673141166672
Production-event PV accounting,61.5,-0.14827060538722348
Production-event PV accounting,62.0,-0.15030980341123598
Production-event PV accounting,62.5,-0.15236122699715876
Production-event PV accounting,63.0,-0.15442484199978784
Production-event PV accounting,63.5,-0.15650061427391904
Production-event PV accounting,64.0,-0.15858850967434848
Production-event PV accounting,64.5,-0.160688494055872
Production-event PV accounting,65.0,-0.1628005332732856
Production-event PV accounting,65.5,-0.1649385770897523
Production-event PV accounting,66.0,-0.16708825674556518
Production-event PV accounting,66.5,-0.16924921228722054
Production-event PV accounting,67.0,-0.17142120787795498
Production-event PV accounting,67.5,-0.1736001428285239
Production-event PV accounting,68.0,-0.17578933653887724
Production-event PV accounting,68.5,-0.17798813217847698
Production-event PV accounting,69.0,-0.18019655113059038
Production-event PV accounting,69.5,-0.1824167374913177
Production-event PV accounting,70.0,-0.18464910239831447
Production-event PV accounting,70.5,-0.1868892925289086
Production-event PV accounting,71.0,-0.18913691873526295
Production-event PV accounting,71.5,-0.19139167517329062
Production-event PV accounting,72.0,-0.19365585508368352
Production-event PV accounting,72.5,-0.19593288078102047
Production-event PV accounting,73.0,-0.19822020279812064
Production-event PV accounting,73.5,-0.20051529100615617
Production-event PV accounting,74.0,-0.20281749625164772
Production-event PV accounting,74.5,-0.20513089163649634
Production-event PV accounting,75.0,-0.20745817867094973
