case,net_gt,negative_regions,shortfall_gt,delivered_twh,pv_burden_gt
Baseline,120.02454030015716,5,0.046052192452025326,500278.50852956076,12.469703239572823
Production-event PV accounting,107.57216845235399,7,0.3527002761366277,500278.50852956076,24.922075087375987
Linear thermal exposure,121.67776338569098,5,0.04585095554310565,500278.50852956076,12.469703239572823
Lossless storage,125.63441848941767,5,0.04193341496389927,524498.0833563312,12.469703239572823
Zero thermal response,123.11560722680194,5,0.045632323337135544,500278.50852956076,12.469703239572823
No storage,129.1666993489318,4,0.018694001262869075,524498.0833563312,12.469703239572823
Fixed battery life,119.63711418124203,5,0.0505249838935148,500278.50852956076,12.469703239572823
Constant sizing 0.003,117.25297997367784,5,0.04646999774573956,493920.7131007555,12.469703239572823
No roof credit,119.30421385286839,5,0.05159947908026603,500278.50852956076,12.469703239572823
Reduced PV-grid,131.53743982828792,4,0.022705894188112113,524498.0833563312,12.469703239572823
