country,year,model,net_mitigation_mt_co2e
sweden,2025,Full,-0.007565928239849473
sweden,2026,Full,-0.026367184006361403
sweden,2027,Full,-0.03342563224137848
sweden,2028,Full,-0.05912626995821705
sweden,2029,Full,-0.10720502987319999
sweden,2030,Full,-0.1814184569151
sweden,2031,Full,-0.25541404659100003
sweden,2032,Full,-0.35901138237429997
sweden,2033,Full,-0.5679813993317
sweden,2034,Full,-0.9920054049014999
sweden,2035,Full,-1.4917062219508
sweden,2036,Full,-2.0826930210657
sweden,2037,Full,-2.7773385276732
sweden,2038,Full,-3.578200666747
sweden,2039,Full,-4.4764515492243
sweden,2040,Full,-5.4548422411996
sweden,2041,Full,-6.537271191128401
sweden,2042,Full,-7.7254304612102
sweden,2043,Full,-9.020886985523902
sweden,2044,Full,-10.3981365950814
sweden,2045,Full,-11.882152464379999
sweden,2046,Full,-13.4667978265801
sweden,2047,Full,-15.1601847443506
sweden,2048,Full,-16.9203037557152
sweden,2049,Full,-18.782708564646498
sweden,2050,Full,-20.7481397242349
sweden,2025,Reduced,-0.0073639089951598406
sweden,2026,Reduced,-0.025740368965524958
sweden,2027,Reduced,-0.05880155552205335
sweden,2028,Reduced,-0.1102425522413
sweden,2029,Reduced,-0.1837806920781
sweden,2030,Reduced,-0.2831548850802
sweden,2031,Reduced,-0.4086552166713
sweden,2032,Reduced,-0.5634106743907
sweden,2033,Reduced,-0.7505794760322
sweden,2034,Reduced,-0.9733491041928
sweden,2035,Reduced,-1.234936330485
sweden,2036,Reduced,-1.5384204749678
sweden,2037,Reduced,-1.8869062938299
sweden,2038,Reduced,-2.2832235658846
sweden,2039,Reduced,-2.7282419774856
sweden,2040,Reduced,-3.2249392947849
sweden,2041,Reduced,-3.7709493539072
sweden,2042,Reduced,-4.3681628099334
sweden,2043,Reduced,-5.0184260023676
sweden,2044,Reduced,-5.7235410249381
sweden,2045,Reduced,-6.4852658241581
sweden,2046,Reduced,-7.3055871136367
sweden,2047,Reduced,-8.1864427015327
sweden,2048,Reduced,-9.129721381798701
sweden,2049,Reduced,-10.1372628527696
sweden,2050,Reduced,-11.2108576633095
norway,2025,Full,-0.01887684275768294
norway,2026,Full,-0.057463468796993156
norway,2027,Full,-0.1053771262387
norway,2028,Full,-0.1746766352458
norway,2029,Full,-0.26620449178530003
norway,2030,Full,-0.38080573018520003
norway,2031,Full,-0.5075464378661
norway,2032,Full,-0.6584833265844999
norway,2033,Full,-0.8634231989784
norway,2034,Full,-1.1654718706690999
norway,2035,Full,-1.5073421050838
norway,2036,Full,-1.8955194385911
norway,2037,Full,-2.3342766838153
norway,2038,Full,-2.823958734904
norway,2039,Full,-3.3595798735487996
norway,2040,Full,-3.9330953222921003
norway,2041,Full,-4.554066638659
norway,2042,Full,-5.222588429537
norway,2043,Full,-5.9387204217161
norway,2044,Full,-6.691112099134401
norway,2045,Full,-7.489097023101
norway,2046,Full,-8.331382638393999
norway,2047,Full,-9.220970053363
norway,2048,Full,-10.1402861783108
norway,2049,Full,-11.1035172079527
norway,2050,Full,-12.1105006142141
norway,2025,Reduced,-0.018823282308409732
norway,2026,Reduced,-0.057297052345919565
norway,2027,Reduced,-0.1162521225713
norway,2028,Reduced,-0.1965226330472
norway,2029,Reduced,-0.29894575815549995
norway,2030,Reduced,-0.4243614075526
norway,2031,Reduced,-0.5730477814170001
norway,2032,Reduced,-0.7458368372341
norway,2033,Reduced,-0.943568517056
norway,2034,Reduced,-1.167090750962
norway,2035,Reduced,-1.4172594561701002
norway,2036,Reduced,-1.6948683849353
norway,2037,Reduced,-2.0007176337521
norway,2038,Reduced,-2.3353599782132
norway,2039,Reduced,-2.6977658955779
norway,2040,Reduced,-3.088581096413
norway,2041,Reduced,-3.5063636671604
norway,2042,Reduced,-3.9513284471875
norway,2043,Reduced,-4.4236761495487
norway,2044,Reduced,-4.923593477075401
norway,2045,Reduced,-5.4512532508688
norway,2046,Reduced,-6.0069293016725
norway,2047,Reduced,-6.5908797518779005
norway,2048,Reduced,-7.2033470577189
norway,2049,Reduced,-7.8445580632737
norway,2050,Reduced,-8.5147240663629
france,2025,Full,0.5627747844265001
france,2026,Full,1.6588238755347
france,2027,Full,3.4287436238743
france,2028,Full,5.6723460669914
france,2029,Full,8.359552626648199
france,2030,Full,11.460104803026601
france,2031,Full,15.1107634113487
france,2032,Full,19.107415751191798
france,2033,Full,22.927255394859
france,2034,Full,25.8131186628138
france,2035,Full,28.6293969506154
france,2036,Full,31.3373514842721
france,2037,Full,33.7743843226423
france,2038,Full,35.9517546933893
france,2039,Full,37.8453301598235
france,2040,Full,39.5415783242362
france,2041,Full,40.8375456608049
france,2042,Full,41.6984222970965
france,2043,Full,42.0901445922562
france,2044,Full,42.149995601442896
france,2045,Full,41.6777308286417
france,2046,Full,40.6397596928975
france,2047,Full,38.9156604438659
france,2048,Full,36.8813558685313
france,2049,Full,34.301934389171095
france,2050,Full,31.137726206050697
france,2025,Reduced,0.5670317341656
france,2026,Reduced,1.6722346025878
france,2027,Reduced,3.2865529995634
france,2028,Reduced,5.3807402252687
france,2029,Reduced,7.925362605011499
france,2030,Reduced,10.8908036927605
france,2031,Reduced,14.244165473444399
france,2032,Reduced,17.9522605852382
france,2033,Reduced,21.9816118882692
france,2034,Reduced,26.2984520765859
france,2035,Reduced,30.868723357357
france,2036,Reduced,35.6591434794158
france,2037,Reduced,40.6361638411198
france,2038,Reduced,45.7621009806004
france,2039,Reduced,50.9769875756875
france,2040,Reduced,56.242823708785004
france,2041,Reduced,61.524987998578595
france,2042,Reduced,66.789314527711
france,2043,Reduced,72.0020952985244
france,2044,Reduced,77.13008249931761
france,2045,Reduced,82.1404905880713
france,2046,Reduced,86.99925517702691
france,2047,Reduced,91.6728106486473
france,2048,Reduced,96.1280935772278
france,2049,Reduced,100.3325459771555
france,2050,Reduced,104.2541183769559
paraguay,2025,Full,0.004235372684289817
paraguay,2026,Full,0.010948111545814283
paraguay,2027,Full,0.032200151964550054
paraguay,2028,Full,0.052396699873879696
paraguay,2029,Full,0.06976381441003875
paraguay,2030,Full,0.08252317137488617
paraguay,2031,Full,0.1043659468607
paraguay,2032,Full,0.1199690859034
paraguay,2033,Full,0.08941227067715932
paraguay,2034,Full,-0.04463352105599675
paraguay,2035,Full,-0.20305196580409998
paraguay,2036,Full,-0.4019669907835
paraguay,2037,Full,-0.6691094043013
paraguay,2038,Full,-0.9538260062856
paraguay,2039,Full,-1.2777895720888
paraguay,2040,Full,-1.6319630803979002
paraguay,2041,Full,-2.0264563516500997
paraguay,2042,Full,-2.4617938912937998
paraguay,2043,Full,-2.9384598249138
paraguay,2044,Full,-3.4430725933459
paraguay,2045,Full,-3.9898624928260995
paraguay,2046,Full,-4.6059045230078
paraguay,2047,Full,-5.329732140662699
paraguay,2048,Full,-6.1011226818652
paraguay,2049,Full,-6.9342838504638005
paraguay,2050,Full,-7.8295548836940005
paraguay,2025,Reduced,0.004603732002998658
paraguay,2026,Reduced,0.012079382344873853
paraguay,2027,Reduced,0.020688727266823383
paraguay,2028,Reduced,0.02868747776139222
paraguay,2029,Reduced,0.034325640578897886
paraguay,2030,Reduced,0.03584788526229583
paraguay,2031,Reduced,0.033156678788003
paraguay,2032,Reduced,0.02478133935094774
paraguay,2033,Reduced,0.009240834524344715
paraguay,2034,Reduced,-0.014956205322053492
paraguay,2035,Reduced,-0.04931146796569949
paraguay,2036,Reduced,-0.0952500287793432
paraguay,2037,Reduced,-0.15420526187310002
paraguay,2038,Reduced,-0.2275641268395
paraguay,2039,Reduced,-0.3163187623446
paraguay,2040,Reduced,-0.42196525911410004
paraguay,2041,Reduced,-0.5410556739142
paraguay,2042,Reduced,-0.6742689425669
paraguay,2043,Reduced,-0.8222634469960001
paraguay,2044,Reduced,-0.9856771937575
paraguay,2045,Reduced,-1.1651280101063999
paraguay,2046,Reduced,-1.3613555376999
paraguay,2047,Reduced,-1.5750768613722
paraguay,2048,Reduced,-1.8069866023078
paraguay,2049,Reduced,-2.0577570279533
paraguay,2050,Reduced,-2.3280381786169997
switzerland,2025,Full,0.02136373985383166
switzerland,2026,Full,0.06169807765425642
switzerland,2027,Full,0.13459380247990002
switzerland,2028,Full,0.2216265536521
switzerland,2029,Full,0.3203570655586
switzerland,2030,Full,0.4283318834835
switzerland,2031,Full,0.5617853325823999
switzerland,2032,Full,0.7028062277228
switzerland,2033,Full,0.8046114942411
switzerland,2034,Full,0.7993286215608999
switzerland,2035,Full,0.7620724963478
switzerland,2036,Full,0.7041003690117
switzerland,2037,Full,0.6073515005444999
switzerland,2038,Full,0.4698182152356
switzerland,2039,Full,0.2948327993922
switzerland,2040,Full,0.09213251952440812
switzerland,2041,Full,-0.15581776396799998
switzerland,2042,Full,-0.4507933013035
switzerland,2043,Full,-0.7944882982982
switzerland,2044,Full,-1.1725165087771001
switzerland,2045,Full,-1.6024113918188
switzerland,2046,Full,-2.0859946980026
switzerland,2047,Full,-2.6400978357255998
switzerland,2048,Full,-3.2159624763323
switzerland,2049,Full,-3.839940232484
switzerland,2050,Full,-4.5129864607805
switzerland,2025,Reduced,0.02179150938613086
switzerland,2026,Reduced,0.06302971003521692
switzerland,2027,Reduced,0.1213535067809
switzerland,2028,Reduced,0.19438589664630002
switzerland,2029,Reduced,0.2797343578259
switzerland,2030,Reduced,0.3749912468864
switzerland,2031,Reduced,0.48045707864509996
switzerland,2032,Reduced,0.5942729282711
switzerland,2033,Reduced,0.7145616286066
switzerland,2034,Reduced,0.8394277470335
switzerland,2035,Reduced,0.9669575685396
switzerland,2036,Reduced,1.0953191226563
switzerland,2037,Reduced,1.2226644630898
switzerland,2038,Reduced,1.3470354101054
switzerland,2039,Reduced,1.4659718898188
switzerland,2040,Reduced,1.5774043546585998
switzerland,2041,Reduced,1.6795618833861
switzerland,2042,Reduced,1.770702688201
switzerland,2043,Reduced,1.8491141618862998
switzerland,2044,Reduced,1.9131129073449
switzerland,2045,Reduced,1.9610447501456998
switzerland,2046,Reduced,1.9911210864192999
switzerland,2047,Reduced,2.0015855336121
switzerland,2048,Reduced,1.9907140681922
switzerland,2049,Reduced,1.956815147215
switzerland,2050,Reduced,1.8982298136183
iceland,2025,Full,-0.001668226918554671
iceland,2026,Full,-0.005036271578269962
iceland,2027,Full,-0.009365986673559333
iceland,2028,Full,-0.015458765815042559
iceland,2029,Full,-0.023346221348800128
iceland,2030,Full,-0.03305992863025733
iceland,2031,Full,-0.04383428891927428
iceland,2032,Full,-0.056472974287204214
iceland,2033,Full,-0.0726803711627609
iceland,2034,Full,-0.09493054702323485
iceland,2035,Full,-0.1197435638222
iceland,2036,Full,-0.14769462648909998
iceland,2037,Full,-0.1789723049875
iceland,2038,Full,-0.21357930196789998
iceland,2039,Full,-0.2511807710445
iceland,2040,Full,-0.29117584404860003
iceland,2041,Full,-0.3343236793298
iceland,2042,Full,-0.3806236225663
iceland,2043,Full,-0.43007291613180004
iceland,2044,Full,-0.4818160611144
iceland,2045,Full,-0.5364771645674999
iceland,2046,Full,-0.5940507683356
iceland,2047,Full,-0.6546574653083
iceland,2048,Full,-0.7172450143932
iceland,2049,Full,-0.7827016453304
iceland,2050,Full,-0.8510107691016
iceland,2025,Reduced,-0.0016658759204305328
iceland,2026,Reduced,-0.005028866536998959
iceland,2027,Reduced,-0.01012023774033487
iceland,2028,Reduced,-0.016971262799268323
iceland,2029,Reduced,-0.02561320167389496
iceland,2030,Reduced,-0.03607727993331656
iceland,2031,Reduced,-0.04836721864359979
iceland,2032,Reduced,-0.06251653779206587
iceland,2033,Reduced,-0.07855910757869242
iceland,2034,Reduced,-0.0965291481542474
iceland,2035,Reduced,-0.11646122905999999
iceland,2036,Reduced,-0.13838545548050002
iceland,2037,Reduced,-0.1623321682702
iceland,2038,Reduced,-0.1883122502483
iceland,2039,Reduced,-0.216215004643
iceland,2040,Reduced,-0.24605948318260001
iceland,2041,Reduced,-0.2778508670041
iceland,2042,Reduced,-0.31159344305450004
iceland,2043,Reduced,-0.3472906127536
iceland,2044,Reduced,-0.3849449015425
iceland,2045,Reduced,-0.4245579692885
iceland,2046,Reduced,-0.46613849476130004
iceland,2047,Reduced,-0.5096941690244
iceland,2048,Reduced,-0.5552316999353001
iceland,2049,Reduced,-0.6027568174622999
iceland,2050,Reduced,-0.6522742798225
