case,year,net_mitigation_gt_co2e
Baseline,2025,0.0005627747844265
Baseline,2026,0.0016588238755347
Baseline,2027,0.0034287436238743
Baseline,2028,0.0056723460669914
Baseline,2029,0.0083595526266482
Baseline,2030,0.0114601048030266
Baseline,2031,0.0151107634113487
Baseline,2032,0.0191074157511918
Baseline,2033,0.022927255394859
Baseline,2034,0.0258131186628138
Baseline,2035,0.0286293969506154
Baseline,2036,0.0313373514842721
Baseline,2037,0.0337743843226423
Baseline,2038,0.0359517546933893
Baseline,2039,0.0378453301598235
Baseline,2040,0.0395415783242362
Baseline,2041,0.0408375456608049
Baseline,2042,0.0416984222970965
Baseline,2043,0.0420901445922562
Baseline,2044,0.0421499956014429
Baseline,2045,0.0416777308286417
Baseline,2046,0.0406397596928975
Baseline,2047,0.0389156604438659
Baseline,2048,0.0368813558685313
Baseline,2049,0.0343019343891711
Baseline,2050,0.0311377262060507
Low manufacturing,2025,0.0005627747844265
Low manufacturing,2026,0.001659254186519
Low manufacturing,2027,0.0034305003207998
Low manufacturing,2028,0.005676829385446
Low manufacturing,2029,0.0083687085646379
Low manufacturing,2030,0.0114764701755972
Low manufacturing,2031,0.0151379587625481
Low manufacturing,2032,0.0191501784830869
Low manufacturing,2033,0.0230110940511469
Low manufacturing,2034,0.026003141461625
Low manufacturing,2035,0.0289614872511662
Low manufacturing,2036,0.0318405602793799
Low manufacturing,2037,0.0344794473984409
Low manufacturing,2038,0.0368905809507842
Low manufacturing,2039,0.0390471309621612
Low manufacturing,2040,0.0410400590985818
Low manufacturing,2041,0.0426837507608037
Low manufacturing,2042,0.0439483351646405
Low manufacturing,2043,0.0448047823172694
Low manufacturing,2044,0.0453954867393318
Low manufacturing,2045,0.0455251862173771
Low manufacturing,2046,0.0451909390834187
Low manufacturing,2047,0.0442834826751707
Low manufacturing,2048,0.0431900020958605
Low manufacturing,2049,0.0416880231451111
Low manufacturing,2050,0.0397553176224605
High manufacturing,2025,0.0005627747844265
High manufacturing,2026,0.0016579767988691
High manufacturing,2027,0.0034252921645336
High manufacturing,2028,0.0056635560034132
High manufacturing,2029,0.0083416423765304
High manufacturing,2030,0.0114281709871997
High manufacturing,2031,0.0150597157529727
High manufacturing,2032,0.0190319713589779
High manufacturing,2033,0.0227978009689831
High manufacturing,2034,0.0255638175582378
High manufacturing,2035,0.0282364928938858
High manufacturing,2036,0.0307798604149853
High manufacturing,2037,0.0330317634263697
High manufacturing,2038,0.0350043881888876
High manufacturing,2039,0.036677780488135
High manufacturing,2040,0.0381363360053737
High manufacturing,2041,0.0391698068322435
High manufacturing,2042,0.0397429518592221
High manufacturing,2043,0.0398212604199555
High manufacturing,2044,0.0395415694016091
High manufacturing,2045,0.0387033225851398
High manufacturing,2046,0.0372717596121942
High manufacturing,2047,0.0351255015502437
High manufacturing,2048,0.032639482553468
High manufacturing,2049,0.0295772751710209
High manufacturing,2050,0.0258955808555672
Earlier storage,2025,0.0005627747844265
Earlier storage,2026,0.0016588238755347
Earlier storage,2027,0.0034287436238743
Earlier storage,2028,0.0056723460669914
Earlier storage,2029,0.0083595526266482
Earlier storage,2030,0.0102289823438747
Earlier storage,2031,0.0118234930083975
Earlier storage,2032,0.0131626258757142
Earlier storage,2033,0.0141956421503893
Earlier storage,2034,0.0148754304304039
Earlier storage,2035,0.0152303639873712
Earlier storage,2036,0.0152101627704053
Earlier storage,2037,0.0146467385512904
Earlier storage,2038,0.0135606237076407
Earlier storage,2039,0.0120568905280553
Earlier storage,2040,0.0102546394218014
Earlier storage,2041,0.0079854327107134
Earlier storage,2042,0.0052275301520942
Earlier storage,2043,0.0019593749280705
Earlier storage,2044,-0.0016698210308289
Earlier storage,2045,-0.0048777239373948
Earlier storage,2046,-0.0045387063396707
Earlier storage,2047,-0.0045575425949346
Earlier storage,2048,-0.0046714898681618
Earlier storage,2049,-0.0052720708914644
Earlier storage,2050,-0.0065516577339492
Later storage,2025,0.0005627747844265
Later storage,2026,0.0016588238755347
Later storage,2027,0.0034287436238743
Later storage,2028,0.0056723460669914
Later storage,2029,0.0083595526266482
Later storage,2030,0.0114601048030266
Later storage,2031,0.0151107634113487
Later storage,2032,0.0191074157511918
Later storage,2033,0.0234182385992615
Later storage,2034,0.0280138237814465
Later storage,2035,0.0329390273736912
Later storage,2036,0.0381731235840371
Later storage,2037,0.0435656262259521
Later storage,2038,0.0491300253567566
Later storage,2039,0.0547808356175482
Later storage,2040,0.0606504052139004
Later storage,2041,0.0665338742461014
Later storage,2042,0.0713272910763991
Later storage,2043,0.0753572635064835
Later storage,2044,0.0792466462371938
Later storage,2045,0.0827920796477378
Later storage,2046,0.0859587552516206
Later storage,2047,0.0886222259449988
Later storage,2048,0.0911035352458122
Later storage,2049,0.0931098692207804
Later storage,2050,0.0946110801936511
No storage,2025,0.0005627747844265
No storage,2026,0.0016588238755347
No storage,2027,0.0034287436238743
No storage,2028,0.0056723460669914
No storage,2029,0.0083595526266482
No storage,2030,0.0114601048030266
No storage,2031,0.0151107634113487
No storage,2032,0.0191074157511918
No storage,2033,0.0234182385992615
No storage,2034,0.0280138237814465
No storage,2035,0.0329390273736912
No storage,2036,0.0381731235840371
No storage,2037,0.0435656262259521
No storage,2038,0.0491300253567566
No storage,2039,0.0547808356175482
No storage,2040,0.0606504052139004
No storage,2041,0.0665338742461014
No storage,2042,0.0723971389522979
No storage,2043,0.0782065583924153
No storage,2044,0.084099252486237
No storage,2045,0.0898722167816613
No storage,2046,0.0954914686547491
No storage,2047,0.1008321194098613
No storage,2048,0.1062143124490933
No storage,2049,0.1113438807410648
No storage,2050,0.116188876186436
Zero thermal response,2025,0.0005670317341656
Zero thermal response,2026,0.0016722346025878
Zero thermal response,2027,0.0034568487713864
Zero thermal response,2028,0.0057213317689147
Zero thermal response,2029,0.0084362499204804
Zero thermal response,2030,0.0115719867800525
Zero thermal response,2031,0.0152659401043823
Zero thermal response,2032,0.0193146267598221
Zero thermal response,2033,0.0231935864020966
Zero thermal response,2034,0.026141296219829
Zero thermal response,2035,0.029113529511626
Zero thermal response,2036,0.0318886952724645
Zero thermal response,2037,0.0344211331460926
Zero thermal response,2038,0.0366709288409847
Zero thermal response,2039,0.0386394679571833
Zero thermal response,2040,0.0404131657456333
Zero thermal response,2041,0.0417890114270865
Zero thermal response,2042,0.0427321329736059
Zero thermal response,2043,0.0432083996867535
Zero thermal response,2044,0.0433550226620266
Zero thermal response,2045,0.0429716805416698
Zero thermal response,2046,0.0420247009809084
Zero thermal response,2047,0.0404849853074998
Zero thermal response,2048,0.0385455452524517
Zero thermal response,2049,0.0360627825119856
Zero thermal response,2050,0.0329969259142323
Fixed battery life,2025,0.0005627747844265
Fixed battery life,2026,0.0016588238755347
Fixed battery life,2027,0.0034287436238743
Fixed battery life,2028,0.0056723460669914
Fixed battery life,2029,0.0083595526266482
Fixed battery life,2030,0.0114601048030266
Fixed battery life,2031,0.0151107634113487
Fixed battery life,2032,0.0191074157511918
Fixed battery life,2033,0.022927255394859
Fixed battery life,2034,0.0258131186628138
Fixed battery life,2035,0.0286293969506154
Fixed battery life,2036,0.0313373514842721
Fixed battery life,2037,0.0337743843226423
Fixed battery life,2038,0.0359517546933893
Fixed battery life,2039,0.0378453301598235
Fixed battery life,2040,0.0395415783242362
Fixed battery life,2041,0.0408375456608049
Fixed battery life,2042,0.0416984222970965
Fixed battery life,2043,0.0417599073063015
Fixed battery life,2044,0.0406831813628789
Fixed battery life,2045,0.0388537722268708
Fixed battery life,2046,0.036237222905127
Fixed battery life,2047,0.0327130295585326
Fixed battery life,2048,0.0286638704811037
Fixed battery life,2049,0.0239108471187463
Fixed battery life,2050,0.0184227001806269
Production-event PV accounting,2025,-0.0179465454915949
Production-event PV accounting,2026,-0.0345445092241392
Production-event PV accounting,2027,-0.0496527369388801
Production-event PV accounting,2028,-0.0634708501345709
Production-event PV accounting,2029,-0.0760283534032836
Production-event PV accounting,2030,-0.0873549283096128
Production-event PV accounting,2031,-0.0973916393890012
Production-event PV accounting,2032,-0.1063412760573238
Production-event PV accounting,2033,-0.1147252974356154
Production-event PV accounting,2034,-0.1232994945789887
Production-event PV accounting,2035,-0.1311980763359525
Production-event PV accounting,2036,-0.1384300063911417
Production-event PV accounting,2037,-0.1451572596463004
Production-event PV accounting,2038,-0.1513753424945511
Production-event PV accounting,2039,-0.1571602859700313
Production-event PV accounting,2040,-0.1627921373858288
Production-event PV accounting,2041,-0.1681109766956656
Production-event PV accounting,2042,-0.1731601435462025
Production-event PV accounting,2043,-0.1779823689317101
Production-event PV accounting,2044,-0.1824491711951457
Production-event PV accounting,2045,-0.1867697265397038
Production-event PV accounting,2046,-0.1910396177566953
Production-event PV accounting,2047,-0.1953867808567751
Production-event PV accounting,2048,-0.1994429594963017
Production-event PV accounting,2049,-0.2034508812542697
Production-event PV accounting,2050,-0.2074581786709497
