Id,grid_ef_2050_g_per_kwh,diagnostic_g_kwh,battery_life
13800.0,0.0,-41.70759299473244,25.0
13801.0,0.0,-41.04430600799907,25.0
19923.0,49.84903837327303,19.12412885576593,14.882706516192838
19924.0,53.31443677375147,23.012224497401974,14.882706516192838
19925.0,56.04711513059886,24.778586039779743,14.882706516192838
20282.0,31.75427871451856,-1.544215398347798,14.43122671639854
20283.0,34.9904289633754,5.1964193070923335,14.43122671639854
20284.0,37.94387832135827,0.6845301025300427,14.43122671639854
20285.0,40.43161911019397,10.338122294176529,14.43122671639854
20644.0,25.721641009598347,-2.7431245034848293,14.102212167368736
20645.0,27.828481811514308,-1.043940738075973,14.102212167368736
20646.0,29.52719354891256,-0.5397612930196033,14.102212167368736
21004.0,16.604596274012426,-12.106871936142836,13.860022017135575
21362.0,7.785668006594543,-67.9839895040891,13.64000082279577
21363.0,8.989534237232336,-76.48377197377182,13.64000082279577
21723.0,73.9560723585157,27.95632266328801,13.414852252994963
21725.0,71.06731566950029,39.12127570751504,13.414852252994963
21726.0,70.77326251429702,39.69234503258265,13.414852252994963
21727.0,73.82969701728592,42.13883309363534,13.414852252994963
21728.0,82.60199994641009,49.38831738026946,13.414852252994963
21729.0,99.2603676905451,64.75775822356772,13.414852252994963
22084.0,32.28972876772508,2.842785360184156,13.242307369081576
22085.0,33.578929156485415,5.141614510794551,13.242307369081576
22086.0,36.52945837352553,7.3897177284005,13.242307369081576
22087.0,42.72101114305792,12.830592589765727,13.242307369081576
22088.0,54.06924442446381,22.854965555156276,13.242307369081576
22089.0,72.43379281561728,39.47640130830365,13.242307369081576
22090.0,98.88982006151308,63.38117067892863,13.242307369081576
22445.0,14.768078204026372,-12.625937531970308,13.074252621951048
22446.0,18.03320795447414,-9.75758067092405,13.074252621951048
22447.0,24.026157644958293,-4.574738233028615,13.074252621951048
22448.0,34.29345140826853,4.455809244033151,13.074252621951048
22449.0,50.42481098923355,17.577658779120195,13.074252621951048
22450.0,73.3142490572048,37.925748885087664,13.074252621951048
22451.0,101.80216158854834,64.18155932794531,13.074252621951048
22803.0,16.0,-12.030662340833592,12.93196533228726
22804.0,16.0,-10.448173513956844,12.93196533228726
22806.0,8.879264641446989,-18.226230936365816,12.93196533228726
22807.0,13.346098120881091,-14.701235695704224,12.93196533228726
22808.0,21.009309457279027,-8.8353924082531,12.93196533228726
22809.0,33.135420396902305,0.6575235640887073,12.93196533228726
22810.0,50.425532728059295,15.93308764721944,12.93196533228726
23162.0,16.0,-9.669070772498022,12.837926448677546
23163.0,16.0,-9.999412064393596,12.837926448677546
23164.0,16.0,-10.24099103122538,12.837926448677546
23165.0,3.03463638011008,-23.046215611041568,12.837926448677546
23166.0,4.552012917538273,-21.82003982935068,12.837926448677546
23167.0,7.397795333673192,-19.929627659992992,12.837926448677546
23168.0,12.39143662292953,-16.28098288335733,12.837926448677546
23169.0,20.48326510265475,-10.28665248770777,12.837926448677546
23170.0,32.354891143604696,-0.1684355215666491,12.837926448677546
23521.0,16.0,-9.972348293596644,12.77256770947115
23522.0,16.0,-9.404759533274374,12.77256770947115
23523.0,16.0,-9.973370327475292,12.77256770947115
23524.0,16.0,-10.327907955260164,12.77256770947115
23525.0,16.0,-10.64670695910609,12.77256770947115
23526.0,2.7262512580705285,-23.64954870192863,12.77256770947115
23527.0,4.290589062428054,-22.774528615627755,12.77256770947115
23528.0,7.188814000012492,-20.188146066748555,12.77256770947115
23529.0,12.165756211348862,-16.17936569760717,12.77256770947115
23530.0,20.10223336486932,-10.632567072026632,12.77256770947115
23531.0,31.712480776692445,-0.6331339575577923,12.77256770947115
23532.0,46.94580664607536,12.837120284143465,12.77256770947115
23881.0,16.0,-10.1536354820552,12.70026267425171
23882.0,16.0,-9.597291267937369,12.70026267425171
23883.0,16.0,-10.40265250171075,12.70026267425171
23884.0,2.317662215793991,-23.65647988735257,12.70026267425171
23885.0,2.2239246457736344,-23.84100634025232,12.70026267425171
23886.0,2.3749533333933783,-23.79352413894747,12.70026267425171
23887.0,2.9898330513658498,-23.522104910836152,12.70026267425171
23888.0,4.438094112712126,-22.177808924804417,12.70026267425171
23889.0,7.347300290270938,-19.97817623487161,12.70026267425171
23890.0,12.732553544615111,-15.53521361949138,12.70026267425171
23891.0,21.937964504116746,-7.502752763980141,12.70026267425171
23892.0,35.99118275475263,5.584097438447948,12.70026267425171
23893.0,54.56609580784162,21.855553026445182,12.70026267425171
23894.0,75.92284027673442,42.773250907112434,12.70026267425171
24238.0,16.0,-9.635021315821245,12.6105053240076
24239.0,16.0,-9.120564374915006,12.6105053240076
24240.0,16.0,-9.54575800041974,12.6105053240076
24241.0,16.0,-9.522453849650828,12.6105053240076
24242.0,16.0,-9.320440512164504,12.6105053240076
24243.0,16.0,-9.958066997790146,12.6105053240076
24244.0,4.21291233705676,-21.995334995065413,12.6105053240076
24245.0,3.482122446742822,-21.89057065392701,12.6105053240076
24246.0,2.944536336678293,-22.4394669664974,12.6105053240076
24247.0,2.763155379329477,-22.9739082595589,12.6105053240076
24248.0,3.2023251925952283,-22.64857320644745,12.6105053240076
24249.0,4.750011465591878,-21.294955310181194,12.6105053240076
24250.0,8.305081700268815,-18.452181466085687,12.6105053240076
24251.0,15.285315789726376,-12.180519061024624,12.6105053240076
24252.0,27.275986131572864,-0.9002277522428394,12.6105053240076
24253.0,44.970566829472006,16.575790917595718,12.6105053240076
24254.0,67.24564570152573,36.472102531278885,12.6105053240076
24255.0,91.76136650343074,58.716211768319546,12.6105053240076
24598.0,16.0,-9.894120476167702,12.514541370600996
24599.0,16.0,-9.402920579460014,12.514541370600996
24600.0,16.0,-9.774240976101392,12.514541370600996
24601.0,16.0,-9.786231701598387,12.514541370600996
24602.0,10.93749145291094,-14.969193307231595,12.514541370600996
24603.0,8.958762599960673,-16.910233942229574,12.514541370600996
24604.0,7.001485176460734,-18.45721358961936,12.514541370600996
24605.0,5.24533799375658,-20.2911303614215,12.514541370600996
24606.0,3.848822625075736,-21.779788264941416,12.514541370600996
24607.0,2.937177288665094,-22.6476326863034,12.514541370600996
24608.0,2.6508414290882465,-23.311132607163305,12.514541370600996
24609.0,3.27180952277907,-22.779617115470344,12.514541370600996
24610.0,5.42270690299656,-20.6503746126224,12.514541370600996
24611.0,10.280872917099137,-16.593782940859896,12.514541370600996
24612.0,19.576018124206826,-7.8462807432823025,12.514541370600996
24613.0,34.92622195058624,6.176474781743396,12.514541370600996
24614.0,56.4795085737612,26.71934240792875,12.514541370600996
24615.0,82.20371007021933,50.640568123801216,12.514541370600996
24958.0,16.0,-10.532287209560392,12.42493965045698
24959.0,16.0,-10.158955159172804,12.42493965045698
24960.0,16.0,-10.21750818424403,12.42493965045698
24961.0,16.0,-10.461709494698834,12.42493965045698
24962.0,16.716167301683342,-12.071889600213044,12.42493965045698
24963.0,13.139886020023422,-13.080737137455532,12.42493965045698
24964.0,9.680505620672031,-15.843631119771478,12.42493965045698
24965.0,6.738649473368039,-19.18549820044395,12.42493965045698
24966.0,4.51635220729449,-21.4091517797132,12.42493965045698
24967.0,3.045417425343717,-22.67249929094395,12.42493965045698
24968.0,2.296113929695578,-22.961542730929192,12.42493965045698
24969.0,2.330049221098935,-23.460371611954653,12.42493965045698
24970.0,3.4824843838423565,-22.63329162717683,12.42493965045698
24971.0,6.584764540598429,-19.963397889295894,12.42493965045698
24972.0,13.159072940911456,-13.745429401235334,12.42493965045698
24973.0,25.24645967679045,-2.31227235060395,12.42493965045698
24974.0,44.30617587325702,14.42988988746338,12.42493965045698
24975.0,69.4906549899007,39.92834493873699,12.42493965045698
24976.0,97.4509125774284,64.54879896139796,12.42493965045698
25319.0,16.0,-11.605093591853644,12.316882018570738
25320.0,16.0,-10.80787966166251,12.316882018570738
25322.0,19.46839369299255,-7.632425411522346,12.316882018570738
25323.0,15.341766603360975,-10.801262903989151,12.316882018570738
25324.0,11.019331473870526,-15.076898074612057,12.316882018570738
25325.0,7.354110646981447,-18.939179127974967,12.316882018570738
25326.0,4.667933830350223,-21.5233349314476,12.316882018570738
25327.0,2.9252695601591654,-22.957726749450156,12.316882018570738
25328.0,1.9636993743849176,-23.92016224466494,12.316882018570738
25329.0,1.685640827224539,-24.169044378440457,12.316882018570738
25330.0,2.2119664098396004,-23.679883043858283,12.316882018570738
25331.0,4.057654475528559,-22.033473133146163,12.316882018570738
25332.0,8.366347273971757,-18.06858077898371,12.316882018570738
25333.0,17.057073490525333,-9.909118262128397,12.316882018570738
25334.0,32.307200661532995,4.622785235929091,12.316882018570738
25335.0,54.72526936320534,25.79234760730983,12.316882018570738
25336.0,81.57082137128666,49.04493249270857,12.316882018570738
25682.0,16.444090474470315,-10.57487716202153,12.20772955280239
25683.0,14.024635164139816,-12.97813799137283,12.20772955280239
25684.0,10.40210220277216,-19.32791077853614,12.20772955280239
25685.0,6.942030181076044,-19.627326963853964,12.20772955280239
25686.0,4.313812206514674,-21.96519693871392,12.20772955280239
25687.0,2.5982604868728707,-23.54797438067176,12.20772955280239
25688.0,1.625694267851624,-24.4039320535074,12.20772955280239
25689.0,1.23379842596429,-24.73812798999374,12.20772955280239
25690.0,1.418345587234964,-24.456709116063795,12.20772955280239
25691.0,2.4626639413793967,-23.50419868909153,12.20772955280239
25692.0,5.1319066284205,-20.97404969873897,12.20772955280239
25693.0,10.918375368486036,-15.427997982276112,12.20772955280239
25694.0,21.96829764735988,-4.503881757631519,12.20772955280239
25695.0,39.76751645597256,12.209088696294396,12.20772955280239
25696.0,62.72066988694149,32.62643434754082,12.20772955280239
25697.0,86.33180218584187,54.04806929916319,12.20772955280239
26042.0,10.194795119910534,-19.498669586267244,12.091154039473128
26044.0,8.143656807858221,-23.101889340596397,12.091154039473128
26045.0,5.714959383978336,-20.95048014290774,12.091154039473128
26046.0,3.603477904237225,-22.72839873240733,12.091154039473128
26047.0,2.1498836455988872,-23.872315322405484,12.091154039473128
26048.0,1.3056050023808596,-24.76253047307046,12.091154039473128
26049.0,0.927874245688974,-25.042452509699277,12.091154039473128
26050.0,0.9587361265187986,-24.768479076147088,12.091154039473128
26051.0,1.5330590295041993,-24.15462160428718,12.091154039473128
26052.0,3.115682095721101,-22.531892330216024,12.091154039473128
26053.0,6.71276515717442,-19.132300999973804,12.091154039473128
26054.0,13.962416327701032,-12.176386174261728,12.091154039473128
26055.0,26.349465145810743,-0.0667487165340463,12.091154039473128
26056.0,43.1712366581069,14.37718715350861,12.091154039473128
26057.0,61.135302695196565,30.76539460192649,12.091154039473128
26058.0,77.38965821593784,45.81316999894173,12.091154039473128
26059.0,91.07564475003976,58.81573581511617,12.091154039473128
26060.0,102.20931398819224,69.9418198658157,12.091154039473128
26403.0,5.74518529377025,-21.597781678861885,11.977326040901575
26404.0,5.31300237424638,-21.51690611973425,11.977326040901575
26405.0,4.104207315816049,-22.6122758992752,11.977326040901575
26406.0,2.735986663409342,-23.761915594435013,11.977326040901575
26407.0,1.6812003007118657,-24.820565525919147,11.977326040901575
26409.0,0.7636235086239668,-25.310624452465085,11.977326040901575
26410.0,0.7546611246153653,-24.99757710214697,11.977326040901575
26411.0,1.0681657268313614,-24.64705181418904,11.977326040901575
26412.0,1.954145786447045,-23.762181113138887,11.977326040901575
26413.0,4.001100274125351,-21.795616625643053,11.977326040901575
26414.0,8.21749527710791,-17.504591417814023,11.977326040901575
26415.0,15.591312838493954,-10.291117578891074,11.977326040901575
26416.0,25.913812036224755,-0.8822765771735273,11.977326040901575
26417.0,37.661719634547865,8.998365243860754,11.977326040901575
26418.0,49.63201491563442,20.207883549331893,11.977326040901575
26419.0,61.43990678587041,30.764934257549097,11.977326040901575
26420.0,72.88640364316686,42.429055716780766,11.977326040901575
26763.0,3.029480866205832,-26.293009102065177,11.872153827278307
26764.0,3.023466015463422,-24.45763950663908,11.872153827278307
26765.0,2.604632045357646,-24.603702989763462,11.872153827278307
26766.0,1.915026129373906,-24.43506480500888,11.872153827278307
26770.0,0.7723973962114684,-24.608838727423716,11.872153827278307
26771.0,0.941710251891877,-24.62403210775342,11.872153827278307
26772.0,1.3785074072521564,-24.33098913036343,11.872153827278307
26773.0,2.3736051084808505,-23.038644083251764,11.872153827278307
26774.0,4.454914586828285,-21.04414655356772,11.872153827278307
26775.0,8.233845456296237,-17.00342060291644,11.872153827278307
26776.0,14.026544712310487,-11.872591524894696,11.872153827278307
26777.0,21.97424039275824,-5.200484730563382,11.872153827278307
26778.0,32.47511773121361,4.440569429792908,11.872153827278307
26779.0,45.800426373778784,16.733086616062852,11.872153827278307
26780.0,61.43671192316073,31.769625916830154,11.872153827278307
27123.0,1.745784224606757,-27.7698184724308,11.721337414070517
27124.0,1.6642060269044516,-30.09351548601421,11.721337414070517
27130.0,0.9270575865749456,-24.404169559558973,11.721337414070517
27131.0,1.0040066149275928,-24.29303382388847,11.721337414070517
27132.0,1.1613054270409306,-24.382390457176125,11.721337414070517
27133.0,1.5301421765001195,-24.320324292796915,11.721337414070517
27136.0,8.514814073782635,-17.286358563011014,11.721337414070517
27137.0,15.913878736171098,-10.632474433760732,11.721337414070517
27138.0,27.86144400181564,0.713712145847975,11.721337414070517
27139.0,44.44852090929491,16.200803030877477,11.721337414070517
27140.0,63.63793219270959,34.01848315378692,11.721337414070517
27478.0,5.916001232017541,-22.379050660646477,11.516531126358023
27483.0,1.169297689311292,-26.81444236660462,11.516531126358023
27484.0,0.964136602242392,-28.11269759337859,11.516531126358023
27490.0,1.025017432760071,-25.238577329115383,11.516531126358023
27491.0,1.0441733051678683,-26.362176307118485,11.516531126358023
27492.0,1.0744988020765964,-27.33555613970792,11.516531126358023
27493.0,1.1928540910412666,-558.0657306560905,11.516531126358023
27496.0,7.319100049509211,-364.1080992677207,11.516531126358023
27497.0,15.517506648620875,-10.048301404936392,11.516531126358023
27498.0,28.66986219808248,1.6485313705955194,11.516531126358023
27499.0,45.41552503215672,17.50824874131107,11.516531126358023
27500.0,62.447695526888175,33.22012464524495,11.516531126358023
27843.0,0.8134245339701172,-26.82002333467087,11.28041778599317
27844.0,0.5704611177207709,-74.33177794095455,11.28041778599317
27854.0,1.9251715695227969,-22.625036787985373,11.28041778599317
27855.0,3.664504271368451,-21.08819744095173,11.28041778599317
27857.0,15.917841503264976,-10.285359521927738,11.28041778599317
27858.0,27.430412881885896,0.6545299216352254,11.28041778599317
27859.0,40.39999268188133,12.514053926968028,11.28041778599317
27860.0,52.47038212512636,23.76990721859896,11.28041778599317
27861.0,62.64087120464865,34.28103371682009,11.28041778599317
28197.0,6.803995556295428,-26.565808993286524,11.078436141596564
28198.0,6.694771660729354,-75.91592135070697,11.078436141596564
28204.0,0.3554994645004233,-28.655251432963546,11.078436141596564
28214.0,4.37131373222808,-371.5593023905745,11.078436141596564
28215.0,6.56860114668748,-49.57703418253993,11.078436141596564
28217.0,15.48235684152844,-10.249352979417864,11.078436141596564
28218.0,23.1024717232982,-3.0160166468477625,11.078436141596564
28219.0,31.5569760606506,4.459560925925803,11.078436141596564
28220.0,39.660497681298224,11.974859884886024,11.078436141596564
28221.0,47.005208822339306,19.756587257008533,11.078436141596564
28222.0,53.7224320358979,26.181995724683247,11.078436141596564
28550.0,5.757012265994992,-23.167361896798045,10.877262767438
28551.0,4.547158662019884,-44.20209063829463,10.877262767438
28557.0,7.335857099657806,-25.247945882605013,10.877262767438
28558.0,7.477504608347186,-21.4206668612984,10.877262767438
28571.0,2.676372264681046,-23.06907835858334,10.877262767438
28577.0,16.542037819331938,-10.754704310093764,10.877262767438
28578.0,19.053275978351017,-6.704411473650705,10.877262767438
28579.0,23.572823274367742,-3.119103277847364,10.877262767438
28580.0,28.92504660634469,2.416953263494432,10.877262767438
28581.0,34.426195112532135,7.073072898653021,10.877262767438
28582.0,39.87332501817075,14.032079813694883,10.877262767438
28583.0,45.2407801236891,19.10334777354724,10.877262767438
28909.0,16.875691549567474,-13.1321529789541,10.666527324817343
28912.0,4.9891554127537,-24.07184498507325,10.666527324817343
28913.0,5.440216475687733,-139.53349993676576,10.666527324817343
28914.0,6.018812516844158,-41.15374719804355,10.666527324817343
28915.0,6.68842969319062,-25.281829454782255,10.666527324817343
28916.0,7.478586334137194,-40.75389760107501,10.666527324817343
28937.0,23.93747718496701,-1.3649934697668809,10.666527324817343
28938.0,19.08005911982504,-6.1778779170279305,10.666527324817343
28939.0,19.23326510986028,-6.681577213960006,10.666527324817343
28940.0,22.0769581441313,-4.406907383111265,10.666527324817343
28941.0,25.98764232119436,-0.8360326599560548,10.666527324817343
28942.0,30.23568292764307,4.105363847066709,10.666527324817343
28943.0,34.53192542544844,8.456796635624494,10.666527324817343
29275.0,7.488353037829839,-21.79206171483991,10.440918279882466
29276.0,8.896734084431458,-20.262992527947286,10.440918279882466
29297.0,43.60534019355494,17.66485907034438,10.440918279882466
29298.0,27.205609559899653,2.1471367383153224,10.440918279882466
29299.0,20.792336746890875,-4.814384631095791,10.440918279882466
29300.0,20.32559695003843,-5.679152252491503,10.440918279882466
29301.0,22.36625045387292,-4.074711985548427,10.440918279882466
29302.0,25.21782298637113,-0.961283193305536,10.440918279882466
29303.0,28.191132838244712,2.333796502355242,10.440918279882466
29304.0,30.977440584845063,6.2578548280372415,10.440918279882466
29651.0,18.38619971714959,-8.210836990000114,10.248115961025912
29657.0,79.84037150295029,38.09236086827531,10.248115961025912
29658.0,48.39023722194802,13.935575115640065,10.248115961025912
29659.0,31.92324173802352,5.966073855525861,10.248115961025912
29660.0,26.28578254869445,0.2001303726910895,10.248115961025912
29661.0,25.48882616785114,0.3079343304493399,10.248115961025912
29662.0,26.21768193800695,-0.3493498904771313,10.248115961025912
29663.0,27.173103814609803,1.506638384435177,10.248115961025912
29664.0,27.929341664217727,3.412405711296714,10.248115961025912
29995.0,14.445184853719264,-15.357826679568694,10.088045704255332
30010.0,9.27148489360592,-17.12390936425161,10.088045704255332
30011.0,21.201817472899435,-113.44057465065856,10.088045704255332
30020.0,43.92284368865399,14.74749768614253,10.088045704255332
30021.0,38.472095481980745,10.917694788017696,10.088045704255332
30023.0,32.612475581783045,6.819275666894576,10.088045704255332
30024.0,30.029063574341627,5.162067461066655,10.088045704255332
30370.0,9.71333632893304,-16.892275599407228,9.920509753225597
30371.0,22.08231850006254,-6.263945910023088,9.920509753225597
30383.0,44.07267829483019,3.7520579648878662,9.920509753225597
30384.0,36.5612727404794,11.668419140664463,9.920509753225597
30709.0,60.227967523581285,15.911895392637051,9.799737686511891
30710.0,18.37212554284872,-13.807897671676075,9.799737686511891
30730.0,10.344911788040216,-17.579346454319154,9.799737686511891
30731.0,22.408411214264493,-654.148986046328,9.799737686511891
30741.0,90.1047928903556,62.81540027611516,9.799737686511891
31430.0,36.63164951875996,3.428413688963639,9.660120869144636
31444.0,55.862010749820286,-20539.497837892883,9.660120869144636
31445.0,14.470729766626466,-14.413724958791176,9.660120869144636
31449.0,8.54898116076282,-306.1136959006703,9.660120869144636
31451.0,25.67665812595048,-7.1512126033448205,9.660120869144636
31809.0,11.381284309664489,-18.339549595790917,9.581168751354914
31810.0,17.95169487332769,-11.238909191389874,9.581168751354914
31812.0,54.950850620843326,25.626550889358587,9.581168751354914
32168.0,9.77509958847788,-17.40901476598839,9.488598556187974
32169.0,14.927912487732176,-424.8390149384334,9.488598556187974
32170.0,23.088306441158693,-6.384550714549614,9.488598556187974
32171.0,36.72431884435873,8.779860958102923,9.488598556187974
32528.0,12.0636302887919,-14.67056328120875,9.355285949204928
33606.0,1.4078661543622898e-184,-25.70810953919954,9.148563657501509
33607.0,3.909514262597971e-180,-25.349064331381182,9.148563657501509
33608.0,14.51328968816813,-12.210164893402425,9.148563657501509
33699.0,70.0,44.71265831708047,10.124693698129692
33967.0,1.4861704351160447e-176,-25.474761760856424,9.11145485327822
34056.0,70.0,38.878222524403405,8.012978849804623
34057.0,70.0,39.83920812728527,9.32926279138633
34058.0,70.0,41.04876342459215,11.364311913952053
34059.0,70.0,-38.13008764847996,9.733152362238442
34060.0,70.0,37.04806043540641,9.749911509699292
34061.0,70.0,34.566856449730125,8.61069972871569
34062.0,70.0,43.79261903990075,7.960039950156757
34326.0,2.6462029601488315e-177,-25.362566141865763,9.227970734725387
34415.0,70.0,38.98145535127466,8.012276678616344
34416.0,70.0,-197709.9994562158,9.921028249207168
34417.0,70.0,42.99977110687148,10.377422989308556
34421.0,70.0,-403.1848652614154,8.565838049132813
34775.0,70.0,30.84388237233701,11.258704042105954
34777.0,70.0,41.82014129946059,12.00638200144068
34778.0,70.0,37.01510645062669,15.909785541747569
34779.0,70.0,44.28510570406316,15.22247993700277
34780.0,70.0,44.87071282061655,10.64543075094874
34781.0,70.0,42.60918460866888,9.342859501473356
35134.0,70.0,-698.0872909134785,8.443541292324058
35135.0,70.0,38.051643048602,14.70182490622194
35138.0,70.0,-296.95518370743287,11.857930074175616
35139.0,70.0,44.90063781797407,15.797541218737376
35140.0,70.0,45.67954101117652,12.27857401210105
35141.0,70.0,38.87563027018109,9.55928612991161
35142.0,70.0,-14.686830714065692,9.230860929954662
35376.0,29.588962415820102,4.57946348452059,8.513030553114712
35495.0,70.0,42.93531989915988,12.159704072852072
35498.0,70.0,43.417737395099486,14.84639892977777
35499.0,70.0,44.74446426280296,12.082914732495944
35500.0,70.0,45.69581063363091,12.205170978997453
35501.0,70.0,42.32516415165391,10.456147063541277
35502.0,70.0,42.849637816568574,10.647619027512857
35736.0,29.007730821659266,2.9057625089819523,8.329342502186597
35855.0,70.0,40.36087727752431,11.925904662080026
35858.0,70.0,44.40564527643342,14.956566367737295
35859.0,70.0,45.15648551445089,15.912862771463576
35860.0,70.0,44.92125927014041,8.917021035424867
35861.0,70.0,44.93437602081724,12.121001691881936
35862.0,70.0,45.03410444652339,13.101224715185216
36094.0,23.19975878638311,0.0441902728827362,8.32145480585247
36095.0,25.50296435823985,1.5410330906620455,8.32145480585247
36096.0,28.305672740774728,3.915149675042796,8.32145480585247
36215.0,70.0,-159.11876138216556,10.260226484443258
36218.0,70.0,-699.979725863736,11.274526584841771
36219.0,70.0,44.38929168370205,16.34321363168133
36220.0,70.0,43.93241603192311,8.341098263150649
36222.0,70.0,-66.41210973932178,9.52847632671977
36575.0,70.0,44.11483906833882,8.524388869447035
36577.0,70.0,5.550640584886416,12.928530761904796
36578.0,70.0,43.78203426090575,13.718551543979592
36579.0,70.0,44.71581271907441,13.613348517176076
36580.0,70.0,44.90983371237392,8.331797414986156
36581.0,70.0,45.57213162673028,7.872951433034737
36937.0,70.0,-175.3147858886601,13.853676767352423
36938.0,70.0,41.013790481866266,11.65543445412946
36939.0,70.0,45.11145084362451,13.708283621893626
36940.0,70.0,34.38515284252432,7.643736812032843
36941.0,70.0,43.00757407001698,7.7270254337708995
37659.0,70.0,46.11038486597112,13.67694575779968
45534.0,61.45876153757492,31.418545121280808,13.263657958786348
45893.0,47.32357631254644,15.710391621588894,13.150136330268886
45894.0,47.09364300638925,15.228478654973644,13.150136330268886
45895.0,47.16865142373549,16.26755910564768,13.150136330268886
45896.0,47.88301380122304,17.58047200434496,13.150136330268886
45898.0,52.60300325738534,20.35448820224767,13.150136330268886
45913.0,91.4180046665908,58.47984673044997,14.52366350569845
45914.0,89.92255675595838,56.12294756350786,14.958716854389486
46253.0,36.332062136343815,7.278786193327069,13.533545880231024
46254.0,37.07220495202184,6.229966044324198,13.533545880231024
46255.0,38.338599827628485,8.86882416018804,13.533545880231024
46256.0,40.32453547470183,10.681474380573276,13.533545880231024
46257.0,43.20166144990317,10.152876186790182,13.533545880231024
46258.0,47.094710109564446,15.691973653376769,13.533545880231024
46259.0,52.10899074612513,19.44518882780886,13.533545880231024
46276.0,90.385546522329,56.60836726008512,14.364510619116572
46613.0,31.317665637554363,1.8734113141303077,13.738828539658744
46614.0,32.70983122394693,2.72035463571962,13.738828539658744
46615.0,34.70698159952401,4.958677334553876,13.738828539658744
46616.0,37.359350425403086,7.346156944399585,13.738828539658744
46618.0,44.7851992119513,13.186924544284178,13.738828539658744
46619.0,49.70248545669583,12.24782271577395,13.738828539658744
46622.0,71.14991495036274,36.20309139848484,13.63903268358447
46636.0,88.8836129548496,50.74851074508965,17.254285275952636
46973.0,32.789706866673,2.823163258604073,17.415163185730485
46974.0,34.29590423727225,4.09725073959789,17.415163185730485
46975.0,36.33935970688041,5.570732922350072,17.415163185730485
46976.0,38.86759292061078,6.673390613629336,17.415163185730485
46977.0,41.861493102234526,10.401469135021772,17.415163185730485
46978.0,45.37911607959186,13.371744759988022,17.415163185730485
46979.0,49.558182535992366,15.619553419830623,17.415163185730485
46980.0,54.58239065715266,-2355.13501416738,14.53038215263176
46988.0,101.91804732792563,61.94130058434232,15.040852446023534
46989.0,96.13612273706146,54.0878439101348,15.334499864516816
46995.0,84.68569589398302,49.64376502910908,18.036197354638976
46996.0,86.6845242742416,51.88733122421891,15.136305355399111
46997.0,89.07177109784104,35.83202262042324,14.215122743282937
47334.0,41.37790779871599,8.800007014541599,14.926131790727124
47335.0,42.8132912441001,10.417660714015408,14.926131790727124
47337.0,46.31485983837276,13.164146787318517,14.926131790727124
47339.0,51.41543451601009,18.408859306354216,14.926131790727124
47340.0,55.11546331656238,21.65810507480024,14.972841439762458
47341.0,59.84610505280405,24.14151133166068,16.925452486222447
47353.0,79.97059227369749,44.00727749225738,16.66241286035629
47354.0,80.63711760253575,44.84496302808538,18.360123734461105
47355.0,82.13427396034082,46.96718846149098,14.561635836890217
47691.0,51.23750097799078,15.56622285608692,22.6098334320176
47692.0,51.65267719663554,15.578621046606196,22.6098334320176
47693.0,52.26311003555685,17.520225407101055,22.6098334320176
47694.0,52.889500735946605,19.2377017708795,22.6098334320176
47695.0,53.34569326791068,18.34002519404073,22.6098334320176
47696.0,53.569237694166176,18.21280314417521,22.6098334320176
47697.0,53.71432190626503,18.34488047116397,22.6098334320176
47698.0,54.1162188058242,19.06204506488528,22.6098334320176
47699.0,55.15769702482794,20.390612578922937,22.6098334320176
47700.0,57.14934250276882,22.789009100231368,24.22135720755363
47702.0,37.61208530812325,3.77828010989958,19.56575053009859
47709.0,87.95157638898533,52.78774130251421,14.881503513674623
47711.0,78.6310903444939,42.07590388992077,15.273277339524627
47712.0,78.05459217636707,42.9254312578522,16.412637906389055
47713.0,78.09447626855417,41.332385146817664,19.764850224053298
48052.0,66.08097400746968,26.544976475099304,17.091184786268144
48053.0,66.89692388411524,27.213019454002627,17.091184786268144
48054.0,67.22241642224417,26.761044904891087,17.091184786268144
48058.0,23.727901438921965,-12.608659694333625,17.091184786268144
48059.0,23.9228297985792,-11.758593444453732,17.091184786268144
48060.0,25.41109053069208,-9.308486439821472,17.267501298506456
48061.0,27.897934659208115,-6.343613987348847,16.958637967422927
48062.0,31.01198744735095,-3.576681934333864,19.039905473637045
48063.0,34.398311856446334,1.051746010073067,16.226420875796833
48064.0,37.839245789676525,4.834726168474308,15.521301419950266
48065.0,41.32874895110399,8.63729628770004,16.590145033550375
48066.0,45.08096017063232,12.566436161957766,16.474942140062755
48070.0,77.87484823672212,40.44165067334998,15.42205534237522
48071.0,77.37160782279398,40.88490781384738,17.59127808513441
48072.0,77.17576438113096,40.291571516665016,18.31372036279258
48073.0,77.35356484118854,39.80700514674088,15.233570487596552
48419.0,23.877126081695017,-11.8188190606181,17.138288834588845
48420.0,23.93291700522576,-11.541207697083747,17.196307318267053
48421.0,25.045444462036738,-9.971635073507588,17.90627385328987
48422.0,26.856206549198205,-8.045243063941138,19.609438281493915
48423.0,29.03687226384934,-5.917327839614138,22.753815353744827
48424.0,31.357287823983896,-2.549385621567418,17.318813857170618
48425.0,33.73151557315921,-0.1405730649367271,21.547005006516127
48426.0,36.2236818181344,3.5276498550554805,25.0
48427.0,78.19292313149842,41.73296091362386,19.23626360261209
48428.0,77.71055515716925,39.08892717122314,17.61977001161014
48429.0,77.27076779705786,37.19344892228288,19.46527300653328
48430.0,76.93782976525739,39.0532637721493,18.64134794179065
48431.0,76.77033720708752,39.318747626724274,16.04688015469374
48779.0,26.309209686133844,-9.063431156723803,18.029542885958
48780.0,25.01292107694852,-10.776818993373052,18.39579506743825
48781.0,24.914174528727365,-11.600981538423085,19.331405110131143
48782.0,25.632257926561344,-10.737320921972453,22.10633672364425
48783.0,26.845141689047047,-11.8676295386963,21.24499431739069
48784.0,28.317240842238714,-8.747531400492056,20.26709425536742
48785.0,29.918844253678216,-6.2981826753632095,19.479132472722988
48786.0,31.62499693745453,-3.2119418278523404,25.0
48787.0,76.63433437946355,38.45958908833398,25.0
48788.0,76.34105813728596,39.07074261139934,17.547348590267905
48789.0,76.1039200520912,36.95618473868083,17.222386702085466
48790.0,75.97535217376094,37.50092661347578,17.15001608037198
48791.0,76.00177894242843,37.26414705166771,17.812210277089257
48792.0,76.21871582075192,35.21013600637024,16.371921012005608
49138.0,35.23560447230561,-1.0325884738600268,18.74255967363281
49139.0,30.95219218095609,-5.490478606436893,18.74255967363281
49140.0,28.54379330045955,-8.887239354276607,18.569316345920136
49141.0,27.49213639088541,-9.9502495909092,18.788052566613388
49142.0,27.37362377434107,-10.4313401931512,19.24008479886734
49143.0,27.856784977115645,-10.12999125363339,18.92420546433022
49144.0,28.703790747298328,-9.09344349453426,19.446710180473865
49145.0,29.767610307094248,-7.648928633049022,19.95598548975506
49146.0,34.14562747446775,-3.1897106738832037,20.629658430312897
49147.0,30.90751160896961,-4.754795650160844,25.0
49148.0,27.847306793843828,-6.886071150855233,25.0
49149.0,24.97203055834984,-9.850927465617104,25.0
49150.0,74.54679473759693,35.19230655061165,25.0
49151.0,74.66827912333815,34.31426983041538,24.909693474093565
49152.0,74.98669436511528,33.13941794777082,25.0
49153.0,75.52008873620596,34.13390973955674,24.51482369745605
49498.0,41.71992376744221,3.552049026851263,18.64379575535336
49499.0,36.59889734269024,-1.1549092492905344,18.64379575535336
49500.0,33.50445019663982,-4.444444445648424,18.81378509984779
49501.0,31.85636852325686,-6.393116121632748,18.67917131881227
49502.0,31.19845154541468,-7.4767792880639,19.271157818672528
49503.0,31.19041111735977,-7.814552025019967,19.55665617857764
49504.0,31.596278421872256,-7.355504180708048,20.414652810011027
49505.0,32.268073216396665,-6.350628167567859,19.770945059751103
49506.0,33.12504271143995,-5.129528362052941,20.32562236781036
49507.0,27.752417572824186,-12.247899097857728,21.35276474192095
49508.0,25.062403360267616,-14.16494394051967,21.41129925606121
49509.0,22.5412024305674,-16.319864390609197,21.8682314324368
49855.0,81.89567221526909,38.0552963518526,20.125427548175367
49856.0,66.05716920547809,23.66819929799593,20.125427548175367
49857.0,54.62089538988807,13.504535130517471,20.125427548175367
49858.0,46.696909893225246,6.255569753410152,20.125427548175367
49859.0,41.46278093635559,1.4502201831262287,20.125427548175367
49860.0,38.20682615989581,-1.5080996344073927,20.00834214786788
49861.0,36.3464224867182,-3.0374335889202198,19.725989264661727
49862.0,35.429743043094206,-4.532190219679988,19.219261104555848
49863.0,35.12727680752202,-5.259279396203713,19.416943616002136
49864.0,35.21649472333437,-4.96104972160408,19.4873689843728
49865.0,35.561235847304495,-4.077218216472932,20.784234810838434
49866.0,36.08773330123896,-3.245894391306627,20.28008368356525
49867.0,36.76069308081784,-3.8966352194271776,20.359557773017137
49868.0,69.84105559171813,26.83627709792329,22.63319570893328
49869.0,66.93563324979041,24.2695557002133,22.90542666640752
49870.0,64.92385323673994,22.495639810425367,22.000177222072
49871.0,64.02878241142264,21.70457717393613,21.55678652926484
49872.0,64.39930436162689,21.63385937319853,21.539400521149865
50218.0,48.84195421461733,6.372676467935573,19.04194120133868
50220.0,41.19912703350357,-1.0950980743956211,19.761742096251872
50221.0,39.44937368240107,-2.3339233542839937,20.215798167990645
50222.0,38.498359339868,-3.044332012086357,19.808426518551887
50223.0,38.052920495147966,-3.604411070097516,19.797876881438185
50224.0,37.91913312827722,-4.048542912165287,20.277231053317205
50225.0,37.98350147697378,-3.950133541005436,21.19533995945583
50226.0,82.80157506324494,37.70313517442776,21.3148273430245
50227.0,79.40051480171473,33.920434273057026,21.5712638502602
50228.0,76.39132223883267,30.8486370159529,20.30088626618312
50229.0,74.0527382416675,29.205797139166577,21.53865314141745
50230.0,72.67145163571473,27.738681110746672,21.845040199119016
50231.0,72.4884013669871,27.369428725890355,22.422321554627985
50232.0,73.64105084937519,28.28886950938907,23.17728884512135
50575.0,46.47085827995547,-2.51555495886537,19.09598515672836
50582.0,39.74690692296896,-3.9895491011993967,20.179645231875813
50586.0,86.09932992061921,38.2954843202043,22.57102952197608
50587.0,83.43536627243935,35.342688502829155,21.161245767245745
50588.0,81.20176480490146,33.38338823102088,21.60975536931624
50589.0,79.67132710590843,32.82571014681575,22.771162496557807
50590.0,79.11780170612296,32.09755250957995,23.153692590068488
50591.0,79.7533404125517,32.63617948889145,23.444824511043883
50592.0,81.66407044875892,34.25688304571501,24.21410588411301
50936.0,43.9449010664857,-1.553823606796655,20.002849987801167
50937.0,44.774320378398535,-1.4423245410898464,20.002849987801167
50938.0,45.45839207477994,-1.919712862532176,20.002849987801167
50939.0,45.93165443364283,-2.0046488662181665,20.002849987801167
50940.0,46.14547692787301,-0.2968121507568788,19.856381115529057
50946.0,86.539936216264,37.070478501886654,20.1505803633334
50947.0,84.68405880323056,34.67644200825033,20.876242593012847
50948.0,83.31204606622242,33.7934122259436,22.057385436003813
50949.0,82.66597210433538,33.583033521632515,21.767560727177973
50950.0,82.97345217093105,34.65457628421808,22.69879916376931
50951.0,84.38629570325337,36.2448061842972,21.64047523009479
50952.0,86.92360738956117,38.62206764010772,20.91907130020129
50953.0,90.44993741405555,42.34588971059189,20.901941163876245
50954.0,94.70507728762212,46.9737318464216,20.97431237890408
51296.0,40.076991484358416,-7.101422479775642,20.00603300244835
51297.0,41.04253331785665,-6.512788667351392,20.00603300244835
51298.0,41.91955065704041,-6.72700787762444,20.00603300244835
51299.0,42.64523046148086,-5.632053339508185,20.00603300244835
51300.0,43.16742608007061,-4.528518608695598,20.2343450959248
51301.0,43.44863521021692,-2.7770853205799875,20.297174751486647
51307.0,82.84288746271696,33.241103764009466,20.684549191530216
51308.0,82.30827132232938,32.73053087867884,20.659834285916347
51309.0,82.50047936888593,33.136652064812765,20.75209522793993
51310.0,83.58802837408464,34.036691939814176,20.88479369182256
51311.0,85.65815706909373,36.31852900817592,20.966080904264047
51312.0,88.67500006318502,39.8589785640112,20.853001386064378
51313.0,92.47250326744611,42.55614269861569,21.038704819752247
51314.0,96.79133019562828,48.37467281293956,20.96588352345654
51657.0,36.86622087302476,-11.357294160838505,20.52808481199724
51658.0,37.87585728388605,-11.016321737107733,20.52808481199724
51659.0,38.79867148264802,-9.645924340849804,20.52808481199724
51667.0,78.12787861979932,28.149428322714684,21.06287658848439
51669.0,79.29733478415795,29.416402939559987,20.927149398595844
51670.0,81.04068526495,31.094379381733127,21.11466674771257
51671.0,83.63177745506862,34.46353481064428,21.38613280246249
51672.0,87.00467779509964,38.08423670034546,21.49400740392082
51673.0,90.99132989312496,41.77351857117479,21.769588039930333
52012.0,28.47865863166145,-21.465519611431745,20.43203321467561
52013.0,28.979233707453755,-20.381754787321256,20.43203321467561
52014.0,29.66439557181605,-20.113045214744435,20.43203321467561
52016.0,31.46729118415661,-18.151926228686005,20.43203321467561
52017.0,32.50348771924113,-17.940792969424372,20.43203321467561
52018.0,33.56593926780837,-14.269804695043431,20.43203321467561
52029.0,73.62932736168236,23.10313828862691,21.618649544538528
52033.0,86.5681575567276,37.96657717691867,21.03853914601453
52375.0,26.4632233439512,-22.87266902626105,20.497100702329337
52376.0,27.32840421130136,-23.537188764008626,20.497100702329337
52377.0,28.2984147752327,-21.485336279973644,20.497100702329337
52393.0,39.00467515841376,-7.128755431239638,22.19810980214784
52735.0,23.022856780079152,-28.548025394251827,20.86137756946232
52736.0,23.787157098073298,-27.07253506147338,20.86137756946232
52753.0,32.927335368020216,-13.640785017623502,23.719927098293784
52754.0,33.201781464949896,-13.1573708933869,23.464567806310864
52755.0,33.212961462161445,-12.5759501457744,23.14661914667853
52756.0,32.953202066408494,-11.431433481256027,22.044348697890914
53093.0,19.45517173504309,-33.13052832784501,21.248569583518893
53094.0,19.90874722694722,-33.87143970080366,21.248569583518893
53095.0,20.497106523724625,-31.627947147444072,21.248569583518893
53096.0,21.20756034498515,-30.03210229240138,21.248569583518893
53097.0,22.02442507530123,-14120.066487151496,21.248569583518893
53112.0,27.758986590859568,-19.30382167696723,23.63567770146121
53113.0,27.822493942069737,-19.268872605931303,24.5294945622898
53114.0,27.70070211124485,-18.837683119156008,24.84804035213433
53115.0,27.3900459237277,-18.620471513969985,24.23792466477641
53116.0,26.90656268455051,-18.10420383134071,22.982082899584817
53118.0,25.57196494435552,-18.215115474887465,22.706870702597406
53455.0,19.10519611236418,-1332.2092962879526,21.51226686435948
53456.0,19.844180969738893,-43.319550938467145,21.51226686435948
53466.0,13.651011913688604,-34.46588679272528,25.0
53467.0,11.965454125305886,-35.98487846028209,25.0
53468.0,10.43942949301623,-37.04439059787361,23.75995991759138
53471.0,23.67605086234091,-23.66848678476657,23.32181853114589
53472.0,23.49081983938073,-23.39071673690584,23.32044413877848
53473.0,23.17630078609241,-23.323880060281738,23.719927098293784
53474.0,22.73828519545871,-23.14797223794696,23.693508157199048
53475.0,22.19475881636567,-23.711632501890787,24.03231206328157
53476.0,21.573839070477543,-23.849760416866705,23.69248686293057
53825.0,18.258076607133376,-29.49215630407552,22.819235664333725
53826.0,16.143361557017435,-32.936557834561256,25.0
53827.0,14.21274306004289,-36.22394491018631,25.0
53828.0,12.455854495293895,-36.426816502155205,25.0
53829.0,10.86274239380192,-37.505691364860766,25.0
53831.0,8.129861728409715,-39.92459699883428,24.716203926046667
53832.0,19.14932373886744,-28.797725899556312,24.78914901782265
53833.0,18.59234198553447,-28.99644710774744,24.36499179779016
53834.0,17.99271384570823,-29.573675896361987,25.0
53835.0,17.37337680248485,-30.02229162026446,24.659369065943324
53836.0,16.75739936216873,-30.249143458232368,24.51899165734396
53837.0,16.165299028926533,-30.656779236428203,24.41334595345145
54185.0,20.6124368202668,-28.52844534777827,24.671603310716456
54186.0,18.28921992852185,-31.56619281518207,25.0
54187.0,16.157748138498654,-33.86979630591863,25.0
54188.0,14.208722243554588,-35.49447901770825,25.0
54189.0,12.433058235897304,-37.377033296079816,25.0
54190.0,10.821858335827434,-38.625982504868105,25.0
54191.0,9.366374759530771,-40.207984024987965,25.0
54192.0,8.057969224259017,-41.06543020187652,25.0
54193.0,13.99817768204899,-35.242533842002786,25.0
54194.0,13.442978286335798,-35.56160579705356,25.0
54195.0,12.92513758995934,-35.80321454648819,25.0
54196.0,12.452626401427356,-35.73474796377105,25.0
54197.0,12.029954262251367,-35.57107832523562,24.77915708762552
54545.0,22.168868199818,-28.5869007428032,25.0
54546.0,19.708320312910622,-32.05567988727481,25.0
54547.0,17.440582252527744,-34.13750159474094,25.0
54548.0,15.357839473673383,-35.61841026887243,25.0
54549.0,13.452329709569169,-36.995885858202726,25.0
54550.0,11.7163234999557,-38.60170652728298,25.0
54551.0,10.142099431586692,-40.393624699934186,25.0
54552.0,8.7219178638824,-41.72958208763312,25.0
54553.0,9.719170043918844,-40.66477438313686,25.0
54554.0,9.357332996267688,-40.45498218454524,25.0
54555.0,9.044084125351027,-40.80626967955551,25.0
54556.0,8.777290257023616,-40.300723859986974,25.0
54906.0,19.97267830706683,-31.709955134787585,25.0
54907.0,17.644622248800363,-34.95131620158807,25.0
54908.0,15.499023832592115,-36.6980762225818,25.0
54909.0,13.530102357084395,-38.27206768291355,25.0
54910.0,11.73206989353318,-39.34005647608295,25.0
54911.0,10.09911033771004,-41.12970104879136,25.0
54912.0,6.418342642783723,-44.935871252481945,25.0
54913.0,6.229946633083759,-45.09560202419987,25.0
54914.0,6.078965588900334,-44.78117275587515,25.0
54915.0,5.961815417593086,-44.5224262334538,25.0
54916.0,5.874872036681666,-44.2972687359688,25.0
54917.0,5.81464687936869,-43.532203800571,25.0
55240.0,18.0,-39.4380326349242,23.536746375986297
55241.0,18.0,-39.21794777865953,23.536746375986297
55268.0,14.21700646276486,-36.98669173542995,24.325864859777944
55269.0,12.27183957462356,-38.82267353420379,25.0
55271.0,8.906689513545947,-42.77349119621916,25.0
55272.0,3.827038081543199,-47.93100688652324,25.0
55273.0,3.7968554613684415,-47.87101599097608,25.0
55274.0,3.787132913072313,-47.3555864421196,25.0
55275.0,3.795622717116359,-46.86575402257256,25.0
55276.0,3.820262012112702,-46.9983698541837,25.0
55277.0,3.859186931393691,-46.41665014176706,25.0
55278.0,3.910733433052878,-45.99071476692768,25.0
55279.0,3.973428300973348,-46.21627677907655,25.0
55598.0,18.0,-44.56535354109468,24.22341270819516
55599.0,18.0,-43.204935135837545,24.22341270819516
55600.0,18.0,-42.95874056777822,24.22341270819516
55601.0,18.0,-44.70468524813344,24.22341270819516
55602.0,18.0,-40.756052099633806,24.22341270819516
55603.0,18.0,-38.53391419037704,24.22341270819516
55604.0,18.0,-39.33725983615045,24.22341270819516
55605.0,18.0,-37.44713106166178,24.22341270819516
55631.0,6.60475438999586,-45.06483326498049,25.0
55632.0,5.424944290976686,-47.10619318689429,25.0
55633.0,4.4351069497390085,-48.91374379838365,25.0
55634.0,2.3911953025670374,-50.23571179811964,25.0
55635.0,2.4543957987549176,-49.26892246674903,25.0
55636.0,2.5257070197998583,-49.18145227865162,25.0
55637.0,2.6042588259942145,-49.10336244121431,25.0
55638.0,2.6892383665215323,-48.77679856059949,25.0
55639.0,2.779885204285044,-48.29881878852599,25.0
55640.0,2.875486737194275,-48.656546762054205,25.0
55956.0,18.0,-43.3074273075835,24.741617242339984
55958.0,18.0,-43.12191752533519,24.741617242339984
55959.0,18.0,-40.88494000285318,24.741617242339984
55960.0,18.0,-42.67573452497146,24.741617242339984
55961.0,18.0,-42.72427400371309,24.741617242339984
55962.0,18.0,-40.00933359232631,24.741617242339984
55963.0,18.0,-41.6318647504884,24.741617242339984
55964.0,18.0,-40.37933445969937,24.741617242339984
55965.0,18.0,-39.90248531963605,24.741617242339984
55992.0,3.384402718153241,-51.126243103442434,25.0
55993.0,2.897305413226061,-50.81978929815581,25.0
55994.0,2.608723398061671,-52.67667195338562,25.0
55995.0,1.6769480256242209,-50.84729366365092,25.0
55996.0,1.751983419904248,-50.416985359262334,25.0
55997.0,1.830341629931387,-50.64157095270991,25.0
55998.0,1.911597314839796,-50.61027634711291,25.0
55999.0,1.9953423472983267,-50.205625823840215,25.0
56000.0,2.081188079289088,-49.71136707598741,25.0
56001.0,2.16876748802854,-49.4729740591772,25.0
56353.0,2.784890093780146,-52.29788192441683,25.0
56354.0,3.166532673496487,-52.91294342725635,25.0
56355.0,1.1962863215341435,-53.88743173805752,25.0
56356.0,1.2556083057473575,-52.57770952373973,25.0
56357.0,1.3163269951232652,-51.81612311306981,25.0
56358.0,1.3782538008829817,-51.28755969638509,25.0
56359.0,1.4412121794672474,-50.95051926264141,25.0
56360.0,1.5050388835908914,-50.80916464884204,25.0
56361.0,1.5695848610993386,-51.23806307781714,25.0
56362.0,1.6347157814650235,-51.64817460581805,25.0
56363.0,1.7003121885681258,-52.05020905831008,25.0
56716.0,0.8975861898901379,-56.3992513762082,25.0
56717.0,0.939113161785714,-57.60644182878053,25.0
56718.0,0.981266943850698,-54.16985146278195,25.0
56719.0,1.023994001986759,-52.74428744662359,25.0
56720.0,1.067247341095474,-52.37122278831943,25.0
56721.0,1.1109865122663105,-52.48511534375807,25.0
56722.0,1.1551774924303324,-52.74124396753773,25.0
57075.0,17.59116293442121,-42.37522628624848,25.0
57077.0,26.34091555916381,-32.86625927439319,25.0
57078.0,0.6823385042262945,-56.89478797348812,25.0
57079.0,38.51825356193913,-20.45732625077617,25.0
57080.0,0.7385859553150586,-54.87877401404423,25.0
57081.0,0.7673720287091,-53.91360705935684,25.0
57437.0,49.93181961230606,-13.486058804982116,25.0
57439.0,67.92265621646267,0.7286515423656281,25.0
57440.0,78.3368824158509,13.372720176473864,25.0
57441.0,89.58978100284224,26.049924602561244,25.0
57442.0,101.52259460609314,38.82244589983878,25.0
