country_tag,net_mitigation_mt_co2e
sweden,-20.7481397242349
norway,-12.1105006142141
paraguay,-7.8295548836940005
switzerland,-4.5129864607805
iceland,-0.8510107691016
costa_rica,1.2052352540849
kuwait,6.1480344918571
uruguay,8.6348885010458
ethiopia,21.834909039885797
france,31.137726206050697
uae,40.7618941112204
sri_lanka,132.2408206698803
kenya,168.74778506855807
uk,175.8132123119976
greece,237.80355246808492
peru,249.6677330342529
israel,254.1459087089156
spain,256.5613184750677
italy,492.0101810079154
taiwan,589.669581168291
brazil,612.4107719935474
argentina,612.5324165153278
philippines,717.6602504441202
germany,766.3647334953333
iran,872.9754442019447
bangladesh,874.3983474705667
malaysia,1052.0766614506183
saudi_arabia,1100.4040637713738
egypt,1100.6732423545916
australia,1631.1436640475524
mexico,1661.9508939912891
vietnam,1897.492854029314
pakistan,2000.3383688279682
turkey,2135.609834928053
thailand,2274.5947279057514
nigeria,2335.4995212513054
south_africa,2647.9076382289013
russia,3309.886910516069
japan,3544.9905334243394
indonesia,5857.79662405023
usa,10614.568362771925
india,13935.408811407113
china,23884.426504530576
row,31963.09853048427
