case,coverage_pct,net_mitigation_gt_co2e
Baseline,0.0,0.0
Baseline,0.5,0.000846314291709
Baseline,1.0,0.001692628583418
Baseline,1.5,0.002538942875127
Baseline,2.0,0.003385257166836
Baseline,2.5,0.004231571458545
Baseline,3.0,0.005077885750254
Baseline,3.5,0.005924200041963
Baseline,4.0,0.006770514333672
Baseline,4.5,0.007616828625381
Baseline,5.0,0.00846314291709
Baseline,5.5,0.0093094572087991
Baseline,6.0,0.0101557715005081
Baseline,6.5,0.0110020857922171
Baseline,7.0,0.0118484000839261
Baseline,7.5,0.0126947143756351
Baseline,8.0,0.0135410286673441
Baseline,8.5,0.0143873429590531
Baseline,9.0,0.0152336572507621
Baseline,9.5,0.0160799715424711
Baseline,10.0,0.0169262858341801
Baseline,10.5,0.0177726001258891
Baseline,11.0,0.0186189144175982
Baseline,11.5,0.0193738189653072
Baseline,12.0,0.0202201332570162
Baseline,12.5,0.0210664475487252
Baseline,13.0,0.0219127618404342
Baseline,13.5,0.0227590761321432
Baseline,14.0,0.0236053904238522
Baseline,14.5,0.0244517047155612
Baseline,15.0,0.0252727448332702
Baseline,15.5,0.0261187678129792
Baseline,16.0,0.0269650821046883
Baseline,16.5,0.0278113963963973
Baseline,17.0,0.0286577106881062
Baseline,17.5,0.0295040249798153
Baseline,18.0,0.0303503392715243
Baseline,18.5,0.0311966535632333
Baseline,19.0,0.0320429678549423
Baseline,19.5,0.0328892821466513
Baseline,20.0,0.0337355964383603
Baseline,20.5,0.0345819107300693
Baseline,21.0,0.0354282250217783
Baseline,21.5,0.0362745393134873
Baseline,22.0,0.0371208536051964
Baseline,22.5,0.0379671678969054
Baseline,23.0,0.0388134821886144
Baseline,23.5,0.0396597964803234
Baseline,24.0,0.0405061107720324
Baseline,24.5,0.0413524250637414
Baseline,25.0,0.0421987393554504
Baseline,25.5,0.0428005695963893
Baseline,26.0,0.0433927350889959
Baseline,26.5,0.0439680267946666
Baseline,27.0,0.0445333115685895
Baseline,27.5,0.0450826922773937
Baseline,28.0,0.0456205923642747
Baseline,28.5,0.0461448622135984
Baseline,29.0,0.0466549798854214
Baseline,29.5,0.0471544696208706
Baseline,30.0,0.0476371174273304
Baseline,30.5,0.04810824941295
Baseline,31.0,0.0485678475011403
Baseline,31.5,0.049010442376574
Baseline,32.0,0.0494418715052807
Baseline,32.5,0.0498621348872604
Baseline,33.0,0.050264618560431
Baseline,33.5,0.0506556956106502
Baseline,34.0,0.051035366037918
Baseline,34.5,0.0513999341146078
Baseline,35.0,0.0517502334145202
Baseline,35.5,0.051997495501721
Baseline,36.0,0.0523245398642102
Baseline,36.5,0.0526351279532655
Baseline,37.0,0.052932529986925
Baseline,37.5,0.0532181032576566
Baseline,38.0,0.0534918477654604
Baseline,38.5,0.0537506011257168
Baseline,39.0,0.0539945753204078
Baseline,39.5,0.0542265384675959
Baseline,40.0,0.054446490567281
Baseline,40.5,0.0546144641163901
Baseline,41.0,0.0547657244363855
Baseline,41.5,0.0549031189669592
Baseline,42.0,0.0550226551414998
Baseline,42.5,0.0551283521048379
Baseline,43.0,0.0552215950014802
Baseline,43.5,0.0552983280104512
Baseline,44.0,0.0553543133607895
Baseline,44.5,0.0553976562425954
Baseline,45.0,0.0554283855469554
Baseline,45.5,0.055442585045103
Baseline,46.0,0.0554410950150582
Baseline,46.5,0.0554262265193264
Baseline,47.0,0.0553943084420907
Baseline,47.5,0.0553464907534174
Baseline,48.0,0.0552820782063945
Baseline,48.5,0.0552048843300796
Baseline,49.0,0.0551149396563416
Baseline,49.5,0.0550122747139067
Baseline,50.0,0.0548902355142506
Baseline,50.5,0.054750224749547
Baseline,51.0,0.0545973587984854
Baseline,51.5,0.0544316688745862
Baseline,52.0,0.0542531861883301
Baseline,52.5,0.054054964480404
Baseline,53.0,0.053843901257945
Baseline,53.5,0.0536200283410462
Baseline,54.0,0.053383377546855
Baseline,54.5,0.0531309392985876
Baseline,55.0,0.0528605647688823
Baseline,55.5,0.0525740724730356
Baseline,56.0,0.0522747296165627
Baseline,56.5,0.0519625685412368
Baseline,57.0,0.051637621585939
Baseline,57.5,0.0512999210866471
Baseline,58.0,0.0509464867190145
Baseline,58.5,0.0505765262857045
Baseline,59.0,0.0501938108678986
Baseline,59.5,0.0497947670961094
Baseline,60.0,0.0493821568620166
Baseline,60.5,0.0489568067502347
Baseline,61.0,0.0485187495423326
Baseline,61.5,0.0480637096688119
Baseline,62.0,0.0475936025580033
Baseline,62.5,0.0471107951234376
Baseline,63.0,0.0466153205332963
Baseline,63.5,0.0461072119529055
Baseline,64.0,0.0455865025447239
Baseline,64.5,0.0450532254683318
Baseline,65.0,0.0445074138804206
Baseline,65.5,0.0439369894687091
Baseline,66.0,0.0433544778057176
Baseline,66.5,0.0427602378874711
Baseline,67.0,0.0421545045903816
Baseline,67.5,0.0415413776404574
Baseline,68.0,0.0409175366716171
Baseline,68.5,0.0402836375453608
Baseline,69.0,0.0396396579064635
Baseline,69.5,0.0389840043738096
Baseline,70.0,0.0383168333634706
Baseline,70.5,0.0376414022838165
Baseline,71.0,0.0369580993316042
Baseline,71.5,0.0362672293969087
Baseline,72.0,0.0355664982820838
Baseline,72.5,0.0348524827126416
Baseline,73.0,0.0341277311928862
Baseline,73.5,0.0333947728857908
Baseline,74.0,0.0326542559759881
Baseline,74.5,0.0319027332832022
Baseline,75.0,0.0311377262060507
Low manufacturing,0.0,0.0
Low manufacturing,0.5,0.0008638517725063
Low manufacturing,1.0,0.0017277035450127
Low manufacturing,1.5,0.002591555317519
Low manufacturing,2.0,0.0034554070900254
Low manufacturing,2.5,0.0043192588625318
Low manufacturing,3.0,0.0051831106350381
Low manufacturing,3.5,0.0060469624075445
Low manufacturing,4.0,0.0069108141800509
Low manufacturing,4.5,0.0077746659525572
Low manufacturing,5.0,0.0086385177250636
Low manufacturing,5.5,0.00950236949757
Low manufacturing,6.0,0.0103662212700763
Low manufacturing,6.5,0.0112300730425827
Low manufacturing,7.0,0.0120939248150891
Low manufacturing,7.5,0.0129577765875954
Low manufacturing,8.0,0.0138216283601018
Low manufacturing,8.5,0.0146854801326082
Low manufacturing,9.0,0.0155493319051145
Low manufacturing,9.5,0.0164131836776209
Low manufacturing,10.0,0.0172770354501273
Low manufacturing,10.5,0.0181408872226336
Low manufacturing,11.0,0.01900473899514
Low manufacturing,11.5,0.0197771810236464
Low manufacturing,12.0,0.0206410327961527
Low manufacturing,12.5,0.0215048845686591
Low manufacturing,13.0,0.0223687363411655
Low manufacturing,13.5,0.0232325881136718
Low manufacturing,14.0,0.0240964398861782
Low manufacturing,14.5,0.0249602916586846
Low manufacturing,15.0,0.0257988692571909
Low manufacturing,15.5,0.0266624297176973
Low manufacturing,16.0,0.0275262814902036
Low manufacturing,16.5,0.02839013326271
Low manufacturing,17.0,0.0292539850352164
Low manufacturing,17.5,0.0301178368077228
Low manufacturing,18.0,0.0309816885802291
Low manufacturing,18.5,0.0318455403527355
Low manufacturing,19.0,0.0327093921252419
Low manufacturing,19.5,0.0335732438977482
Low manufacturing,20.0,0.0344370956702546
Low manufacturing,20.5,0.0353009474427609
Low manufacturing,21.0,0.0361647992152673
Low manufacturing,21.5,0.0370286509877737
Low manufacturing,22.0,0.03789250276028
Low manufacturing,22.5,0.0387563545327864
Low manufacturing,23.0,0.0396202063052928
Low manufacturing,23.5,0.0404840580777991
Low manufacturing,24.0,0.0413479098503055
Low manufacturing,24.5,0.0422117616228119
Low manufacturing,25.0,0.0430756133953182
Low manufacturing,25.5,0.043728802946701
Low manufacturing,26.0,0.0443736540960121
Low manufacturing,26.5,0.0450004595994765
Low manufacturing,27.0,0.0456184902455607
Low manufacturing,27.5,0.0462198957938462
Low manufacturing,28.0,0.0468105840488846
Low manufacturing,28.5,0.0473877421988528
Low manufacturing,29.0,0.0479506963881765
Low manufacturing,29.5,0.0485040926964878
Low manufacturing,30.0,0.0490398369123705
Low manufacturing,30.5,0.0495648815332361
Low manufacturing,31.0,0.050079211368856
Low manufacturing,31.5,0.0505757763300146
Low manufacturing,32.0,0.0510621150126731
Low manufacturing,32.5,0.0515382274168316
Low manufacturing,33.0,0.0519964870638838
Low manufacturing,33.5,0.0524442488738927
Low manufacturing,34.0,0.0528815128468581
Low manufacturing,34.5,0.05330404198243
Low manufacturing,35.0,0.0537127960800638
Low manufacturing,35.5,0.0540193946516009
Low manufacturing,36.0,0.0544066571850414
Low manufacturing,36.5,0.0547776693302382
Low manufacturing,37.0,0.0551361628604097
Low manufacturing,37.5,0.0554836855091301
Low manufacturing,38.0,0.0558202372763994
Low manufacturing,38.5,0.0561422321296119
Low manufacturing,39.0,0.056449913228307
Low manufacturing,39.5,0.0567464203759375
Low manufacturing,40.0,0.0570317535725034
Low manufacturing,40.5,0.0572649759600697
Low manufacturing,41.0,0.0574816601815921
Low manufacturing,41.5,0.0576849895517263
Low manufacturing,42.0,0.0578711383072395
Low manufacturing,42.5,0.0580441317160503
Low manufacturing,43.0,0.0582053531772569
Low manufacturing,43.5,0.0583507010171197
Low manufacturing,44.0,0.0584758941081088
Low manufacturing,44.5,0.0585891199512476
Low manufacturing,45.0,0.0586904040581743
Low manufacturing,45.5,0.0587758384773127
Low manufacturing,46.0,0.0588462624844812
Low manufacturing,46.5,0.0589039585074576
Low manufacturing,47.0,0.0589451613900408
Low manufacturing,47.5,0.0589711372162946
Low manufacturing,48.0,0.058981194586886
Low manufacturing,48.5,0.0589791297099604
Low manufacturing,49.0,0.0589649701033086
Low manufacturing,49.5,0.0589387432816343
Low manufacturing,50.0,0.0588938271231547
Low manufacturing,50.5,0.0588314762843042
Low manufacturing,51.0,0.0587569176821277
Low manufacturing,51.5,0.0586701796605655
Low manufacturing,52.0,0.0585712905605693
Low manufacturing,52.5,0.0584533029848573
Low manufacturing,53.0,0.0583231122668063
Low manufacturing,53.5,0.0581807474247775
Low manufacturing,54.0,0.0580262374742335
Low manufacturing,54.5,0.0578564975658147
Low manufacturing,55.0,0.057669413776558
Low manufacturing,55.5,0.0574668391008698
Low manufacturing,56.0,0.0572520356959875
Low manufacturing,56.5,0.0570250331590991
Low manufacturing,57.0,0.0567858610845447
Low manufacturing,57.5,0.0565345490638064
Low manufacturing,58.0,0.0562681182934897
Low manufacturing,58.5,0.0559857763552343
Low manufacturing,59.0,0.055691286853137
Low manufacturing,59.5,0.0553810105486102
Low manufacturing,60.0,0.0550577545907169
Low manufacturing,60.5,0.0547223567875511
Low manufacturing,61.0,0.0543748472239075
Low manufacturing,61.5,0.0540109557494818
Low manufacturing,62.0,0.053632592910066
Low manufacturing,62.5,0.0532421188523574
Low manufacturing,63.0,0.0528395640871078
Low manufacturing,63.5,0.0524249591222555
Low manufacturing,64.0,0.0519983344629148
Low manufacturing,64.5,0.0515597206113636
Low manufacturing,65.0,0.0511091480670347
Low manufacturing,65.5,0.0506342106677825
Low manufacturing,66.0,0.0501477529148083
Low manufacturing,66.5,0.0496501311778285
Low manufacturing,67.0,0.0491415777069888
Low manufacturing,67.5,0.0486261896020737
Low manufacturing,68.0,0.048100643870821
Low manufacturing,68.5,0.0475655937485925
Low manufacturing,69.0,0.0470210142540687
Low manufacturing,69.5,0.0464653059362897
Low manufacturing,70.0,0.045898619192578
Low manufacturing,70.5,0.0453242157221782
Low manufacturing,71.0,0.04474248110072
Low manufacturing,71.5,0.0441537175971944
Low manufacturing,72.0,0.0435556283929143
Low manufacturing,72.5,0.0429449347237362
Low manufacturing,73.0,0.042324155887899
Low manufacturing,73.5,0.0416957015341527
Low manufacturing,74.0,0.0410602172262646
Low manufacturing,74.5,0.0404142499920548
Low manufacturing,75.0,0.0397553176224605
High manufacturing,0.0,0.0
High manufacturing,0.5,0.0008364595737906
High manufacturing,1.0,0.0016729191475813
High manufacturing,1.5,0.002509378721372
High manufacturing,2.0,0.0033458382951627
High manufacturing,2.5,0.0041822978689534
High manufacturing,3.0,0.0050187574427441
High manufacturing,3.5,0.0058552170165348
High manufacturing,4.0,0.0066916765903255
High manufacturing,4.5,0.0075281361641162
High manufacturing,5.0,0.0083645957379069
High manufacturing,5.5,0.0092010553116975
High manufacturing,6.0,0.0100375148854882
High manufacturing,6.5,0.0108739744592789
High manufacturing,7.0,0.0117104340330696
High manufacturing,7.5,0.0125468936068603
High manufacturing,8.0,0.013383353180651
High manufacturing,8.5,0.0142198127544417
High manufacturing,9.0,0.0150562723282324
High manufacturing,9.5,0.0158927319020231
High manufacturing,10.0,0.0167291914758138
High manufacturing,10.5,0.0175656510496044
High manufacturing,11.0,0.0184021106233951
High manufacturing,11.5,0.0191471604531858
High manufacturing,12.0,0.0199836200269765
High manufacturing,12.5,0.0208200796007672
High manufacturing,13.0,0.0216565391745579
High manufacturing,13.5,0.0224929987483486
High manufacturing,14.0,0.0233294583221393
High manufacturing,14.5,0.02416591789593
High manufacturing,15.0,0.0249771032957207
High manufacturing,15.5,0.0258132715575113
High manufacturing,16.0,0.026649731131302
High manufacturing,16.5,0.0274861907050927
High manufacturing,17.0,0.0283226502788834
High manufacturing,17.5,0.0291591098526741
High manufacturing,18.0,0.0299955694264648
High manufacturing,18.5,0.0308320290002555
High manufacturing,19.0,0.0316684885740462
High manufacturing,19.5,0.0325049481478369
High manufacturing,20.0,0.0333414077216276
High manufacturing,20.5,0.0341778672954182
High manufacturing,21.0,0.0350143268692089
High manufacturing,21.5,0.0358507864429996
High manufacturing,22.0,0.0366872460167903
High manufacturing,22.5,0.037523705590581
High manufacturing,23.0,0.0383601651643717
High manufacturing,23.5,0.0391966247381624
High manufacturing,24.0,0.0400330843119531
High manufacturing,24.5,0.0408695438857438
High manufacturing,25.0,0.0417060034595345
High manufacturing,25.5,0.0422825440497433
High manufacturing,26.0,0.0428488146001369
High manufacturing,26.5,0.0433979455200931
High manufacturing,27.0,0.0439364770261766
High manufacturing,27.5,0.0444587794758548
High manufacturing,28.0,0.0449690730192861
High manufacturing,28.5,0.0454652999921387
High manufacturing,29.0,0.045946959423188
High manufacturing,29.5,0.0464174207076381
High manufacturing,30.0,0.0468707313786331
High manufacturing,30.5,0.0473119913245399
High manufacturing,31.0,0.0477411822596817
High manufacturing,31.5,0.0481530564146807
High manufacturing,32.0,0.0485532128416802
High manufacturing,32.5,0.04894165154068
High manufacturing,33.0,0.0493120061646892
High manufacturing,33.5,0.0496704096879619
High manufacturing,34.0,0.0500168621104981
High manufacturing,34.5,0.0503478023725488
High manufacturing,35.0,0.0506640326431525
High manufacturing,35.5,0.0508766879655249
High manufacturing,36.0,0.051168587827666
High manufacturing,36.5,0.0514436647479897
High manufacturing,37.0,0.0517050721100318
High manufacturing,37.5,0.0519541189994746
High manufacturing,38.0,0.0521908054163181
High manufacturing,38.5,0.0524120780913957
High manufacturing,39.0,0.0526181409765477
High manufacturing,39.5,0.052811666457953
High manufacturing,40.0,0.0529926545356116
High manufacturing,40.5,0.0531215890843593
High manufacturing,41.0,0.0532334790432736
High manufacturing,41.5,0.0533310871411211
High manufacturing,42.0,0.0534103942996189
High manufacturing,42.5,0.0534754087211356
High manufacturing,43.0,0.0535275131504815
High manufacturing,43.5,0.0535626200680569
High manufacturing,44.0,0.0535764578667012
High manufacturing,44.5,0.0535771992401504
High manufacturing,45.0,0.0535648747817681
High manufacturing,45.5,0.053535578476066
High manufacturing,46.0,0.0534901499572719
High manufacturing,46.5,0.0534308795946327
High manufacturing,47.0,0.0533540179975265
High manufacturing,47.5,0.0532608159659855
High manufacturing,48.0,0.0531505807583315
High manufacturing,48.5,0.053027120411388
High manufacturing,49.0,0.0528904671093701
High manufacturing,49.5,0.0527406530333259
High manufacturing,50.0,0.0525710361917183
High manufacturing,50.5,0.0523829074412858
High manufacturing,51.0,0.0521814854415581
High manufacturing,51.5,0.0519668030384677
High manufacturing,52.0,0.0517388930748837
High manufacturing,52.5,0.0514908205682971
High manufacturing,53.0,0.0512294746186312
High manufacturing,53.5,0.0509548886619475
High manufacturing,54.0,0.0506670961313391
High manufacturing,54.5,0.0503630256849804
High manufacturing,55.0,0.0500405646364752
High manufacturing,55.5,0.0497015638063059
High manufacturing,56.0,0.0493492880572548
High manufacturing,56.5,0.0489837713329801
High manufacturing,57.0,0.0486050475742263
High manufacturing,57.5,0.0482131507188122
High manufacturing,58.0,0.0478051050188475
High manufacturing,58.5,0.0473801203725437
High manufacturing,59.0,0.0469419656388228
High manufacturing,59.5,0.0464869888698256
High manufacturing,60.0,0.0460180144032207
High manufacturing,60.5,0.0455358880790012
High manufacturing,61.0,0.0450406442686187
High manufacturing,61.5,0.0445280124278666
High manufacturing,62.0,0.0439999077465371
High manufacturing,62.5,0.0434586967881917
High manufacturing,63.0,0.0429044143009022
High manufacturing,63.5,0.042337095029864
High manufacturing,64.0,0.0417567737173836
High manufacturing,64.5,0.0411634851028672
High manufacturing,65.0,0.040557263922811
High manufacturing,65.5,0.0399259856228744
High manufacturing,66.0,0.0392822241078071
High manufacturing,66.5,0.0386263399456813
High manufacturing,67.0,0.0379585695849347
High manufacturing,67.5,0.0372830143235798
High manufacturing,68.0,0.0365963553675182
High manufacturing,68.5,0.0358992501502107
High manufacturing,69.0,0.035191677888372
High manufacturing,69.5,0.034472052472939
High manufacturing,70.0,0.0337405379069358
High manufacturing,70.5,0.03300038193158
High manufacturing,71.0,0.0322519743203455
High manufacturing,71.5,0.0314956215400027
High manufacturing,72.0,0.0307290309695785
High manufacturing,72.5,0.02994861437685
High manufacturing,73.0,0.0291569519337915
High manufacturing,73.5,0.0283567066886827
High manufacturing,74.0,0.0275485284027415
High manufacturing,74.5,0.0267289779812504
High manufacturing,75.0,0.0258955808555671
Earlier storage,0.0,0.0
Earlier storage,0.5,0.000846314291709
Earlier storage,1.0,0.001692628583418
Earlier storage,1.5,0.002538942875127
Earlier storage,2.0,0.003385257166836
Earlier storage,2.5,0.004231571458545
Earlier storage,3.0,0.005077885750254
Earlier storage,3.5,0.005924200041963
Earlier storage,4.0,0.006770514333672
Earlier storage,4.5,0.007616828625381
Earlier storage,5.0,0.00846314291709
Earlier storage,5.5,0.0093094572087991
Earlier storage,6.0,0.0101557715005081
Earlier storage,6.5,0.0110020857922171
Earlier storage,7.0,0.0118484000839261
Earlier storage,7.5,0.0126947143756351
Earlier storage,8.0,0.0135410286673441
Earlier storage,8.5,0.0143873429590531
Earlier storage,9.0,0.0152336572507621
Earlier storage,9.5,0.0160799715424711
Earlier storage,10.0,0.0169262858341801
Earlier storage,10.5,0.0177726001258891
Earlier storage,11.0,0.0186189144175982
Earlier storage,11.5,0.0193738189653072
Earlier storage,12.0,0.0202201332570162
Earlier storage,12.5,0.0210664475487252
Earlier storage,13.0,0.0219127618404342
Earlier storage,13.5,0.0227590761321432
Earlier storage,14.0,0.0236053904238522
Earlier storage,14.5,0.0244517047155612
Earlier storage,15.0,0.0252727448332702
Earlier storage,15.5,0.0258857399920747
Earlier storage,16.0,0.0264771791579154
Earlier storage,16.5,0.027047282211996
Earlier storage,17.0,0.0275966348897612
Earlier storage,17.5,0.0281224250240235
Earlier storage,18.0,0.0286274190495355
Earlier storage,18.5,0.0291119920195486
Earlier storage,19.0,0.0295730462756993
Earlier storage,19.5,0.0300156683137265
Earlier storage,20.0,0.0304334274854181
Earlier storage,20.5,0.0308334430214074
Earlier storage,21.0,0.0312088803265931
Earlier storage,21.5,0.0315658597989695
Earlier storage,22.0,0.0319001596075266
Earlier storage,22.5,0.0322138150604514
Earlier storage,23.0,0.0325083029523096
Earlier storage,23.5,0.0327784776159122
Earlier storage,24.0,0.0330299684278435
Earlier storage,24.5,0.0332611746253784
Earlier storage,25.0,0.0334687313399309
Earlier storage,25.5,0.0336593098855031
Earlier storage,26.0,0.0338309432303878
Earlier storage,26.5,0.0339796082503581
Earlier storage,27.0,0.0341091061094097
Earlier storage,27.5,0.0342208962617006
Earlier storage,28.0,0.0343122427785134
Earlier storage,28.5,0.03438116189322
Earlier storage,29.0,0.0344315760213182
Earlier storage,29.5,0.0344626269428237
Earlier storage,30.0,0.0344757145281207
Earlier storage,30.5,0.0344643531716779
Earlier storage,31.0,0.0344335940775694
Earlier storage,31.5,0.034384600080481
Earlier storage,32.0,0.0343160715416463
Earlier storage,32.5,0.0342280084610652
Earlier storage,33.0,0.0341168644179973
Earlier storage,33.5,0.0339860379127568
Earlier storage,34.0,0.0338355289453436
Earlier storage,34.5,0.0336660528916025
Earlier storage,35.0,0.0334774146490303
Earlier storage,35.5,0.0331772662426762
Earlier storage,36.0,0.0329445949013339
Earlier storage,36.5,0.0326929973042452
Earlier storage,37.0,0.0324218407982547
Earlier storage,37.5,0.0321308723220999
Earlier storage,38.0,0.031820091875781
Earlier storage,38.5,0.0314900524632239
Earlier storage,39.0,0.0311406926395482
Earlier storage,39.5,0.0307658155683118
Earlier storage,40.0,0.0303709820895087
Earlier storage,40.5,0.0299347781994698
Earlier storage,41.0,0.0294799719242425
Earlier storage,41.5,0.0290066791426928
Earlier storage,42.0,0.0285111010459788
Earlier storage,42.5,0.0280006050799467
Earlier storage,43.0,0.0274749413786902
Earlier storage,43.5,0.0269293093479884
Earlier storage,44.0,0.0263623389943319
Earlier storage,44.5,0.0257829034242806
Earlier storage,45.0,0.0251911564829486
Earlier storage,45.5,0.0245818949915502
Earlier storage,46.0,0.0239588978747738
Earlier storage,46.5,0.0233234361911991
Earlier storage,47.0,0.0226753786126665
Earlier storage,47.5,0.0220105097356521
Earlier storage,48.0,0.0213315296243179
Earlier storage,48.5,0.0206400824929669
Earlier storage,49.0,0.0199307199622952
Earlier storage,49.5,0.0192029697338288
Earlier storage,50.0,0.0184572711366466
Earlier storage,50.5,0.0176997978803819
Earlier storage,51.0,0.0169295260810737
Earlier storage,51.5,0.0161444406625554
Earlier storage,52.0,0.01534568337401
Earlier storage,52.5,0.014530214954385
Earlier storage,53.0,0.0137025889018101
Earlier storage,53.5,0.0128608938626369
Earlier storage,54.0,0.0120044640779667
Earlier storage,54.5,0.0111351352916149
Earlier storage,55.0,0.0102517443286592
Earlier storage,55.5,0.0093536140664379
Earlier storage,56.0,0.0084357175612016
Earlier storage,56.5,0.0074985921572074
Earlier storage,57.0,0.0065477313614787
Earlier storage,57.5,0.0055829560736969
Earlier storage,58.0,0.0046052500353579
Earlier storage,58.5,0.0036121241062211
Earlier storage,59.0,0.0026045130205775
Earlier storage,59.5,0.0015826798359345
Earlier storage,60.0,0.0005473329619974
Earlier storage,60.5,0.000341393177807
Earlier storage,61.0,0.0001357535102884
Earlier storage,61.5,-7.254838968864114e-05
Earlier storage,62.0,-0.0002842956984875
Earlier storage,62.5,-0.0004978059674163
Earlier storage,63.0,-0.0007117468813635
Earlier storage,63.5,-0.0009273934349263
Earlier storage,64.0,-0.0011435510850609
Earlier storage,64.5,-0.0013597880604211
Earlier storage,65.0,-0.0015752441651372
Earlier storage,65.5,-0.001807819359933
Earlier storage,66.0,-0.0020431014466415
Earlier storage,66.5,-0.0022810467404673
Earlier storage,67.0,-0.0025203406159708
Earlier storage,67.5,-0.0027620921689133
Earlier storage,68.0,-0.003003975380456
Earlier storage,68.5,-0.0032440271407628
Earlier storage,69.0,-0.003484440871989
Earlier storage,69.5,-0.0037278215539218
Earlier storage,70.0,-0.0039776938509922
Earlier storage,70.5,-0.0042297468804146
Earlier storage,71.0,-0.004483566543404
Earlier storage,71.5,-0.004737952958588
Earlier storage,72.0,-0.0049938240526671
Earlier storage,72.5,-0.0052506124525237
Earlier storage,73.0,-0.0055071863404861
Earlier storage,73.5,-0.005764218818507
Earlier storage,74.0,-0.0060227953306382
Earlier storage,74.5,-0.0062852538156842
Earlier storage,75.0,-0.0065516577339492
Later storage,0.0,0.0
Later storage,0.5,0.000846314291709
Later storage,1.0,0.001692628583418
Later storage,1.5,0.002538942875127
Later storage,2.0,0.003385257166836
Later storage,2.5,0.004231571458545
Later storage,3.0,0.005077885750254
Later storage,3.5,0.005924200041963
Later storage,4.0,0.006770514333672
Later storage,4.5,0.007616828625381
Later storage,5.0,0.00846314291709
Later storage,5.5,0.0093094572087991
Later storage,6.0,0.0101557715005081
Later storage,6.5,0.0110020857922171
Later storage,7.0,0.0118484000839261
Later storage,7.5,0.0126947143756351
Later storage,8.0,0.0135410286673441
Later storage,8.5,0.0143873429590531
Later storage,9.0,0.0152336572507621
Later storage,9.5,0.0160799715424711
Later storage,10.0,0.0169262858341801
Later storage,10.5,0.0177726001258891
Later storage,11.0,0.0186189144175982
Later storage,11.5,0.0193738189653072
Later storage,12.0,0.0202201332570162
Later storage,12.5,0.0210664475487252
Later storage,13.0,0.0219127618404342
Later storage,13.5,0.0227590761321432
Later storage,14.0,0.0236053904238522
Later storage,14.5,0.0244517047155612
Later storage,15.0,0.0252727448332702
Later storage,15.5,0.0261187678129792
Later storage,16.0,0.0269650821046883
Later storage,16.5,0.0278113963963973
Later storage,17.0,0.0286577106881062
Later storage,17.5,0.0295040249798153
Later storage,18.0,0.0303503392715243
Later storage,18.5,0.0311966535632333
Later storage,19.0,0.0320429678549423
Later storage,19.5,0.0328892821466513
Later storage,20.0,0.0337355964383603
Later storage,20.5,0.0345819107300693
Later storage,21.0,0.0354282250217783
Later storage,21.5,0.0362745393134873
Later storage,22.0,0.0371208536051964
Later storage,22.5,0.0379671678969054
Later storage,23.0,0.0388134821886144
Later storage,23.5,0.0396597964803234
Later storage,24.0,0.0405061107720324
Later storage,24.5,0.0413524250637414
Later storage,25.0,0.0421987393554504
Later storage,25.5,0.0430470206788667
Later storage,26.0,0.0438953020022831
Later storage,26.5,0.0447454421476013
Later storage,27.0,0.0455955822929194
Later storage,27.5,0.0464471818923958
Later storage,28.0,0.0472990733827039
Later storage,28.5,0.0481517515746642
Later storage,29.0,0.0490052879866087
Later storage,29.5,0.0498588243985531
Later storage,30.0,0.0507137606808819
Later storage,30.5,0.0515688369502492
Later storage,31.0,0.0524240500236971
Later storage,31.5,0.0532805627359115
Later storage,32.0,0.054137075448126
Later storage,32.5,0.0549935881603405
Later storage,33.0,0.0558514358258793
Later storage,33.5,0.0567092834914181
Later storage,34.0,0.0575671311569569
Later storage,34.5,0.0584256941983403
Later storage,35.0,0.0592847775130652
Later storage,35.5,0.06005245108379
Later storage,36.0,0.0609115343985148
Later storage,36.5,0.0617715034276574
Later storage,37.0,0.0626317255180623
Later storage,37.5,0.0634919476084672
Later storage,38.0,0.0643521696988721
Later storage,38.5,0.0652129447932031
Later storage,39.0,0.0660742114465796
Later storage,39.5,0.0669354780999561
Later storage,40.0,0.0677967447533325
Later storage,40.5,0.0686061440729837
Later storage,41.0,0.0694149364888947
Later storage,41.5,0.0702226438084174
Later storage,42.0,0.0710231969937813
Later storage,42.5,0.0718208129791505
Later storage,43.0,0.0726169305294869
Later storage,43.5,0.0734093950582018
Later storage,44.0,0.0741959417451333
Later storage,44.5,0.0749808202842736
Later storage,45.0,0.0757640292924197
Later storage,45.5,0.0765413915043719
Later storage,46.0,0.0773137444162481
Later storage,46.5,0.0780843756973798
Later storage,47.0,0.0788538411689162
Later storage,47.5,0.0796181109777541
Later storage,48.0,0.080376400675544
Later storage,48.5,0.0811326993660792
Later storage,49.0,0.081887005831198
Later storage,49.5,0.0826393188495958
Later storage,50.0,0.0833825810491855
Later storage,50.5,0.0838551656420241
Later storage,51.0,0.0843208270134169
Later storage,51.5,0.0847795800066605
Later storage,52.0,0.0852314394620119
Later storage,52.5,0.0856591637832152
Later storage,53.0,0.0860797172619627
Later storage,53.5,0.0864931153474984
Later storage,54.0,0.0868993734861204
Later storage,54.5,0.0872924926307018
Later storage,55.0,0.0876715504330504
Later storage,55.5,0.0880398260021406
Later storage,56.0,0.0884007359878479
Later storage,56.5,0.0887542963766741
Later storage,57.0,0.0890915110043659
Later storage,57.5,0.0894208531241953
Later storage,58.0,0.0897395786792987
Later storage,58.5,0.0900468251306185
Later storage,59.0,0.0903465339878319
Later storage,59.5,0.0906316789058417
Later storage,60.0,0.0909076284390665
Later storage,60.5,0.0911759519170788
Later storage,61.0,0.0914366661862855
Later storage,61.5,0.0916852633215153
Later storage,62.0,0.0919220406535192
Later storage,62.5,0.0921439136778361
Later storage,63.0,0.0923580051510269
Later storage,63.5,0.0925643322983124
Later storage,64.0,0.0927629123420459
Later storage,64.5,0.0929537625017021
Later storage,65.0,0.093136899993867
Later storage,65.5,0.093297288532311
Later storage,66.0,0.0934497768945636
Later storage,66.5,0.0935943826348807
Later storage,67.0,0.0937311233046453
Later storage,67.5,0.0938600164523558
Later storage,68.0,0.0939810796236157
Later storage,68.5,0.0940930132665726
Later storage,69.0,0.0941900641226388
Later storage,69.5,0.0942770296743149
Later storage,70.0,0.0943516667679243
Later storage,70.5,0.094418359374247
Later storage,71.0,0.0944771253210178
Later storage,71.5,0.0945279824330391
Later storage,72.0,0.0945709485321713
Later storage,72.5,0.0946017994192458
Later storage,73.0,0.0946213237375933
Later storage,73.5,0.0946329109464543
Later storage,74.0,0.0946365790864191
Later storage,74.5,0.0946296191946556
Later storage,75.0,0.0946110801936511
No storage,0.0,0.0
No storage,0.5,0.000846314291709
No storage,1.0,0.001692628583418
No storage,1.5,0.002538942875127
No storage,2.0,0.003385257166836
No storage,2.5,0.004231571458545
No storage,3.0,0.005077885750254
No storage,3.5,0.005924200041963
No storage,4.0,0.006770514333672
No storage,4.5,0.007616828625381
No storage,5.0,0.00846314291709
No storage,5.5,0.0093094572087991
No storage,6.0,0.0101557715005081
No storage,6.5,0.0110020857922171
No storage,7.0,0.0118484000839261
No storage,7.5,0.0126947143756351
No storage,8.0,0.0135410286673441
No storage,8.5,0.0143873429590531
No storage,9.0,0.0152336572507621
No storage,9.5,0.0160799715424711
No storage,10.0,0.0169262858341801
No storage,10.5,0.0177726001258891
No storage,11.0,0.0186189144175982
No storage,11.5,0.0193738189653072
No storage,12.0,0.0202201332570162
No storage,12.5,0.0210664475487252
No storage,13.0,0.0219127618404342
No storage,13.5,0.0227590761321432
No storage,14.0,0.0236053904238522
No storage,14.5,0.0244517047155612
No storage,15.0,0.0252727448332702
No storage,15.5,0.0261187678129792
No storage,16.0,0.0269650821046883
No storage,16.5,0.0278113963963973
No storage,17.0,0.0286577106881062
No storage,17.5,0.0295040249798153
No storage,18.0,0.0303503392715243
No storage,18.5,0.0311966535632333
No storage,19.0,0.0320429678549423
No storage,19.5,0.0328892821466513
No storage,20.0,0.0337355964383603
No storage,20.5,0.0345819107300693
No storage,21.0,0.0354282250217783
No storage,21.5,0.0362745393134873
No storage,22.0,0.0371208536051964
No storage,22.5,0.0379671678969054
No storage,23.0,0.0388134821886144
No storage,23.5,0.0396597964803234
No storage,24.0,0.0405061107720324
No storage,24.5,0.0413524250637414
No storage,25.0,0.0421987393554504
No storage,25.5,0.0430470206788667
No storage,26.0,0.0438953020022831
No storage,26.5,0.0447454421476013
No storage,27.0,0.0455955822929194
No storage,27.5,0.0464471818923958
No storage,28.0,0.0472990733827039
No storage,28.5,0.0481517515746642
No storage,29.0,0.0490052879866087
No storage,29.5,0.0498588243985531
No storage,30.0,0.0507137606808819
No storage,30.5,0.0515688369502492
No storage,31.0,0.0524240500236971
No storage,31.5,0.0532805627359115
No storage,32.0,0.054137075448126
No storage,32.5,0.0549935881603405
No storage,33.0,0.0558514358258793
No storage,33.5,0.0567092834914181
No storage,34.0,0.0575671311569569
No storage,34.5,0.0584256941983403
No storage,35.0,0.0592847775130652
No storage,35.5,0.06005245108379
No storage,36.0,0.0609115343985148
No storage,36.5,0.0617715034276574
No storage,37.0,0.0626317255180623
No storage,37.5,0.0634919476084672
No storage,38.0,0.0643521696988721
No storage,38.5,0.0652129447932031
No storage,39.0,0.0660742114465796
No storage,39.5,0.0669354780999561
No storage,40.0,0.0677967447533325
No storage,40.5,0.0686061440729837
No storage,41.0,0.0694149364888947
No storage,41.5,0.0702226438084174
No storage,42.0,0.0710231969937813
No storage,42.5,0.0718208129791505
No storage,43.0,0.0726169305294869
No storage,43.5,0.0734093950582018
No storage,44.0,0.0741959417451333
No storage,44.5,0.0749808202842736
No storage,45.0,0.0757640292924197
No storage,45.5,0.0765413915043719
No storage,46.0,0.0773137444162481
No storage,46.5,0.0780843756973798
No storage,47.0,0.0788538411689162
No storage,47.5,0.0796181109777541
No storage,48.0,0.080376400675544
No storage,48.5,0.0811326993660792
No storage,49.0,0.081887005831198
No storage,49.5,0.0826393188495958
No storage,50.0,0.0833825810491855
No storage,50.5,0.0841240508803433
No storage,51.0,0.0848633781407547
No storage,51.5,0.0856005616793205
No storage,52.0,0.0863356003419013
No storage,52.5,0.0870611339130438
No storage,53.0,0.08778438259709
No storage,53.5,0.0885053453043821
No storage,54.0,0.0892240209423172
No storage,54.5,0.0899408220228873
No storage,55.0,0.0906517280593946
No storage,55.5,0.0913568136268838
No storage,56.0,0.0920594783459422
No storage,56.5,0.0927597211737839
No storage,57.0,0.0934575410647307
No storage,57.5,0.0941529369702014
No storage,58.0,0.0948427409555333
No storage,58.5,0.0955260730132075
No storage,59.0,0.0962068571844399
No storage,59.5,0.0968855393166531
No storage,60.0,0.0975617708512108
No storage,60.5,0.0982354514776072
No storage,61.0,0.0989065801828568
No storage,61.5,0.0995706311823958
No storage,62.0,0.1002295680683569
No storage,62.5,0.100885838180456
No storage,63.0,0.1015394405416705
No storage,63.5,0.1021903741721224
No storage,64.0,0.1028386380890666
No storage,64.5,0.1034842313068789
No storage,65.0,0.1041271528370471
No storage,65.5,0.1047610422096892
No storage,66.0,0.1053921552169555
No storage,66.5,0.1060204909013675
No storage,67.0,0.1066460483025732
No storage,67.5,0.1072688264573366
No storage,68.0,0.1078888243995265
No storage,68.5,0.1085060411601047
No storage,69.0,0.1091204757671137
No storage,69.5,0.1097299285957867
No storage,70.0,0.1103321377136325
No storage,70.5,0.1109314683126169
No storage,71.0,0.1115279194416598
No storage,71.5,0.1121214901467493
No storage,72.0,0.1127121794709312
No storage,72.5,0.1133002138389063
No storage,73.0,0.1138855468108759
No storage,73.5,0.1144679955132974
No storage,74.0,0.1150475589773239
No storage,74.5,0.1156215092306867
No storage,75.0,0.116188876186436
Zero thermal response,0.0,0.0
Zero thermal response,0.5,0.0008679962104705
Zero thermal response,1.0,0.001735992420941
Zero thermal response,1.5,0.0026039886314115
Zero thermal response,2.0,0.0034719848418821
Zero thermal response,2.5,0.0043399810523526
Zero thermal response,3.0,0.0052079772628231
Zero thermal response,3.5,0.0060759734732936
Zero thermal response,4.0,0.0069439696837642
Zero thermal response,4.5,0.0078119658942347
Zero thermal response,5.0,0.0086799621047052
Zero thermal response,5.5,0.0095479583151757
Zero thermal response,6.0,0.0104159545256463
Zero thermal response,6.5,0.0112839507361168
Zero thermal response,7.0,0.0121519469465873
Zero thermal response,7.5,0.0130199431570578
Zero thermal response,8.0,0.0138879393675284
Zero thermal response,8.5,0.0147559355779989
Zero thermal response,9.0,0.0156239317884694
Zero thermal response,9.5,0.0164919279989399
Zero thermal response,10.0,0.0173599242094105
Zero thermal response,10.5,0.018227920419881
Zero thermal response,11.0,0.0190959166303515
Zero thermal response,11.5,0.0199639128408221
Zero thermal response,12.0,0.0208319090512926
Zero thermal response,12.5,0.0216999052617631
Zero thermal response,13.0,0.0225679014722336
Zero thermal response,13.5,0.0234358976827041
Zero thermal response,14.0,0.0243038938931747
Zero thermal response,14.5,0.0251718901036452
Zero thermal response,15.0,0.0260398863141157
Zero thermal response,15.5,0.0269078825245862
Zero thermal response,16.0,0.0277758787350568
Zero thermal response,16.5,0.0286438749455273
Zero thermal response,17.0,0.0295118711559978
Zero thermal response,17.5,0.0303798673664684
Zero thermal response,18.0,0.0312478635769389
Zero thermal response,18.5,0.0321158597874094
Zero thermal response,19.0,0.0329838559978799
Zero thermal response,19.5,0.0338518522083505
Zero thermal response,20.0,0.034719848418821
Zero thermal response,20.5,0.0355878446292915
Zero thermal response,21.0,0.036455840839762
Zero thermal response,21.5,0.0373238370502326
Zero thermal response,22.0,0.0381918332607031
Zero thermal response,22.5,0.0390598294711736
Zero thermal response,23.0,0.0399278256816442
Zero thermal response,23.5,0.0407958218921147
Zero thermal response,24.0,0.0416638181025852
Zero thermal response,24.5,0.0425318143130557
Zero thermal response,25.0,0.0433998105235262
Zero thermal response,25.5,0.0440213556515193
Zero thermal response,26.0,0.0446332360311801
Zero thermal response,26.5,0.0452263838020031
Zero thermal response,27.0,0.0458095246410784
Zero thermal response,27.5,0.0463753019608767
Zero thermal response,28.0,0.0469293067679202
Zero thermal response,28.5,0.0474688946357542
Zero thermal response,29.0,0.0479934721061032
Zero thermal response,29.5,0.0485074216400785
Zero thermal response,30.0,0.04900312937468
Zero thermal response,30.5,0.0494871813014028
Zero thermal response,31.0,0.0499595625266157
Zero thermal response,31.5,0.0504136409003055
Zero thermal response,32.0,0.0508565535272683
Zero thermal response,32.5,0.0512883004075041
Zero thermal response,33.0,0.0517009326256064
Zero thermal response,33.5,0.0521021582207573
Zero thermal response,34.0,0.0524919771929567
Zero thermal response,34.5,0.0528659784387338
Zero thermal response,35.0,0.0532251906343918
Zero thermal response,35.5,0.0535727753613383
Zero thermal response,36.0,0.0539087326195733
Zero thermal response,36.5,0.0542273478899564
Zero thermal response,37.0,0.0545325240436815
Zero thermal response,37.5,0.0548258714344787
Zero thermal response,38.0,0.0551073900623482
Zero thermal response,38.5,0.055373364538744
Zero thermal response,39.0,0.0556240682905292
Zero thermal response,39.5,0.0558627609948113
Zero thermal response,40.0,0.0560894426515905
Zero thermal response,40.5,0.0562641457577936
Zero thermal response,41.0,0.0564214207152766
Zero thermal response,41.5,0.0565645915768024
Zero thermal response,42.0,0.056689904082295
Zero thermal response,42.5,0.0568013773765852
Zero thermal response,43.0,0.0569003966041796
Zero thermal response,43.5,0.0569826176223728
Zero thermal response,44.0,0.0570435143384736
Zero thermal response,44.5,0.0570917685860419
Zero thermal response,45.0,0.0571274092561644
Zero thermal response,45.5,0.0571465201200745
Zero thermal response,46.0,0.0571499414557921
Zero thermal response,46.5,0.0571398729022473
Zero thermal response,47.0,0.0571120862257447
Zero thermal response,47.5,0.0570683999378047
Zero thermal response,48.0,0.057008118791515
Zero thermal response,48.5,0.0569350563159333
Zero thermal response,49.0,0.0568492430429285
Zero thermal response,49.5,0.0567507095012269
Zero thermal response,50.0,0.056632801702304
Zero thermal response,50.5,0.056496223942841
Zero thermal response,51.0,0.05634679099702
Zero thermal response,51.5,0.0561845340783615
Zero thermal response,52.0,0.0560094843973461
Zero thermal response,52.5,0.0558146956946606
Zero thermal response,53.0,0.0556070654774423
Zero thermal response,53.5,0.0553866255657841
Zero thermal response,54.0,0.0551534077768335
Zero thermal response,54.5,0.0549039889262549
Zero thermal response,55.0,0.0546364269904624
Zero thermal response,55.5,0.0543527472885285
Zero thermal response,56.0,0.0540562170259684
Zero thermal response,56.5,0.0537468685445553
Zero thermal response,57.0,0.0534247341831703
Zero thermal response,57.5,0.0530898462777912
Zero thermal response,58.0,0.0527392245040715
Zero thermal response,58.5,0.0523720766646743
Zero thermal response,59.0,0.0519921738407812
Zero thermal response,59.5,0.0515954958111048
Zero thermal response,60.0,0.0511851520187249
Zero thermal response,60.5,0.0507620683486559
Zero thermal response,61.0,0.0503262775824666
Zero thermal response,61.5,0.0498735041506588
Zero thermal response,62.0,0.049405663481563
Zero thermal response,62.5,0.0489251224887101
Zero thermal response,63.0,0.0484319143402817
Zero thermal response,63.5,0.0479260722016037
Zero thermal response,64.0,0.0474076292351349
Zero thermal response,64.5,0.0468766186004557
Zero thermal response,65.0,0.0463330734542574
Zero thermal response,65.5,0.0457644397415681
Zero thermal response,66.0,0.0451837187775989
Zero thermal response,66.5,0.0445912695583746
Zero thermal response,67.0,0.0439873269603074
Zero thermal response,67.5,0.0433759907094054
Zero thermal response,68.0,0.0427539404395874
Zero thermal response,68.5,0.0421218320123533
Zero thermal response,69.0,0.0414796430724783
Zero thermal response,69.5,0.0408257802388466
Zero thermal response,70.0,0.0401603999275299
Zero thermal response,70.5,0.0394867595468981
Zero thermal response,71.0,0.0388052472937079
Zero thermal response,71.5,0.0381161680580347
Zero thermal response,72.0,0.037417227642232
Zero thermal response,72.5,0.0367047753872022
Zero thermal response,73.0,0.0359814052741709
Zero thermal response,73.5,0.0352498283737997
Zero thermal response,74.0,0.0345106928707212
Zero thermal response,74.5,0.0337605515846595
Zero thermal response,75.0,0.0329969259142323
Fixed battery life,0.0,0.0
Fixed battery life,0.5,0.000846314291709
Fixed battery life,1.0,0.001692628583418
Fixed battery life,1.5,0.002538942875127
Fixed battery life,2.0,0.003385257166836
Fixed battery life,2.5,0.004231571458545
Fixed battery life,3.0,0.005077885750254
Fixed battery life,3.5,0.005924200041963
Fixed battery life,4.0,0.006770514333672
Fixed battery life,4.5,0.007616828625381
Fixed battery life,5.0,0.00846314291709
Fixed battery life,5.5,0.0093094572087991
Fixed battery life,6.0,0.0101557715005081
Fixed battery life,6.5,0.0110020857922171
Fixed battery life,7.0,0.0118484000839261
Fixed battery life,7.5,0.0126947143756351
Fixed battery life,8.0,0.0135410286673441
Fixed battery life,8.5,0.0143873429590531
Fixed battery life,9.0,0.0152336572507621
Fixed battery life,9.5,0.0160799715424711
Fixed battery life,10.0,0.0169262858341801
Fixed battery life,10.5,0.0177726001258891
Fixed battery life,11.0,0.0186189144175982
Fixed battery life,11.5,0.0193738189653072
Fixed battery life,12.0,0.0202201332570162
Fixed battery life,12.5,0.0210664475487252
Fixed battery life,13.0,0.0219127618404342
Fixed battery life,13.5,0.0227590761321432
Fixed battery life,14.0,0.0236053904238522
Fixed battery life,14.5,0.0244517047155612
Fixed battery life,15.0,0.0252727448332702
Fixed battery life,15.5,0.0261187678129792
Fixed battery life,16.0,0.0269650821046883
Fixed battery life,16.5,0.0278113963963973
Fixed battery life,17.0,0.0286577106881062
Fixed battery life,17.5,0.0295040249798153
Fixed battery life,18.0,0.0303503392715243
Fixed battery life,18.5,0.0311966535632333
Fixed battery life,19.0,0.0320429678549423
Fixed battery life,19.5,0.0328892821466513
Fixed battery life,20.0,0.0337355964383603
Fixed battery life,20.5,0.0345819107300693
Fixed battery life,21.0,0.0354282250217783
Fixed battery life,21.5,0.0362745393134873
Fixed battery life,22.0,0.0371208536051964
Fixed battery life,22.5,0.0379671678969054
Fixed battery life,23.0,0.0388134821886144
Fixed battery life,23.5,0.0396597964803234
Fixed battery life,24.0,0.0405061107720324
Fixed battery life,24.5,0.0413524250637414
Fixed battery life,25.0,0.0421987393554504
Fixed battery life,25.5,0.0428005695963893
Fixed battery life,26.0,0.0433927350889959
Fixed battery life,26.5,0.0439680267946666
Fixed battery life,27.0,0.0445333115685895
Fixed battery life,27.5,0.0450826922773937
Fixed battery life,28.0,0.0456205923642747
Fixed battery life,28.5,0.0461448622135984
Fixed battery life,29.0,0.0466549798854214
Fixed battery life,29.5,0.0471544696208706
Fixed battery life,30.0,0.0476371174273304
Fixed battery life,30.5,0.04810824941295
Fixed battery life,31.0,0.0485678475011403
Fixed battery life,31.5,0.049010442376574
Fixed battery life,32.0,0.0494418715052807
Fixed battery life,32.5,0.0498621348872604
Fixed battery life,33.0,0.050264618560431
Fixed battery life,33.5,0.0506556956106502
Fixed battery life,34.0,0.051035366037918
Fixed battery life,34.5,0.0513999341146078
Fixed battery life,35.0,0.0517502334145202
Fixed battery life,35.5,0.051997495501721
Fixed battery life,36.0,0.0523245398642102
Fixed battery life,36.5,0.0526351279532655
Fixed battery life,37.0,0.052932529986925
Fixed battery life,37.5,0.0532181032576566
Fixed battery life,38.0,0.0534918477654604
Fixed battery life,38.5,0.0537506011257168
Fixed battery life,39.0,0.0539945753204078
Fixed battery life,39.5,0.0542265384675959
Fixed battery life,40.0,0.054446490567281
Fixed battery life,40.5,0.0546144641163901
Fixed battery life,41.0,0.0546893107276864
Fixed battery life,41.5,0.0547226459395033
Fixed battery life,42.0,0.0547356377966302
Fixed battery life,42.5,0.0547323054438976
Fixed battery life,43.0,0.0547140340258125
Fixed battery life,43.5,0.0546766554654998
Fixed battery life,44.0,0.0546158145749081
Fixed battery life,44.5,0.054539838475341
Fixed battery life,45.0,0.054448756057885
Fixed battery life,45.5,0.0543386510937735
Fixed battery life,46.0,0.0542103638610266
Fixed battery life,46.5,0.054066160911897
Fixed battery life,47.0,0.0539021447504654
Fixed battery life,47.5,0.053719729536685
Fixed battery life,48.0,0.0535182200236439
Fixed battery life,48.5,0.0533014297403994
Fixed battery life,49.0,0.0530693892188208
Fixed battery life,49.5,0.0528221289876342
Fixed battery life,50.0,0.0525529950583151
Fixed battery life,50.5,0.052263100234785
Fixed battery life,51.0,0.0519578450436244
Fixed battery life,51.5,0.0516372606983537
Fixed battery life,52.0,0.0513013784094533
Fixed battery life,52.5,0.0509432519176104
Fixed battery life,53.0,0.0505697787299619
Fixed battery life,53.5,0.0501809906666011
Fixed battery life,54.0,0.0497769195446752
Fixed battery life,54.5,0.0493543792092978
Fixed battery life,55.0,0.0489113050722021
Fixed battery life,55.5,0.0484496031277447
Fixed battery life,56.0,0.0479725405814406
Fixed battery life,56.5,0.0474801497750631
Fixed battery life,57.0,0.0469724630474934
Fixed battery life,57.5,0.0464495127347091
Fixed battery life,58.0,0.0459083185123638
Fixed battery life,58.5,0.0453480881831207
Fixed battery life,59.0,0.0447725928281613
Fixed battery life,59.5,0.0441781746914764
Fixed battery life,60.0,0.0435676597228618
Fixed battery life,60.5,0.0429418931019077
Fixed battery life,61.0,0.042300907610183
Fixed battery life,61.5,0.0416404276781895
Fixed battery life,62.0,0.0409623687342576
Fixed battery life,62.5,0.0402690976919183
Fixed battery life,63.0,0.0395606477193531
Fixed battery life,63.5,0.038837051981888
Fixed battery life,64.0,0.0380983436419818
Fixed battery life,64.5,0.0373445558592147
Fixed battery life,65.0,0.0365757217902782
Fixed battery life,65.5,0.0357857433698434
Fixed battery life,66.0,0.0349814552046548
Fixed battery life,66.5,0.034163220790276
Fixed battery life,67.0,0.0333312795026575
Fixed battery life,67.5,0.0324897355673462
Fixed battery life,68.0,0.0316352731177994
Fixed battery life,68.5,0.0307685525150555
Fixed battery life,69.0,0.0298895559034282
Fixed battery life,69.5,0.028996699712315
Fixed battery life,70.0,0.0280901507299892
Fixed battery life,70.5,0.0271731605334757
Fixed battery life,71.0,0.0262461218322117
Fixed battery life,71.5,0.0253093440289526
Fixed battery life,72.0,0.0243605374387325
Fixed battery life,72.5,0.0233986644934874
Fixed battery life,73.0,0.0224258479531251
Fixed battery life,73.5,0.0214427296759251
Fixed battery life,74.0,0.0204499623592004
Fixed battery life,74.5,0.0194441096785245
Fixed battery life,75.0,0.0184227001806269
Production-event PV accounting,0.0,0.0
Production-event PV accounting,0.5,-0.0007637435141706
Production-event PV accounting,1.0,-0.0015274870283413
Production-event PV accounting,1.5,-0.0022912305425119
Production-event PV accounting,2.0,-0.0030549740566826
Production-event PV accounting,2.5,-0.0038187175708532
Production-event PV accounting,3.0,-0.0045824610850239
Production-event PV accounting,3.5,-0.0053462045991945
Production-event PV accounting,4.0,-0.0061099481133652
Production-event PV accounting,4.5,-0.0068736916275359
Production-event PV accounting,5.0,-0.0076374351417065
Production-event PV accounting,5.5,-0.0084011786558772
Production-event PV accounting,6.0,-0.0091649221700478
Production-event PV accounting,6.5,-0.0099286656842185
Production-event PV accounting,7.0,-0.0106924091983891
Production-event PV accounting,7.5,-0.0114561527125598
Production-event PV accounting,8.0,-0.0122198962267305
Production-event PV accounting,8.5,-0.0129836397409011
Production-event PV accounting,9.0,-0.0137473832550718
Production-event PV accounting,9.5,-0.0145111267692424
Production-event PV accounting,10.0,-0.0152748702834131
Production-event PV accounting,10.5,-0.0160386137975837
Production-event PV accounting,11.0,-0.0168023573117544
Production-event PV accounting,11.5,-0.017657510569925
Production-event PV accounting,12.0,-0.0184212540840957
Production-event PV accounting,12.5,-0.0191849975982664
Production-event PV accounting,13.0,-0.019948741112437
Production-event PV accounting,13.5,-0.0207124846266077
Production-event PV accounting,14.0,-0.0214762281407783
Production-event PV accounting,14.5,-0.022239971654949
Production-event PV accounting,15.0,-0.0230289893431196
Production-event PV accounting,15.5,-0.0237930241692903
Production-event PV accounting,16.0,-0.024556767683461
Production-event PV accounting,16.5,-0.0253205111976316
Production-event PV accounting,17.0,-0.0260842547118023
Production-event PV accounting,17.5,-0.0268479982259729
Production-event PV accounting,18.0,-0.0276117417401436
Production-event PV accounting,18.5,-0.0283754852543142
Production-event PV accounting,19.0,-0.0291392287684849
Production-event PV accounting,19.5,-0.0299029722826555
Production-event PV accounting,20.0,-0.0306667157968262
Production-event PV accounting,20.5,-0.0314304593109969
Production-event PV accounting,21.0,-0.0321942028251675
Production-event PV accounting,21.5,-0.0329579463393382
Production-event PV accounting,22.0,-0.0337216898535088
Production-event PV accounting,22.5,-0.0344854333676795
Production-event PV accounting,23.0,-0.0352491768818501
Production-event PV accounting,23.5,-0.0360129203960208
Production-event PV accounting,24.0,-0.0367766639101915
Production-event PV accounting,24.5,-0.0375404074243621
Production-event PV accounting,25.0,-0.0383041509385328
Production-event PV accounting,25.5,-0.0393123785034735
Production-event PV accounting,26.0,-0.0403302708167466
Production-event PV accounting,26.5,-0.0413650369169557
Production-event PV accounting,27.0,-0.0424098099489123
Production-event PV accounting,27.5,-0.0434704870459879
Production-event PV accounting,28.0,-0.0445426447649865
Production-event PV accounting,28.5,-0.0456284327215424
Production-event PV accounting,29.0,-0.0467283728555991
Production-event PV accounting,29.5,-0.0478389409260296
Production-event PV accounting,30.0,-0.0489663509254494
Production-event PV accounting,30.5,-0.0501052767457095
Production-event PV accounting,31.0,-0.0512557364633989
Production-event PV accounting,31.5,-0.0524231993938449
Production-event PV accounting,32.0,-0.0536018280710178
Production-event PV accounting,32.5,-0.0547916224949178
Production-event PV accounting,33.0,-0.0559991966276269
Production-event PV accounting,33.5,-0.0572181773832873
Production-event PV accounting,34.0,-0.0584485647618992
Production-event PV accounting,34.5,-0.059694054491089
Production-event PV accounting,35.0,-0.0609538129970563
Production-event PV accounting,35.5,-0.0623166087157352
Production-event PV accounting,36.0,-0.0635996221591256
Production-event PV accounting,36.5,-0.0648990918759499
Production-event PV accounting,37.0,-0.0662117476481702
Production-event PV accounting,37.5,-0.0675362321833183
Production-event PV accounting,38.0,-0.0688725454813941
Production-event PV accounting,38.5,-0.0702238499270174
Production-event PV accounting,39.0,-0.071589933538206
Production-event PV accounting,39.5,-0.0729680281968976
Production-event PV accounting,40.0,-0.0743581339030921
Production-event PV accounting,40.5,-0.075760213883334
Production-event PV accounting,41.0,-0.0771779781843355
Production-event PV accounting,41.5,-0.0786085777868272
Production-event PV accounting,42.0,-0.0800594590230218
Production-event PV accounting,42.5,-0.0815241050015052
Production-event PV accounting,43.0,-0.0830002758509544
Production-event PV accounting,43.5,-0.0844933502674459
Production-event PV accounting,44.0,-0.0860089518029352
Production-event PV accounting,44.5,-0.0875363566076701
Production-event PV accounting,45.0,-0.0890755344073611
Production-event PV accounting,45.5,-0.0906324768166451
Production-event PV accounting,46.0,-0.092205928409238
Production-event PV accounting,46.5,-0.0937919974909916
Production-event PV accounting,47.0,-0.0953943538809937
Production-event PV accounting,47.5,-0.097013379739196
Production-event PV accounting,48.0,-0.0986501293842133
Production-event PV accounting,48.5,-0.1002989680726757
Production-event PV accounting,49.0,-0.1019598640545526
Production-event PV accounting,49.5,-0.1036327855798132
Production-event PV accounting,50.0,-0.1053273440568775
Production-event PV accounting,50.5,-0.1070393880993076
Production-event PV accounting,51.0,-0.1087636537893886
Production-event PV accounting,51.5,-0.1105001087625009
Production-event PV accounting,52.0,-0.1122487206540244
Production-event PV accounting,52.5,-0.1140192703891658
Production-event PV accounting,53.0,-0.1158020799719989
Production-event PV accounting,53.5,-0.1175971164927733
Production-event PV accounting,54.0,-0.1194043470417387
Production-event PV accounting,54.5,-0.1212267801001188
Production-event PV accounting,55.0,-0.1230679131025478
Production-event PV accounting,55.5,-0.1249258287802714
Production-event PV accounting,56.0,-0.1267960557241073
Production-event PV accounting,56.5,-0.1286785605494964
Production-event PV accounting,57.0,-0.1305733098718792
Production-event PV accounting,57.5,-0.1324802703066964
Production-event PV accounting,58.0,-0.1344034509607702
Production-event PV accounting,58.5,-0.1363439307836393
Production-event PV accounting,59.0,-0.1382966620621611
Production-event PV accounting,59.5,-0.1402652171614462
Production-event PV accounting,60.0,-0.1422468331825779
Production-event PV accounting,60.5,-0.1442406825308363
Production-event PV accounting,61.0,-0.1462467314116667
Production-event PV accounting,61.5,-0.1482706053872234
Production-event PV accounting,62.0,-0.1503098034112359
Production-event PV accounting,62.5,-0.1523612269971587
Production-event PV accounting,63.0,-0.1544248419997878
Production-event PV accounting,63.5,-0.156500614273919
Production-event PV accounting,64.0,-0.1585885096743484
Production-event PV accounting,64.5,-0.160688494055872
Production-event PV accounting,65.0,-0.1628005332732856
Production-event PV accounting,65.5,-0.1649385770897523
Production-event PV accounting,66.0,-0.1670882567455651
Production-event PV accounting,66.5,-0.1692492122872205
Production-event PV accounting,67.0,-0.1714212078779549
Production-event PV accounting,67.5,-0.1736001428285239
Production-event PV accounting,68.0,-0.1757893365388772
Production-event PV accounting,68.5,-0.1779881321784769
Production-event PV accounting,69.0,-0.1801965511305903
Production-event PV accounting,69.5,-0.1824167374913177
Production-event PV accounting,70.0,-0.1846491023983144
Production-event PV accounting,70.5,-0.1868892925289086
Production-event PV accounting,71.0,-0.1891369187352629
Production-event PV accounting,71.5,-0.1913916751732906
Production-event PV accounting,72.0,-0.1936558550836835
Production-event PV accounting,72.5,-0.1959328807810204
Production-event PV accounting,73.0,-0.1982202027981206
Production-event PV accounting,73.5,-0.2005152910061561
Production-event PV accounting,74.0,-0.2028174962516477
Production-event PV accounting,74.5,-0.2051308916364963
Production-event PV accounting,75.0,-0.2074581786709497
