country,year,series,net_mitigation_mt_co2e,manufacturing_grid_gain_2050_mt_co2e
sweden,2025,Evolving manufacturing grid,-0.007565928239849473,
sweden,2026,Evolving manufacturing grid,-0.026367184006361403,
sweden,2027,Evolving manufacturing grid,-0.03342563224137848,
sweden,2028,Evolving manufacturing grid,-0.05912626995821705,
sweden,2029,Evolving manufacturing grid,-0.10720502987319999,
sweden,2030,Evolving manufacturing grid,-0.1814184569151,
sweden,2031,Evolving manufacturing grid,-0.25541404659100003,
sweden,2032,Evolving manufacturing grid,-0.35901138237429997,
sweden,2033,Evolving manufacturing grid,-0.5679813993317,
sweden,2034,Evolving manufacturing grid,-0.9920054049014999,
sweden,2035,Evolving manufacturing grid,-1.4917062219508,
sweden,2036,Evolving manufacturing grid,-2.0826930210657,
sweden,2037,Evolving manufacturing grid,-2.7773385276732,
sweden,2038,Evolving manufacturing grid,-3.578200666747,
sweden,2039,Evolving manufacturing grid,-4.4764515492243,
sweden,2040,Evolving manufacturing grid,-5.4548422411996,
sweden,2041,Evolving manufacturing grid,-6.537271191128401,
sweden,2042,Evolving manufacturing grid,-7.7254304612102,
sweden,2043,Evolving manufacturing grid,-9.020886985523902,
sweden,2044,Evolving manufacturing grid,-10.3981365950814,
sweden,2045,Evolving manufacturing grid,-11.882152464379999,
sweden,2046,Evolving manufacturing grid,-13.4667978265801,
sweden,2047,Evolving manufacturing grid,-15.1601847443506,
sweden,2048,Evolving manufacturing grid,-16.9203037557152,
sweden,2049,Evolving manufacturing grid,-18.782708564646498,
sweden,2050,Evolving manufacturing grid,-20.7481397242349,3.2849574378507995
sweden,2025,Frozen 2025 manufacturing grid,-0.007565928239849473,
sweden,2026,Frozen 2025 manufacturing grid,-0.027039519332732492,
sweden,2027,Frozen 2025 manufacturing grid,-0.0361332861938137,
sweden,2028,Frozen 2025 manufacturing grid,-0.06594199183855602,
sweden,2029,Frozen 2025 manufacturing grid,-0.1209312966299,
sweden,2030,Frozen 2025 manufacturing grid,-0.2056082975875,
sweden,2031,Frozen 2025 manufacturing grid,-0.2939076044667,
sweden,2032,Frozen 2025 manufacturing grid,-0.4159403677691,
sweden,2033,Frozen 2025 manufacturing grid,-0.6576282441104,
sweden,2034,Frozen 2025 manufacturing grid,-1.144465838713,
sweden,2035,Frozen 2025 manufacturing grid,-1.7204594105034001,
sweden,2036,Frozen 2025 manufacturing grid,-2.4011571338269,
sweden,2037,Frozen 2025 manufacturing grid,-3.1996687520363003,
sweden,2038,Frozen 2025 manufacturing grid,-4.1190586909484,
sweden,2039,Frozen 2025 manufacturing grid,-5.1493134692755005,
sweden,2040,Frozen 2025 manufacturing grid,-6.2750730381388005,
sweden,2041,Frozen 2025 manufacturing grid,-7.521389812533,
sweden,2042,Frozen 2025 manufacturing grid,-8.890575490243101,
sweden,2043,Frozen 2025 manufacturing grid,-10.3848029605776,
sweden,2044,Frozen 2025 manufacturing grid,-11.9791597853211,
sweden,2045,Frozen 2025 manufacturing grid,-13.699196103588,
sweden,2046,Frozen 2025 manufacturing grid,-15.5387332000339,
sweden,2047,Frozen 2025 manufacturing grid,-17.506127901832002,
sweden,2048,Frozen 2025 manufacturing grid,-19.5596054037281,
sweden,2049,Frozen 2025 manufacturing grid,-21.7349437254617,
sweden,2050,Frozen 2025 manufacturing grid,-24.0330971620857,
paraguay,2025,Evolving manufacturing grid,0.004235372684289817,
paraguay,2026,Evolving manufacturing grid,0.010948111545814283,
paraguay,2027,Evolving manufacturing grid,0.032200151964550054,
paraguay,2028,Evolving manufacturing grid,0.052396699873879696,
paraguay,2029,Evolving manufacturing grid,0.06976381441003875,
paraguay,2030,Evolving manufacturing grid,0.08252317137488617,
paraguay,2031,Evolving manufacturing grid,0.1043659468607,
paraguay,2032,Evolving manufacturing grid,0.1199690859034,
paraguay,2033,Evolving manufacturing grid,0.08941227067715932,
paraguay,2034,Evolving manufacturing grid,-0.04463352105599675,
paraguay,2035,Evolving manufacturing grid,-0.20305196580409998,
paraguay,2036,Evolving manufacturing grid,-0.4019669907835,
paraguay,2037,Evolving manufacturing grid,-0.6691094043013,
paraguay,2038,Evolving manufacturing grid,-0.9538260062856,
paraguay,2039,Evolving manufacturing grid,-1.2777895720888,
paraguay,2040,Evolving manufacturing grid,-1.6319630803979002,
paraguay,2041,Evolving manufacturing grid,-2.0264563516500997,
paraguay,2042,Evolving manufacturing grid,-2.4617938912937998,
paraguay,2043,Evolving manufacturing grid,-2.9384598249138,
paraguay,2044,Evolving manufacturing grid,-3.4430725933459,
paraguay,2045,Evolving manufacturing grid,-3.9898624928260995,
paraguay,2046,Evolving manufacturing grid,-4.6059045230078,
paraguay,2047,Evolving manufacturing grid,-5.329732140662699,
paraguay,2048,Evolving manufacturing grid,-6.1011226818652,
paraguay,2049,Evolving manufacturing grid,-6.9342838504638005,
paraguay,2050,Evolving manufacturing grid,-7.8295548836940005,1.840998271471599
paraguay,2025,Frozen 2025 manufacturing grid,0.004235372684289817,
paraguay,2026,Frozen 2025 manufacturing grid,0.01059700975293779,
paraguay,2027,Frozen 2025 manufacturing grid,0.030786494221666967,
paraguay,2028,Frozen 2025 manufacturing grid,0.04883903767792031,
paraguay,2029,Frozen 2025 manufacturing grid,0.06260065318591704,
paraguay,2030,Frozen 2025 manufacturing grid,0.06990250072576466,
paraguay,2031,Frozen 2025 manufacturing grid,0.08428746096687052,
paraguay,2032,Frozen 2025 manufacturing grid,0.09028205387517296,
paraguay,2033,Frozen 2025 manufacturing grid,0.04252821005568137,
paraguay,2034,Frozen 2025 manufacturing grid,-0.12476273795399999,
paraguay,2035,Frozen 2025 manufacturing grid,-0.32354192880439997,
paraguay,2036,Frozen 2025 manufacturing grid,-0.5698834860006999,
paraguay,2037,Frozen 2025 manufacturing grid,-0.891895250588,
paraguay,2038,Frozen 2025 manufacturing grid,-1.2391797039875,
paraguay,2039,Frozen 2025 manufacturing grid,-1.6327792935355998,
paraguay,2040,Frozen 2025 manufacturing grid,-2.0646382665789997,
paraguay,2041,Frozen 2025 manufacturing grid,-2.5454665135064,
paraguay,2042,Frozen 2025 manufacturing grid,-3.0761031820797,
paraguay,2043,Frozen 2025 manufacturing grid,-3.6573393519507,
paraguay,2044,Frozen 2025 manufacturing grid,-4.276092452237201,
paraguay,2045,Frozen 2025 manufacturing grid,-4.9468835265845,
paraguay,2046,Frozen 2025 manufacturing grid,-5.7025566435998005,
paraguay,2047,Frozen 2025 manufacturing grid,-6.5905153776858,
paraguay,2048,Frozen 2025 manufacturing grid,-7.540502280625,
paraguay,2049,Frozen 2025 manufacturing grid,-8.5669835613472,
paraguay,2050,Frozen 2025 manufacturing grid,-9.6705531551656,
switzerland,2025,Evolving manufacturing grid,0.02136373985383166,
switzerland,2026,Evolving manufacturing grid,0.06169807765425642,
switzerland,2027,Evolving manufacturing grid,0.13459380247990002,
switzerland,2028,Evolving manufacturing grid,0.2216265536521,
switzerland,2029,Evolving manufacturing grid,0.3203570655586,
switzerland,2030,Evolving manufacturing grid,0.4283318834835,
switzerland,2031,Evolving manufacturing grid,0.5617853325823999,
switzerland,2032,Evolving manufacturing grid,0.7028062277228,
switzerland,2033,Evolving manufacturing grid,0.8046114942411,
switzerland,2034,Evolving manufacturing grid,0.7993286215608999,
switzerland,2035,Evolving manufacturing grid,0.7620724963478,
switzerland,2036,Evolving manufacturing grid,0.7041003690117,
switzerland,2037,Evolving manufacturing grid,0.6073515005444999,
switzerland,2038,Evolving manufacturing grid,0.4698182152356,
switzerland,2039,Evolving manufacturing grid,0.2948327993922,
switzerland,2040,Evolving manufacturing grid,0.09213251952440812,
switzerland,2041,Evolving manufacturing grid,-0.15581776396799998,
switzerland,2042,Evolving manufacturing grid,-0.4507933013035,
switzerland,2043,Evolving manufacturing grid,-0.7944882982982,
switzerland,2044,Evolving manufacturing grid,-1.1725165087771001,
switzerland,2045,Evolving manufacturing grid,-1.6024113918188,
switzerland,2046,Evolving manufacturing grid,-2.0859946980026,
switzerland,2047,Evolving manufacturing grid,-2.6400978357255998,
switzerland,2048,Evolving manufacturing grid,-3.2159624763323,
switzerland,2049,Evolving manufacturing grid,-3.839940232484,
switzerland,2050,Evolving manufacturing grid,-4.5129864607805,2.0003496718374
switzerland,2025,Frozen 2025 manufacturing grid,0.02136373985383166,
switzerland,2026,Frozen 2025 manufacturing grid,0.06129473692678972,
switzerland,2027,Frozen 2025 manufacturing grid,0.1329694536289,
switzerland,2028,Frozen 2025 manufacturing grid,0.21753773351490002,
switzerland,2029,Frozen 2025 manufacturing grid,0.3121225400147,
switzerland,2030,Frozen 2025 manufacturing grid,0.41382015466100003,
switzerland,2031,Frozen 2025 manufacturing grid,0.5386926598827,
switzerland,2032,Frozen 2025 manufacturing grid,0.6686539565533,
switzerland,2033,Frozen 2025 manufacturing grid,0.7506647355683,
switzerland,2034,Frozen 2025 manufacturing grid,0.7071034992662001,
switzerland,2035,Frozen 2025 manufacturing grid,0.6233398630649001,
switzerland,2036,Frozen 2025 manufacturing grid,0.5106767834124,
switzerland,2037,Frozen 2025 manufacturing grid,0.3506071214278,
switzerland,2038,Frozen 2025 manufacturing grid,0.1408184764167,
switzerland,2039,Frozen 2025 manufacturing grid,-0.11462205606510001,
switzerland,2040,Frozen 2025 manufacturing grid,-0.40712962371600003,
switzerland,2041,Frozen 2025 manufacturing grid,-0.7549437769192,
switzerland,2042,Frozen 2025 manufacturing grid,-1.1602147316719,
switzerland,2043,Frozen 2025 manufacturing grid,-1.6250033734152,
switzerland,2044,Frozen 2025 manufacturing grid,-2.1352815210505,
switzerland,2045,Frozen 2025 manufacturing grid,-2.7089317572544003,
switzerland,2046,Frozen 2025 manufacturing grid,-3.3477479822834,
switzerland,2047,Frozen 2025 manufacturing grid,-4.0687107024408,
switzerland,2048,Frozen 2025 manufacturing grid,-4.8232045501309,
switzerland,2049,Frozen 2025 manufacturing grid,-5.6377178205208,
switzerland,2050,Frozen 2025 manufacturing grid,-6.5133361326179,
