scenario,bin_center,plot_x,p05_gt,median_gt,p95_gt
Low,0.5625,0.5485,0.7455172478079026,1.033404877997988,1.4734017435940263
Low,0.6875,0.6735,0.9195494847125731,1.222518326150933,1.723098421981021
Low,0.8125,0.7985,1.0815767064342712,1.426304423415388,1.9703180749836378
Low,0.9375,0.9235,1.250834393445734,1.669470053183197,2.3029479707756018
Low,1.0625,1.0485,1.4942901442010044,1.8966654256707898,2.578507107749825
Low,1.1875,1.1735,1.5961981101830762,2.1547602694784374,2.831394231342422
Low,1.3125,1.2985,1.797803671824198,2.3603274097875158,3.1653778037093403
Low,1.4375,1.4235,1.9094042634560005,2.4996553373409114,3.52389480450492
Reference,0.5625,0.5625,0.7406363526906246,1.0302232905925308,1.4631609268006116
Reference,0.6875,0.6875,0.9126081266862522,1.2193251999237873,1.7146039291493587
Reference,0.8125,0.8125,1.0749237864219818,1.421280255970867,1.9658163285249586
Reference,0.9375,0.9375,1.24413155149041,1.665629629099918,2.3022151681147385
Reference,1.0625,1.0625,1.4916842144618752,1.896546116803826,2.575672837014576
Reference,1.1875,1.1875,1.5905519939483241,2.147871038809903,2.825393554896756
Reference,1.3125,1.3125,1.7951053045974916,2.357713779479944,3.1621752405754435
Reference,1.4375,1.4375,1.9051367460922428,2.49267690012865,3.5211889643041445
High,0.5625,0.5765,0.736231524106782,1.0278092802442842,1.4619094235790886
High,0.6875,0.7015,0.9080429445045883,1.2166557782801348,1.712491132381949
High,0.8125,0.8265,1.071860200364819,1.4192393230653693,1.9636297360170794
High,0.9375,0.9515,1.2419926414704552,1.6633817803536175,2.3013600511828436
High,1.0625,1.0765,1.4883808569012498,1.8959300685793963,2.573024824813995
High,1.1875,1.2015,1.5873413882676317,2.1439632284609544,2.8224449939615006
High,1.3125,1.3265,1.7932015215975952,2.356509363033936,3.159686549587967
High,1.4375,1.4515,1.9028741274642584,2.4904968606211852,3.5189283242202336
