case,year,module,mounting,electrical,inverter,battery,housing
frozen,2025,132.60926653596636,22.32347102256535,28.083407474134905,16.813254146647612,51.438415711241916,17.434249503020954
regional_transition,2025,132.60926653596636,22.32347102256535,28.083407474134905,16.813254146647612,51.438415711241916,17.434249503020954
regional_transition,2026,131.79591834315147,22.166202037166357,28.027365217222656,16.6392895373611,50.20940945692286,17.221593088184406
regional_transition,2027,130.96701642206716,22.00503949648456,27.96978087465328,16.460782976773768,48.945956967715574,17.003087395674747
regional_transition,2028,130.12202941198427,21.839783080468635,27.91059636477797,16.27752533015873,47.646819251206075,16.778492767245375
regional_transition,2029,129.26041708036698,21.67021151435877,27.849756926000055,16.089293516192047,46.31068137351328,16.547555727640646
regional_transition,2030,128.3816593128914,21.496080983506744,27.78722153651019,15.895854939326453,44.936194656299776,16.310008897701078
regional_transition,2031,128.01976322194488,21.45617493800145,27.776996209764633,15.856434478588325,44.7060927921649,16.2757495239959
regional_transition,2032,127.65517531080137,21.415725169213673,27.766610270833194,15.816449560443994,44.46838531805202,16.240841222173998
regional_transition,2033,127.2878548471761,21.37468708630668,27.756059900004942,15.775868276945113,44.223601608530245,16.20528724507938
regional_transition,2034,126.91776000131686,21.33300513021248,27.74534115565888,15.734652113513306,43.97213653108925,16.169087273282695
regional_transition,2035,126.54484780927118,21.290608239218162,27.73444996935825,15.692753288754261,43.714279260698696,16.132238145851723
regional_transition,2036,125.85927198789072,21.288159148886447,27.73314790279795,15.687600456762043,43.612524036203446,16.12899779765284
regional_transition,2037,125.16749799059534,21.285600652861525,27.73183891862412,15.682353875747777,43.507296051996015,16.125695079484657
regional_transition,2038,124.46944086606331,21.28292405579069,27.73052300099543,15.677008000992195,43.39892536370792,16.122340351250525
regional_transition,2039,123.76501407974814,21.280119315957357,27.72920013683618,15.6715564929091,43.287676839399026,16.118942380847493
regional_transition,2040,123.05412947908543,21.27717476463181,27.72787031611747,15.66599205042643,43.17376432021582,16.11550871758561
regional_transition,2041,122.25803437593787,21.26971187419411,27.724986934975473,15.65571050858392,43.00200643466565,16.103402517517107
regional_transition,2042,121.46197374911787,21.26217963682496,27.72208788809904,15.645373981858265,42.82984135069242,16.091185137135454
regional_transition,2043,120.66594731683385,21.25457663634746,27.719172969194773,15.634981742182832,42.65727221106669,16.07885347384825
regional_transition,2044,119.86995479608942,21.24690138946415,27.716241964041426,15.624533037319251,42.4843015425262,16.066404214905184
regional_transition,2045,119.07399590290261,21.23915234076705,27.713294649945894,15.614027089280603,42.31093129980713,16.053833822350512
regional_transition,2046,118.76170589118375,21.23048390479271,27.70881747337476,15.60145821649922,42.165471742602584,16.03855729896758
regional_transition,2047,118.44984166736938,21.221754414748094,27.704311384995393,15.588806706623364,42.019450482705864,16.023211461034943
regional_transition,2048,118.13839928382644,21.2129619979008,27.69977614237746,15.57607086219299,41.87286037075496,16.007796869942037
regional_transition,2049,117.8273747843016,21.204104854622482,27.695211502535514,15.563249015001533,41.72569422459703,15.992314162137395
regional_transition,2050,117.5167642037515,21.19518124880918,27.69061722210461,15.550339519876957,41.57794482535411,15.976764054966115
regional_transition_procurement,2025,132.60926653596636,22.32347102256535,28.083407474134905,16.813254146647612,51.438415711241916,17.434249503020954
regional_transition_procurement,2026,129.87557435227473,21.998254349855156,28.00947684884375,16.51222212266152,49.598215090841514,17.153353834187502
regional_transition_procurement,2027,127.16015422380553,21.675663808149263,27.936317525849798,16.213846494766475,47.774400703780536,16.875388600978315
regional_transition_procurement,2028,124.46341618608095,21.35573992982828,27.863966435848273,15.918198958019902,45.967850530462506,16.6004754832689
regional_transition_procurement,2029,121.78580344768271,21.038519865609114,27.792468175160195,15.625354980078614,44.179471021079976,16.32874249746576
regional_transition_procurement,2030,119.12781863177733,20.724037996561496,27.721884044942005,15.33539914229919,42.41024246122442,16.060325286666238
regional_transition_procurement,2031,116.9591774848179,20.534575003482136,27.69982509416334,15.18866552841842,41.70277952854268,15.980266628259796
regional_transition_procurement,2032,114.8028844920187,20.346260044060426,27.67803911139481,15.043037921813843,40.998047222185384,15.901028310015274
regional_transition_procurement,2033,112.65906196705369,20.159087625423478,27.656532438921285,14.898522868857258,40.29694423083699,15.822651679046542
regional_transition_procurement,2034,110.5278344973666,19.97304684497995,27.63531162392952,14.755124059925464,39.60021654526959,15.745174889246918
regional_transition_procurement,2035,108.40932902258115,19.788118868255637,27.614383426800444,14.612840866952181,38.90849397397598,15.668633843436258
regional_transition_procurement,2036,106.06177978051979,19.636023158387907,27.601369390475767,14.50088042779847,38.34880939467998,15.619778893761902
regional_transition_procurement,2037,103.73706962792768,19.4839530845853,27.588403490581186,14.389063238256895,37.790599151789195,15.571011432492954
regional_transition_procurement,2038,101.4355050129704,19.331908593746967,27.57548608333676,14.277390641738075,37.23431460551188,15.522342681160321
regional_transition_procurement,2039,99.15739801620886,19.17988935934909,27.562617527978286,14.165863852826982,36.68033375617878,15.473781884332725
regional_transition_procurement,2040,96.90306648418266,19.02789471999948,27.549798186680714,14.054483920365398,36.12897767857846,15.4253367302564
regional_transition_procurement,2041,94.61939935098975,18.872952073674295,27.535975283036947,13.940122719606642,35.54286192217011,15.371130174972805
regional_transition_procurement,2042,92.36771297092653,18.71827157105201,27.52225835163466,13.826143551175639,34.96338258637269,15.31733839694832
regional_transition_procurement,2043,90.1480015037831,18.563856264336795,27.508648168048435,13.71254907731374,34.39056495275612,15.263965949432954
regional_transition_procurement,2044,87.96025915826517,18.4097092762575,27.495145519421566,13.599342002987827,33.82443367293003,15.211017502942061
regional_transition_procurement,2045,85.80448019243069,18.255833803762894,27.48175120493507,13.486525077358543,33.26501285671972,15.158497857215673
regional_transition_procurement,2046,83.96110475158314,18.10174671702695,27.46758866729159,13.372940490996642,32.72874451612588,15.104915512738987
regional_transition_procurement,2047,82.13055581392226,17.947980620652693,27.453589843738868,13.259818633904077,32.198009099913975,15.051908621558653
regional_transition_procurement,2048,80.3128029085916,17.79453792705597,27.43975630172011,13.147163351536888,31.67283531123987,14.99948149986412
regional_transition_procurement,2049,78.5078158769172,17.641421235070336,27.4260896278499,13.034978639716213,31.15325241109383,14.947638457836929
regional_transition_procurement,2050,76.71556487300339,17.48863331782789,27.412591428066545,12.92326863859914,30.639290219802803,14.89638379507523
low_cost,2025,132.60926653596636,22.32347102256535,28.083407474134905,16.813254146647612,51.438415711241916,17.434249503020954
low_cost,2026,131.72922778545447,22.141282737924207,28.017039201081392,16.609805402432016,49.99268153315531,17.182335257313508
low_cost,2027,130.82847094823697,21.953415566218656,27.948373953015352,16.399666039497905,48.49666639977014,16.92178740792985
low_cost,2028,129.90606117754518,21.759534381555625,27.877296934086342,16.1824643827734,46.94792692814784,16.652156227052682
low_cost,2029,128.9610208812994,21.559271924792064,27.803692518530237,15.957801262754936,45.34384032157125,16.372959435488056
low_cost,2030,127.99236198198274,21.35222796662626,27.727456595787334,15.725255411378221,43.68164615095919,16.083680296067893
low_cost,2031,127.4212586620452,21.280517185465943,27.70452270802497,15.648447253355625,43.15780895795799,16.00167923047226
low_cost,2032,126.84279827143035,21.207324480410175,27.681050267542094,15.569969849384535,42.61970988776037,15.917666779553112
low_cost,2033,126.25679799935283,21.13256887982333,27.657020077186207,15.48974746761565,42.067220657212644,15.831580779057685
low_cost,2034,125.66306763545289,21.056157089059457,27.632412016698876,15.407695805966783,41.50014024055403,15.743354485778152
low_cost,2035,125.06140915253394,20.9779792135212,27.60720498656676,15.32371940724772,40.918201594219205,15.652916606838087
low_cost,2036,124.17522740776865,20.97016283535513,27.605472465968223,15.314594989698852,40.76031026028547,15.645891072585828
low_cost,2037,123.27573760780784,20.962152122187053,27.60372588952033,15.305306850644783,40.59994392733105,15.638789430916118
low_cost,2038,122.3626344557427,20.95393824470151,27.60196507374904,15.295848894866268,40.437063520827024,15.631610618584574
low_cost,2039,121.43560320962894,20.945511572168243,27.600189831514665,15.286214540003769,40.27162727843329,15.624353500065565
low_cost,2040,120.49431931333422,20.93686156098213,27.598399971907142,15.276396649201118,40.103590734150124,15.617016867261691
low_cost,2041,119.26889036147179,20.90218310219013,27.586068412955882,15.235286299870914,39.664825372014484,15.570833740839161
low_cost,2042,118.03558134961533,20.866902873356413,27.573524951670276,15.193500278452603,39.2206460118777,15.523855214325515
low_cost,2043,116.79430036877532,20.83100476749447,27.560764073212052,15.15102107692826,38.77092735636873,15.476060175741736
low_cost,2044,115.54495359312335,20.79447206297791,27.54778006935182,15.10783055123052,38.31553990484828,15.427426750225079
low_cost,2045,114.2874452139478,20.757287389857595,27.534567029894266,15.063909889478422,37.85434976780549,15.377932264434229
low_cost,2046,112.71229864809533,20.70202583138793,27.51310597448796,14.996511768774697,37.18189024584671,15.299324406962983
low_cost,2047,111.12539470332983,20.64578904094306,27.49127778290261,14.927980142940838,36.500416016062175,15.21938471174221
low_cost,2048,109.5265785771847,20.588549937958657,27.46907295477709,14.858284950600721,35.80971005066842,15.138078675610563
low_cost,2049,107.91569206006916,20.530280552944294,27.446481659142336,14.78739511928679,35.109548184589954,15.055370604817723
low_cost,2050,106.29257341832795,20.470951973432957,27.423493719917673,14.715278512250556,34.399698797538555,14.971223563119521
high_cost,2025,132.60926653596636,22.32347102256535,28.083407474134905,16.813254146647612,51.438415711241916,17.434249503020954
high_cost,2026,131.92498988831227,22.2160904666797,28.04910042278678,16.700235585172514,50.66285538303425,17.301572117338402
high_cost,2027,131.23424600052363,22.107978573746138,28.014591256576864,16.586488922108682,49.88096472188556,17.16795805717758
high_cost,2028,130.53694367002436,21.99908389266167,27.979885368311088,16.471985335951278,49.0928404939301,17.033400626817457
high_cost,2029,129.8330081903309,21.88934227015196,27.94499496120091,16.356692232012428,48.298581269081566,16.897892965209724
high_cost,2030,129.1224106034927,21.778675170673132,27.909949167837315,16.24057771756461,47.4983326077241,16.76142893424099
high_cost,2031,128.7965809008882,21.741551843537923,27.900523137364292,16.20409324209242,47.298461947265814,16.72995259170278
high_cost,2032,128.4688477475718,21.70402335964578,27.890992066789693,16.167209069007612,47.09045402178418,16.697976788219506
high_cost,2033,128.13918973110435,21.666048080849404,27.88135419414064,16.129898091208776,46.87530667015448,16.66552298683883
high_cost,2034,127.80758497258881,21.627572249757,27.871607718072894,16.09212604207339,46.65376652623382,16.632606444007827
high_cost,2035,127.47401112403215,21.588524516956372,27.86175079676894,16.05384829252099,46.426394340482084,16.599237840888364
high_cost,2036,126.78780910213649,21.580550644470208,27.858194079493313,16.04219277292103,46.280201284967006,16.58777500068845
high_cost,2037,126.09696654925852,21.57245688647514,27.85463152651273,16.03044281769758,46.13074464718463,16.576252583985504
high_cost,2038,125.40143507737237,21.564231822763286,27.851063173785573,16.018591454820815,45.97835777994969,16.564681116054658
high_cost,2039,124.70116559830677,21.555861909208826,27.84748906064672,16.00663046574662,45.82331018795364,16.553069571660938
high_cost,2040,123.99610831288388,21.547330937139822,27.843909230073606,15.994550066707127,45.66582100156963,16.54142573259187
high_cost,2041,123.18038178660157,21.547022022785494,27.844304076860396,15.99310890117494,45.56060090755111,16.541694085623828
high_cost,2042,122.36479853896196,21.546649503642286,27.84469639017836,15.991634319960284,45.45502546126543,16.54190063605888
high_cost,2043,121.54935852275945,21.546210415727582,27.845086075151713,15.990124794886468,45.34911422581156,16.54204347361628
high_cost,2044,120.73406168979491,21.545701556881824,27.845473030739058,15.988578672369515,45.242884758336125,16.542120473009508
high_cost,2045,119.91890799101482,21.545119460732835,27.84585714925033,15.9869941593291,45.13635279212006,16.542129285180867
high_cost,2046,119.6950046733052,21.541434797335658,27.84395027541287,15.98129303932584,45.06396204126655,16.53651906975616
high_cost,2047,119.47138291580292,21.537760513562397,27.84204463754212,15.975594537003479,44.99162618898578,16.530950292685834
high_cost,2048,119.24804163410634,21.5340967399447,27.840140304221162,15.969898586713875,44.9193456447581,16.525424654974877
high_cost,2049,119.02497973886956,21.530443617845012,27.838237347707224,15.96420512182531,44.847120848614296,16.51994394821766
high_cost,2050,118.80219613562095,21.52680130012057,27.836335844179562,15.958514074604743,44.774952273147385,16.514510060704357
