country_tag,year,final_coverage_pct,annual_generation_twh,cumulative_generation_twh,annual_delivered_twh,cumulative_delivered_twh,annual_direct_twh,cumulative_direct_twh,annual_battery_charge_twh,cumulative_battery_charge_twh,annual_battery_discharge_twh,cumulative_battery_discharge_twh,annual_export_twh,cumulative_export_twh,annual_storage_loss_twh,cumulative_storage_loss_twh,annual_curtailed_twh,cumulative_curtailed_twh,annual_displaced_grid_gt,cumulative_displaced_grid_gt,annual_pv_embodied_gt,cumulative_pv_embodied_gt,annual_cooling_gt,cumulative_cooling_gt,annual_ac_gt,cumulative_ac_gt,annual_roof_credit_gt,cumulative_roof_credit_gt,annual_battery_gt,cumulative_battery_gt,annual_net_gt,cumulative_net_gt,annual_battery_stock_gwh,annual_battery_additions_gwh,cumulative_battery_additions_gwh,annual_battery_retired_gwh,cumulative_battery_retired_gwh,annual_pv_area_km2,annual_pv_additions_km2,cumulative_pv_additions_km2,cumulative_gross_saving_gt,cumulative_feedback_gt
argentina,2050,25.0,78.8690889778728,1046.572609817385,78.8690889778728,1046.572609817385,27.873297829444038,369.87254943394197,0.0,0.0,0.0,0.0,50.995791148428786,676.7000603834432,0.0,0.0,0.0,0.0,0.014196436016017111,0.2503801168582592,0.0015708594616956001,0.021464396164387462,0.0003649709526371999,0.004874697668071711,0.0,0.00014629763263888885,9.294643088753743e-05,0.0012547768169817544,0.0,0.0,0.012353552032571845,0.2251495022101429,0.0,0.0,0.0,0.0,0.0,268.5119114528858,10.327381209726367,268.51191145288567,0.22891572069387175,0.0037662184837288447
australia,2050,25.0,140.01560646239784,1856.4802092253944,140.01560646239784,1856.4802092253944,49.7138778199893,659.1780830220924,0.0,0.0,0.0,0.0,90.30172864240834,1197.3021262033012,0.0,0.0,0.0,0.0,0.03220358948635145,0.6371223069893407,0.0028748944703968667,0.03925865238264033,0.00048425603157435025,0.008212027472894616,0.0,0.00023158586111111107,0.00017003829610557684,0.0022955169974252887,0.0,0.0,0.029014477280485815,0.5917155582701198,0.0,0.0,0.0,0.0,0.0,491.2217443049995,18.89314401173075,491.22174430499956,0.5978636546067003,0.006148096336580438
bangladesh,2050,25.0,59.61617996801674,792.381975519024,59.61617996801674,792.3819755190241,21.655289546255187,287.8613705495826,0.0,0.0,0.0,0.0,37.96089042176154,504.5206049694415,0.0,0.0,0.0,0.0,0.020865662988805857,0.3491881218185465,0.0011283263465165058,0.01543688536356325,0.0028624347302879994,0.03296581561484395,0.0,0.00032596591111111115,6.681535433913468e-05,0.0009020072835783173,0.0,0.0,0.016941717266340483,0.30136146221260657,0.0,0.0,0.0,0.0,0.0,193.0221347575,7.423928259903841,193.02213475750006,0.3337512364549833,0.03238977424237675
brazil,2050,25.0,366.8568523208873,4884.930854999229,366.8568523208873,4884.930854999229,137.46008917428566,1830.617040011063,0.0,0.0,0.0,0.0,229.39676314660147,3054.3138149881656,0.0,0.0,0.0,0.0,0.018342842616044384,0.3572968876368409,0.00781426798194608,0.1070583485843214,0.0006405459092024999,0.009001103354214088,0.0,0.000671453615,0.0004631446324745211,0.006252452538406027,0.0,0.0,0.010351173357370302,0.24681843462171127,0.0,0.0,0.0,0.0,0.0,1337.9733827041716,51.46051471939109,1337.9733827041694,0.2502385390525195,0.0034201044308080613
china,2050,25.0,2220.8844094295637,29451.70259938811,2220.884409429564,29451.70259938811,784.2417023825982,10400.575784193263,0.0,0.0,0.0,0.0,1436.6427070469658,19051.126815194842,0.0,0.0,0.0,0.0,0.5041407609405112,9.752174313191231,0.051433061635334607,0.7024413714304196,0.036167116141449095,0.5582176003453354,0.0,0.013985461250222216,0.003042297900965063,0.04107102166302833,0.0,0.0,0.4195828810646925,8.518600901828282,0.0,0.0,0.0,0.0,0.0,8788.860602787949,338.03310010722856,8788.860602787947,9.049732941760812,0.5311320399325293
costa_rica,2050,25.0,6.173792513039866,82.22440544581022,6.173792513039866,82.22440544581023,2.3469854646615165,31.26451168044707,0.0,0.0,0.0,0.0,3.826807048378349,50.959893765363155,0.0,0.0,0.0,0.0,0.0001605186053390365,0.0024114217522244736,0.00010695870078743775,0.0014655986021866881,5.041238793045e-06,5.812099327286056e-05,0.0,1.1038084722222222e-05,6.339966013557699e-06,8.558954118302883e-05,0.0,0.0,5.485863177211143e-05,0.0009622536132257318,0.0,0.0,0.0,0.0,0.0,18.3154573725,0.7044406681730764,18.3154573725,0.0009458231500377855,-1.643046318794605e-05
egypt,2050,25.0,95.39771711810798,1264.84233840919,95.39771711810798,1264.8423384091902,35.410963811625074,469.43759535903257,0.0,0.0,0.0,0.0,59.98675330648289,795.4047430501574,0.0,0.0,0.0,0.0,0.02480340645070807,0.43632092649180704,0.0015654032142667284,0.021376067777519242,0.0019108042659560396,0.026005109425289927,2.4091725000000004e-06,0.0005919986325000002,9.258560998701932e-05,0.0012499057348247596,0.0,0.0,0.021417375407972325,0.3895976563913227,0.0,0.0,0.0,0.0,0.0,267.4695399625,10.287289998557684,267.4695399625001,0.41494485871428777,0.025347202322965168
ethiopia,2050,25.0,17.671905702035883,235.0501530614226,17.671905702035883,235.05015306142263,6.609559156636611,87.91649245448303,0.0,0.0,0.0,0.0,11.062346545399278,147.13366060693966,0.0,0.0,0.0,0.0,0.0012370333991425122,0.013537725114433177,0.00029826949224773404,0.0040829043666104564,9.059681713235997e-05,0.0007426071503666509,1.4754843888888887e-06,4.533287366666665e-05,1.7668525808076937e-05,0.00023852509840903844,0.0,0.0,0.0008643601311816068,0.008905405822198443,0.0,0.0,0.0,0.0,0.0,51.04240789,1.9631695342307678,51.04240788999998,0.00945482074782272,0.0005494149256242791
france,2050,25.0,213.4136557355922,2822.3929530338214,213.41365573559222,2822.392953033822,73.93032596974915,977.7576567912135,0.0,0.0,0.0,0.0,139.48332976584308,1844.6352962426079,0.0,0.0,0.0,0.0,0.007469477950745725,0.11738145699803938,0.005765758315544866,0.07857963231373365,9.835158536709333e-05,0.0010840959380758284,0.0,0.00011697523000000001,0.0003405915436459665,0.004597985839220543,0.0,0.0,0.0019459595934797364,0.04219873935545047,0.0,0.0,0.0,0.0,0.0,983.9311260883469,37.84350484955177,983.9311260883469,0.038801824684305736,-0.0033969146711447145
germany,2050,25.0,186.9657726510969,2469.3702138765248,186.96577265109693,2469.3702138765248,64.2414394829169,848.4756054879739,0.0,0.0,0.0,0.0,122.72433316818001,1620.8946083885508,0.0,0.0,0.0,0.0,0.014957261812087752,0.3845313422410242,0.00609341397984227,0.08296116318910074,0.00028156206540000004,0.004552549988850258,0.0,0.00011594724166666668,0.00035971492003138904,0.004856151420423748,0.0,0.0,0.00894200068687687,0.3017578332418303,0.0,0.0,0.0,0.0,0.0,1039.176435646234,39.968324447932055,1039.1764356462347,0.30157017905192346,-0.00018765418990682355
greece,2050,25.0,37.41692852703612,496.18463212276333,37.41692852703613,496.18463212276333,13.171532003563858,174.6703966735447,0.0,0.0,0.0,0.0,24.245396523472266,321.51423544921863,0.0,0.0,0.0,0.0,0.004490031423244334,0.1008839516440687,0.0008286331632759896,0.01131678039218173,9.07690805217e-05,0.0016001956293182171,0.0,6.674337222222221e-05,4.901365994798082e-05,0.0006616844092977405,0.0,0.0,0.003619642839394627,0.08856191665964427,0.0,0.0,0.0,0.0,0.0,141.59501762749997,5.445962216442304,141.59501762749994,0.08956717125188697,0.0010052545922426988
iceland,2050,25.0,0.5397579940281255,7.128910785409344,0.5397579940281255,7.128910785409344,0.18546084674806396,2.4494937458666506,0.0,0.0,0.0,0.0,0.3542971472800615,4.679417039542693,0.0,0.0,0.0,0.0,9.715643892506258e-06,0.00014599104323391676,2.6079025283052797e-05,0.0003550630696481959,5.96565774e-08,6.331426926104052e-07,0.0,1.3399950000000002e-07,1.5395334249771003e-06,2.078370123719084e-05,0.0,0.0,-1.4883504542969437e-05,-0.00018905546736969867,0.0,0.0,0.0,0.0,0.0,4.447541005489397,0.17105926944189975,4.447541005489395,-0.0002090720264142791,-2.0016559044580434e-05
india,2050,25.0,916.0585301156395,12176.10088877962,916.0585301156395,12176.10088877962,335.9633061313033,4466.035548137328,0.0,0.0,0.0,0.0,580.0952239843361,7710.0653406422925,0.0,0.0,0.0,0.0,0.32062048554047384,5.466382843312466,0.01714334378780193,0.23454796552869187,0.032120733688729586,0.3746112569296682,2.804605416666667e-06,0.0033838571520833343,0.0010151826923076933,0.013704966346153848,0.0,0.0,0.2723687861508335,4.867544730048178,0.0,0.0,0.0,0.0,0.0,2932.75,112.79807692307683,2932.749999999999,5.231834877783775,0.36429014773559765
indonesia,2050,25.0,444.4289809070217,5931.876983329857,444.42898090702175,5931.8769833298575,173.1513295459918,2311.09330307501,0.0,0.0,0.0,0.0,271.27765136103005,3620.783680254847,0.0,0.0,0.0,0.0,0.11555153503582564,2.2386387323004313,0.008988160676360983,0.12336482361191514,0.0039716460993300005,0.05510291706893116,0.0,0.0006977592916666671,0.000533336538461539,0.007200043269230765,0.0,0.0,0.10312506479859626,2.0666732755971498,0.0,0.0,0.0,0.0,0.0,1540.750000000001,59.25961538461539,1540.7500000000011,2.115273908688516,0.048600633091367064
iran,2050,25.0,73.67374542171378,977.0313947942988,73.67374542171379,977.0313947942988,26.39506345494281,350.0265178850326,0.0,0.0,0.0,0.0,47.27868196677096,627.0048769092663,0.0,0.0,0.0,0.0,0.019155173809645574,0.3541503443153795,0.0014513693109303256,0.019822313359717465,0.001778979064868374,0.02631643047795311,1.4182890972222222e-05,0.0006331426676388889,8.58505008946155e-05,0.0011589817620773078,0.0,0.0,0.01599649304376928,0.3085374395721474,0.0,0.0,0.0,0.0,0.0,248.01255813999995,9.538944543846151,248.01255814000015,0.33432803095566205,0.02579059138351469
israel,2050,25.0,24.27184638174246,322.11105330658665,24.271846381742456,322.11105330658665,8.582524880584131,113.89846844920902,0.0,0.0,0.0,0.0,15.689321501158327,208.2125848573776,0.0,0.0,0.0,0.0,0.004854369276348492,0.10116585902225432,0.00043106873711147104,0.005890590128912496,0.00024200497209504003,0.004340548867109885,0.0,0.00014097903538888887,2.5507130837019253e-05,0.0003443462662997597,0.0,0.0,0.004206802697979,0.09113808725714283,0.0,0.0,0.0,0.0,0.0,73.6872668625,2.8341256485576904,73.68726686249998,0.09527526889334183,0.004137181636199015
italy,2050,25.0,115.03730914667467,1524.6164474466082,115.03730914667467,1524.6164474466082,40.35514970160283,534.8509613129432,0.0,0.0,0.0,0.0,74.68215944507183,989.7654861336649,0.0,0.0,0.0,0.0,0.009202984731733971,0.22856603706894593,0.002731243169780892,0.0372843275255192,0.0002783524149868,0.005136535721716354,0.0,0.00025680724694444445,0.00016150697265874552,0.0021803441308930623,0.0,0.0,0.006354896119625029,0.188068710705659,0.0,0.0,0.0,0.0,0.0,466.57569879193096,17.945219184305028,466.57569879193085,0.19128170954342674,0.0032129988377677357
japan,2050,25.0,441.86100840426747,5854.627659638229,441.8610084042675,5854.6276596382295,154.77468859346462,2050.815975531487,0.0,0.0,0.0,0.0,287.0863198108028,3803.8116841067426,0.0,0.0,0.0,0.0,0.06627915126064012,1.4864532414395437,0.011624147516347844,0.1586513739772774,0.002023961411073174,0.03920675345044658,0.0,0.0015664096456944445,0.0006872884408543399,0.009278393951533577,0.0,0.0,0.05331833077407344,1.2963070983176586,0.0,0.0,0.0,0.0,0.0,1985.4999402458682,76.36538231714871,1985.4999402458682,1.3278018674622662,0.03149476914460745
kenya,2050,25.0,74.54870792434747,993.5146698368031,74.54870792434747,993.5146698368031,28.511725639470374,380.0014358982695,0.0,0.0,0.0,0.0,46.036982284877105,613.5132339385335,0.0,0.0,0.0,0.0,0.006709383713191271,0.08448487884585032,0.0013876716423122657,0.01902412012574388,0.00011323940576066998,0.0010520931505434705,2.4590401666666656e-06,5.0610279944444435e-05,8.228051345250005e-05,0.0011107869316087499,0.0,0.0,0.005288294138404171,0.0654688422212273,0.0,0.0,0.0,0.0,0.0,237.6992610849999,9.142279272499996,237.699261085,0.06546075872010644,-8.083501120835024e-06
kuwait,2050,25.0,0.5458364855572146,7.2205876424313535,0.5458364855572146,7.220587642431354,0.22679505974902264,3.000154165430228,0.0,0.0,0.0,0.0,0.319041425808192,4.2204334770011265,0.0,0.0,0.0,0.0,0.0001637509456671644,0.002860826377063702,9.723743556485572e-06,0.00013254863949074185,5.461313932800001e-05,0.0008245453768055273,0.0,2.2187226333333334e-05,5.744696313461543e-07,7.755340023173076e-06,0.0,0.0,9.998853241402496e-05,0.0018893004744572732,0.0,0.0,0.0,0.0,0.0,1.659578935,0.0638299590384615,1.6595789349999996,0.00272827773757296,0.0008389772631156876
malaysia,2050,25.0,87.81516650915096,1171.579622322304,87.81516650915097,1171.5796223223042,33.97416054315342,453.2824464381275,0.0,0.0,0.0,0.0,53.84100596599753,718.2971758841766,0.0,0.0,0.0,0.0,0.021075639962196226,0.4082349443717496,0.0019160482277620903,0.026289555033940502,0.0007964100824903999,0.012129842460223892,0.0,0.00022622781750000005,0.00011366987489307701,0.0015345433110565386,0.0,0.0,0.018476851526836813,0.37112386237114176,0.0,0.0,0.0,0.0,0.0,328.37963857999995,12.62998609923076,328.3796385799999,0.38194538933780914,0.010821526966667354
mexico,2050,25.0,179.6589191226742,2389.8422657742713,179.6589191226742,2389.8422657742713,66.56511030703359,885.5576939573131,0.0,0.0,0.0,0.0,113.0938088156407,1504.2845718169567,0.0,0.0,0.0,0.0,0.035931783824534866,0.665157505187499,0.00337249561071001,0.04616841856022033,0.0017544090392125002,0.02513708431057062,2.847848611111111e-07,0.0006274608737500007,0.00019978553423076955,0.0026971047121153854,0.0,0.0,0.03100437992398199,0.5959216461550735,0.0,0.0,0.0,0.0,0.0,577.1582099999997,22.198392692307692,577.1582100000005,0.6189890866272787,0.02306744047220523
nigeria,2050,25.0,186.4586655015557,2483.9380726158765,186.45866550155574,2483.938072615877,73.74854229711033,982.3545211555455,0.0,0.0,0.0,0.0,112.71012320444531,1501.5835514603307,0.0,0.0,0.0,0.0,0.05593759965046668,0.8976582304271603,0.0036183782106930513,0.04959031434316075,0.00200769763789728,0.02254153377745223,6.765458333333333e-07,0.0002587525451111111,0.00021450541710461556,0.002895823130912308,0.0,0.0,0.05052535267314764,0.8281634528923486,0.0,0.0,0.0,0.0,0.0,619.6823160800002,23.833935233846137,619.68231608,0.8480679160839996,0.019904463191651033
norway,2050,25.0,10.003470256753811,132.12189128073916,10.003470256753811,132.12189128073916,3.4371923802206106,45.39708184406198,0.0,0.0,0.0,0.0,6.566277876533203,86.7248094366772,0.0,0.0,0.0,0.0,0.000160055524108061,0.0024663880690463744,0.00038009641703018693,0.005174971040068755,1.0393090120000007e-06,1.1565655144951481e-05,0.0,3.1126355555555566e-06,2.2438382277740863e-05,0.0003029181607495015,0.0,0.0,-0.00019864181965638505,-0.0024203431009733865,0.0,0.0,0.0,0.0,0.0,64.82199324680691,2.49315358641565,64.82199324680695,-0.0027085829710223807,-0.00028823987004899447
pakistan,2050,25.0,192.6342685055426,2555.262401610676,192.63426850554265,2555.2624016106765,69.70511944995677,924.559603305927,0.0,0.0,0.0,0.0,122.92914905558591,1630.7027983047494,0.0,0.0,0.0,0.0,0.04815856712638565,0.7990216642351167,0.0035445308962409688,0.04841910411912592,0.002695999086666667,0.03176176742278858,3.873724999999999e-06,0.0005627790999999999,0.0002096889796955771,0.0028308012258902882,0.0,0.0,0.04212385239817361,0.7211088148190924,0.0,0.0,0.0,0.0,0.0,605.7681635650001,23.29877552173075,605.7681635649999,0.7506025601159907,0.029493745296898292
paraguay,2050,25.0,24.664450196850424,327.3699221759533,24.664450196850424,327.3699221759533,8.744324745084478,116.0646725850204,0.0,0.0,0.0,0.0,15.92012545176594,211.305249590933,0.0,0.0,0.0,0.0,0.0003946312031496067,0.005843654343701304,0.00046727299555401707,0.006386053039139267,6.1027343322623994e-06,6.893693216707956e-05,0.0,2.5867474722222214e-05,2.765141260755788e-05,0.00037329407020203096,0.0,0.0,-5.1093114129115006e-05,-0.0002639090321252341,0.0,0.0,0.0,0.0,0.0,79.88185864405601,3.072379178617538,79.88185864405602,-0.0005423986954379637,-0.0002784896633127292
peru,2050,25.0,53.30379180420142,707.7496776276525,53.30379180420142,707.7496776276527,19.297176266136155,256.272593071273,0.0,0.0,0.0,0.0,34.00661553806526,451.4770845563796,0.0,0.0,0.0,0.0,0.006396455016504168,0.10830083359832002,0.001124377993417078,0.01537066421048636,0.00011783220131087999,0.001440458541536107,0.0,4.918775333333333e-05,6.654790789528853e-05,0.0008983967565863941,0.0,0.0,0.005220792729671501,0.09233891984955063,0.0,0.0,0.0,0.0,0.0,192.24951169750003,7.394211988365379,192.24951169750005,0.09293016938783366,0.000591249538283046
philippines,2050,25.0,63.496000203080456,847.5328050411954,63.49600020308046,847.5328050411954,24.75709047918107,330.45304068556214,0.0,0.0,0.0,0.0,38.73890972389938,517.0797643556333,0.0,0.0,0.0,0.0,0.015239040048739307,0.2874648432054182,0.0013478503299913579,0.018500258966788828,0.0015352989915463201,0.021166339745028726,0.0,0.00031626970263888896,7.998013525759625e-05,0.0010797318259775483,0.0,0.0,0.012435870862459224,0.24856170661693938,0.0,0.0,0.0,0.0,0.0,231.05372407749996,8.886681695288456,231.0537240774999,0.2689645842386294,0.020402877621690067
row,2050,25.0,3903.756628117151,51776.938982368614,3903.7566281171516,51776.938982368614,1414.0736221632699,18757.72266044914,0.0,0.0,0.0,0.0,2489.6830059538743,33019.2163219195,0.0,0.0,0.0,0.0,0.7026761930610875,13.117705857343298,0.08453096459975352,1.1546136455426532,0.027126289441022675,0.3820134333999801,0.00022499938125000014,0.010188944402777777,0.005000449311869828,0.06750606571024242,0.0,0.0,0.5957943889509295,11.63839589970813,0.0,0.0,0.0,0.0,0.0,14445.7424565128,555.6054790966443,14445.742456512764,11.963092211800644,0.3246963120925155
russia,2050,25.0,393.4952438854566,5197.615829006772,393.4952438854566,5197.615829006772,135.28162561989365,1786.9181493709596,0.0,0.0,0.0,0.0,258.21361826556273,3410.6976796358113,0.0,0.0,0.0,0.0,0.08656895365480044,1.4258311331596563,0.011759678854866097,0.1601182536599638,0.0012858315931969205,0.015166680058037443,0.0,0.00028051326222222216,0.0006942455532719363,0.00937231496917116,0.0,0.0,0.07421768876000923,1.2596380011486035,0.0,0.0,0.0,0.0,0.0,2005.5982650078163,77.13839480799298,2005.598265007818,1.2657128794996924,0.006074878351088506
saudi_arabia,2050,25.0,76.44609451760216,1008.5587927095032,76.44609451760216,1008.5587927095033,33.65823998040224,444.01838522159966,0.0,0.0,0.0,0.0,42.787854537199976,564.5404074879038,0.0,0.0,0.0,0.0,0.023698289300456678,0.42114620558039967,0.0013464439703308687,0.018316158787683827,0.0010473266345403837,0.016150503364814658,9.451357116666668e-05,0.0004904682905833334,7.944230769230774e-05,0.0010724711538461537,0.0,0.0,0.021289447432111072,0.387261546291164,0.0,0.0,0.0,0.0,0.0,229.50000000000003,8.826923076923071,229.49999999999994,0.40283004679271583,0.015568500501551837
south_africa,2050,25.0,140.7049967739192,1867.4040849472958,140.7049967739192,1867.4040849472963,49.933444921211596,662.7035258329174,0.0,0.0,0.0,0.0,90.77155185270753,1204.7005591143784,0.0,0.0,0.0,0.0,0.06331724854826362,1.000955019685019,0.002577695655629007,0.035226043420405154,0.0014134545250953745,0.01683698104680038,3.844876388888889e-07,0.00020956403722222219,0.00015253145890961543,0.0020591746952798077,0.0,0.0,0.05947824533880996,0.9507416058758711,0.0,0.0,0.0,0.0,0.0,440.64643685000004,16.947939878846142,440.6464368499999,0.9657289762646138,0.014987370388742793
spain,2050,25.0,118.25412118057675,1566.487725754013,118.25412118057673,1566.487725754013,41.363378401663496,547.9497467218196,0.0,0.0,0.0,0.0,76.89074277891324,1018.5379790321934,0.0,0.0,0.0,0.0,0.005912706059028838,0.14261662286063045,0.0027094928317548225,0.036973592433857796,0.00013401141409250002,0.002447930504404199,0.0,0.00021148919652777776,0.0001601826923076925,0.002162466346153846,0.0,0.0,0.0032293845054892074,0.10514607707199455,0.0,0.0,0.0,0.0,0.0,462.75,17.798076923076913,462.7499999999999,0.10564303042677266,0.0004969533547781305
sri_lanka,2050,25.0,13.054572998443499,174.25001317561888,13.054572998443499,174.25001317561888,5.0899780120931215,67.94008013717382,0.0,0.0,0.0,0.0,7.964594986350377,106.30993303844508,0.0,0.0,0.0,0.0,0.0028720060596575695,0.05244271265379311,0.00024216179569753479,0.0033238526805092123,0.00023504877792396002,0.0031135063558060225,0.0,4.998168666666667e-05,1.436964679471155e-05,0.00019399023172860576,0.0,0.0,0.0024091651328307863,0.04614936216253981,0.0,0.0,0.0,0.0,0.0,41.5123129625,1.5966274216346144,41.51231296250001,0.0491188599732839,0.0029694978107440836
sweden,2050,25.0,25.749325198885106,340.0869355494521,25.74932519888511,340.0869355494521,8.847468138336922,116.85387105479177,0.0,0.0,0.0,0.0,16.90185706054818,223.23306449466037,0.0,0.0,0.0,0.0,0.0005664851543754722,0.008952177372387645,0.0009035723330505995,0.012302038237242447,3.7147909548749994e-06,4.224321084216753e-05,0.0,8.091243333333329e-06,5.334094328747471e-05,0.0007201027343809081,0.0,0.0,-0.00028746102634252726,-0.002680092584649397,0.0,0.0,0.0,0.0,0.0,154.09605838603787,5.926771476386071,154.09605838603792,-0.003349860864854802,-0.0006697682802054072
switzerland,2050,25.0,19.62303042335621,259.1732494474003,19.623030423356205,259.17324944740034,6.742473253465194,89.05192851012677,0.0,0.0,0.0,0.0,12.880557169891015,170.12132093727357,0.0,0.0,0.0,0.0,0.0005494448518539739,0.00832838028951588,0.0005420621345281461,0.007380116524166619,8.9256625416e-06,9.815663896516134e-05,0.0,1.5275167999999998e-05,3.199976860572399e-05,0.00043199687617727345,0.0,0.0,3.045682338995181e-05,0.0012668288345613727,0.0,0.0,0.0,0.0,0.0,92.44377597209142,3.5555298450804376,92.44377597209144,0.0009482637653492609,-0.0003185650692121121
taiwan,2050,25.0,56.58506490757543,751.6590066340815,56.58506490757543,751.6590066340816,20.595619354169557,273.64103522897705,0.0,0.0,0.0,0.0,35.98944555340588,478.0179714051046,0.0,0.0,0.0,0.0,0.010185311683363578,0.23212480473547742,0.0011672550152458554,0.015962381505755935,0.00031250582364834,0.006233446767877055,0.0,0.00018901579500000003,6.910100769894237e-05,0.0009328636039357211,0.0,0.0,0.008774651852168323,0.21067282427078005,0.0,0.0,0.0,0.0,0.0,199.6251333525,7.677889744326919,199.6251333525001,0.21616242322972148,0.0054895989589413335
thailand,2050,25.0,207.58843818078483,2770.851876382378,207.58843818078483,2770.851876382378,80.93873204668799,1080.3551466014892,0.0,0.0,0.0,0.0,126.6497061340968,1690.4967297808894,0.0,0.0,0.0,0.0,0.04566945639977268,0.8779888905197415,0.0037966550063697263,0.052111943932117134,0.0012189294842524798,0.018450943508120776,0.0,0.00037491125999999995,0.000225289836845481,0.0030414127974139897,0.0,0.0,0.04087916174599594,0.8100925046169177,0.0,0.0,0.0,0.0,0.0,650.8373064425,25.03220409394229,650.8373064425,0.8258769465876243,0.015784441970706786
turkey,2050,25.0,221.99703073037776,2940.6620666560257,221.99703073037776,2940.6620666560257,77.63733758382163,1028.448834877024,0.0,0.0,0.0,0.0,144.35969314655622,1912.2132317790015,0.0,0.0,0.0,0.0,0.04883934676068311,0.8583941752700964,0.004426051399499628,0.06039629394523787,0.0012147431331327606,0.01612477408524438,0.0,0.00037914220749999994,0.00026166027465605786,0.003532413707856779,0.0,0.0,0.04346021250270679,0.7850263787399709,0.0,0.0,0.0,0.0,0.0,755.9074601175001,29.073363850673054,755.9074601175001,0.7979978813248586,0.0129715025848876
uae,2050,25.0,3.108695156285826,41.119448867241346,3.108695156285826,41.119448867241346,1.2999958624380694,17.195143178519622,0.0,0.0,0.0,0.0,1.8086992938477564,23.924305688721724,0.0,0.0,0.0,0.0,0.0008704346437600312,0.01564583453538565,4.929946341608293e-05,0.0006719741508319382,3.6564818983392e-05,0.0005705243972529509,9.821239999999997e-07,1.708543344444444e-05,2.91243192317308e-06,3.931783096283655e-05,0.0,0.0,0.0007865006692837294,0.014425568384819152,0.0,0.0,0.0,0.0,0.0,8.413692222500002,0.32360354701923055,8.413692222499996,0.014973860384553712,0.0005482919997345588
uk,2050,25.0,98.71841534264324,1303.8339100875235,98.71841534264324,1303.8339100875235,33.919647511732215,447.99733150607295,0.0,0.0,0.0,0.0,64.79876783091102,855.8365785814502,0.0,0.0,0.0,0.0,0.00394873661370573,0.12489171659619662,0.0035113877769061695,0.0478071595568281,8.741278781666664e-05,0.001692471760121963,0.0,7.068419499999998e-05,0.00020728914489438595,0.002798403456074207,0.0,0.0,0.0005572251938772816,0.07811980454032076,0.0,0.0,0.0,0.0,0.0,598.8353074726699,23.032127210487282,598.8353074726696,0.07708455703936852,-0.001035247500952244
uruguay,2050,25.0,7.973440359696771,105.81532333160709,7.973440359696771,105.81532333160708,2.8194085111887772,37.41629833005626,0.0,0.0,0.0,0.0,5.154031848507993,68.39902500155083,0.0,0.0,0.0,0.0,0.0003986720179848385,0.006210379478300842,0.0001647470705573843,0.0022512824151792433,9.694621975499998e-06,0.00011593554017218043,0.0,1.4069752083333333e-05,9.748387488921943e-06,0.00013160323110044606,0.0,0.0,0.00023397871294087618,0.00396069500196653,0.0,0.0,0.0,0.0,0.0,28.162008301330022,1.083154165435769,28.162008301330008,0.003959097063121598,-1.5979388449322896e-06
usa,2050,25.0,1782.4481240071755,23619.73547022401,1782.4481240071755,23619.73547022401,627.3064245656332,8312.730786983977,0.0,0.0,0.0,0.0,1155.1416994415433,15307.004683240044,0.0,0.0,0.0,0.0,0.19606929364078915,4.561085913627833,0.04037099153579163,0.5510441097392168,0.004309963612359175,0.08619928194692597,1.4579870277777777e-05,0.00444978333027778,0.0023870918540306652,0.032225740029413974,0.0,0.0,0.15376085047639132,3.951618478640826,0.0,0.0,0.0,0.0,0.0,6896.043133866359,265.23242822562884,6896.043133866353,4.010041803888616,0.05842332524778977
vietnam,2050,25.0,178.82497011510273,2386.3654896691264,178.82497011510273,2386.3654896691264,69.46073958075276,926.9520951622844,0.0,0.0,0.0,0.0,109.36423053434999,1459.4133945068425,0.0,0.0,0.0,0.0,0.04112974312647363,0.7448858861480896,0.0035004948476289035,0.04803832943816866,0.0019919749492897793,0.027455691749348234,0.0,0.0005044519916666666,0.00020769230769230796,0.002803846153846154,0.0,0.0,0.035844965637247254,0.6716912591227523,0.0,0.0,0.0,0.0,0.0,599.9999999999998,23.076923076923055,599.9999999999999,0.6968475567099209,0.025156297587168745
argentina,2050,50.0,154.67843048683991,2084.1584093368106,147.83299860629492,2043.46794478724,54.665254413125005,736.5690808578291,45.63621253696661,271.269763663803,38.7907806564216,230.57929911423253,54.37696353674832,1076.3195648151789,6.845431880544988,40.69046454957043,3.059747468905728,8.986810297959629,0.026609939749133088,0.49069215195091276,0.0031182858399637263,0.043141525027458646,0.0003649709526371999,0.007155748352546774,0.0,0.00015019351180555553,0.00018589286177507486,0.0025095536339635087,0.0007356460613732902,0.006729855389579588,0.022576929756933938,0.43602438330348564,115.2726274923371,12.781683300718274,115.27262749233715,0.0,0.0,537.0238229057716,20.654762419452734,537.0238229057713,0.4475506269234541,0.011526243619968408
australia,2050,50.0,274.61310920625107,3697.048965577611,262.52741906527075,3625.2380745414184,97.50732384096308,1312.7163679986238,80.57126760653773,478.7392735746108,68.48557746555714,406.92838253841916,96.53451775875014,1905.5933240043753,12.085690140980663,71.81089103619163,5.41810371854449,15.911452873178009,0.06038130638501209,1.2502862194470976,0.005707019141203275,0.07890549702423891,0.00048425603157435025,0.012538499508156246,0.0,0.0003019782641111111,0.0003400765922111537,0.004591033994850577,0.0013470434103482307,0.011942557191871468,0.053183064394097396,1.1511887214535703,203.51517361066217,23.718907392225933,204.98052567598742,1.1323569346313362,1.4653520653252614,982.443488609999,37.7862880234615,982.4434886099991,1.1713807224228587,0.02019200096928825
bangladesh,2050,50.0,116.95470651072776,1578.0725328130852,112.53253775620021,1551.7730274073801,42.48415208714237,573.2947740905983,29.481125030183684,175.3300360380357,25.058956275656136,149.03053063233037,44.989429393401714,829.4477226844515,4.4221687545275525,26.299505405705354,2.2776534253056924,6.691418224962948,0.039386388214670075,0.6857038528247179,0.002240074547481693,0.031024332253806342,0.0028624347302879994,0.046968464275594216,0.0,0.00032596591111111115,0.00013363070867826937,0.0018040145671566346,0.0006379383877076514,0.004768905620628646,0.033779571257871004,0.6044201993307343,74.46645010049002,12.173709902014973,84.5691746718681,3.9254470730446736,10.102724571378088,386.044269515,14.847856519807682,386.0442695150001,0.6546795205709116,0.050259321240177346
brazil,2050,50.0,719.949898852977,9729.413756121237,694.2172432310592,9576.293427542216,269.7699842579293,3646.0987695853682,171.55103747945884,1020.8021905267874,145.81838185754006,867.6818619477694,278.6288771155897,5062.512796009083,25.732655621918813,153.12032857901806,13.763805788796095,40.44795387721986,0.03471086216155294,0.7032408573838296,0.015515770589655363,0.21514127823441942,0.0006405459092024999,0.013281707489321167,0.0,0.000671453615,0.0009262892649490422,0.012504905076812053,0.0029351099590916373,0.025578818324205256,0.016545724968552507,0.4610725047976958,433.3212100648188,52.170513446709336,440.048657911189,4.227937161627831,6.727447846370274,2675.9467654083433,102.92102943878218,2675.9467654083387,0.48809957914941016,0.02702707435171437
china,2050,50.0,4355.570256436312,58650.25809688838,4161.079270167352,57494.55280741679,1538.055242261171,20711.789687794422,1296.6065751263498,7704.701929810463,1102.1155888573958,6548.996640338897,1520.9084390487958,30233.766479283484,194.49098626895199,1155.7052894715694,86.19856242281801,253.1471018878487,0.9445649943279906,19.128602958609974,0.1020986123372792,1.4118492667210156,0.036167116141449095,0.8392208254871973,0.0,0.01704516312855555,0.006084595801930126,0.08214204332605667,0.02142604290489149,0.19200164241668863,0.7909578187463011,16.75062810418258,3275.101907670034,375.67460370935186,3294.210038303823,12.255269255792161,19.108130633786637,17577.721205575897,676.0662002144571,17577.721205575894,17.716753691888957,0.9661255877063848
costa_rica,2050,50.0,12.11797660317703,163.77403973365787,11.73720434019424,161.50822132316964,4.606816586118696,62.2728856886442,2.5384817532186075,15.105456069921825,2.1577094902358165,12.839637659433551,4.972678263839726,86.39569797509186,0.38077226298279093,2.265818410488273,0.22960842290270095,0.6747711579625248,0.0003051673128450502,0.004742807189003616,0.00021238743710820691,0.002945098870419721,5.041238793045e-06,8.32771550445896e-05,0.0,1.4312567361111112e-05,1.2679932027115398e-05,0.00017117908236605767,5.673157858733493e-05,0.0004284585608974069,4.3686990383578704e-05,0.0014428391176468445,6.4119576377604774,1.0918621557202093,7.707130091082936,0.38244477427087686,1.2951724533224573,36.630914745,1.4088813363461528,36.630914745,0.0017977083185838948,0.00035486920093704994
egypt,2050,50.0,187.19622903782695,2519.114720177061,179.65412199488196,2474.30868163427,69.49142683500209,934.9679251435633,50.280713619632905,298.7069236186087,42.738606576687964,253.90088507581737,67.42408858319196,1285.439871414889,7.542107042944935,44.80603854279129,3.5992051983889732,10.569956641319177,0.04671007171866933,0.8564611709148885,0.003108105667203226,0.04295816060785032,0.0019108042659560396,0.03832686792042686,0.0,0.0007283695375000002,0.00018517121997403864,0.002499811469649519,0.001040890006995163,0.007798610220822921,0.040835442998488944,0.769148974097938,127.00418481112808,19.61553775066292,136.22289439268303,5.512790792438055,9.218709581554943,534.939079925,20.574579997115368,534.9390799250002,0.8135030103070382,0.044354036209100264
ethiopia,2050,50.0,34.680070611347816,468.15009587777683,33.58474790670982,461.6350253385,12.971435145762705,175.1052328389703,7.302151364253344,43.43380359517977,6.206828659615342,36.918733055902806,14.406484101331767,249.6110594436268,1.0953227046380016,6.515070539276964,0.6637407927239569,1.9502102450684737,0.0023509323534696876,0.026521501442305008,0.0005922308406962841,0.008204940787169983,9.059681713235997e-05,0.000987272257892887,0.0,4.5816859611111096e-05,3.5337051616153874e-05,0.0004770501968180769,0.00012187338493216495,0.0010881838450428002,0.0015815683623250315,0.016672337889406304,18.44452305112756,2.1463432113846395,18.716215768676427,0.10382413801836204,0.27169271754886093,102.08481578,3.9263390684615356,102.08481577999996,0.018316560655135025,0.0016442227657287214
france,2050,50.0,418.45831168523387,5620.218760399843,394.86904453665716,5480.189522631735,144.96180592219747,1947.0057278267639,157.26178099051174,933.528251787394,133.67251384193503,793.4990140192851,116.23472477252473,2739.6847807856852,23.58926714857676,140.0292377681091,8.368999785950582,24.567145667799632,0.013820416558783001,0.22857863062252728,0.01144461834474048,0.1579474656443056,9.835158536709333e-05,0.0015341812140533858,0.0,0.00020838497400000003,0.000681183087291933,0.009195971678441085,0.002544038959027587,0.02319433495435872,0.0004145907569397772,0.054890235514250686,397.2279400753646,44.21181752598933,397.3210834377081,0.03500882585776699,0.09314336234355902,1967.8622521766938,75.68700969910354,1967.8622521766938,0.0706311649782217,0.015740929463971022
germany,2050,50.0,366.5680853121031,4917.129578858168,344.14661766018645,4784.096639681668,125.95279411323855,1689.5257232956665,149.47645101277666,886.8862611766632,127.05498336086023,753.8533220001639,91.1388401860877,2340.7175943858383,22.421467651916497,133.03293917649947,7.363459990090798,21.61084889488133,0.027531729412814922,0.7520882114754938,0.01209461289016238,0.16675846842129208,0.00028156206540000004,0.006773992620379069,0.0,0.00023189448333333336,0.0007194298400627781,0.009712302840847497,0.0024192644601877685,0.022042210496524276,0.013455719837127544,0.5659939482948123,377.56295491250887,42.034170743846666,377.5629549125088,0.0,0.0,2078.352871292468,79.93664889586411,2078.3528712924694,0.5853297430542017,0.01933579475938918
greece,2050,50.0,73.3791332626639,988.0970470913826,69.76127393828236,966.5974949544091,25.831001029572636,347.83696786215074,24.119062162543766,143.33034757982352,20.501202838162197,121.83079544284998,23.42907007054751,496.92973164940827,3.617859324381566,21.499552136973524,1.4547237914083357,4.272217154144084,0.008371352872593881,0.1978471260303015,0.001644879863459612,0.022745989688839997,9.07690805217e-05,0.0024446528342739107,0.0,7.463754097222222e-05,9.802731989596164e-05,0.001323368818595481,0.0003890192381666264,0.003556760169505571,0.006344712010341906,0.17034845461530526,60.92240160980354,6.759120943093579,60.922401609803536,0.0,0.0,283.19003525499994,10.891924432884608,283.1900352549999,0.1751011363414615,0.004752681726156223
iceland,2050,50.0,1.058258159219447,14.195432459253789,0.9757848957045563,13.706095150064488,0.363617503507802,4.8775505929996035,0.5498217567659383,3.2622487279287027,0.46734849325104777,2.7729114187393975,0.1448188989457067,6.055633138325487,0.08247326351489065,0.48933730918930524,0.02125782883680368,0.06238911156489497,1.7564128122682013e-05,0.0002815058035950456,5.176338197186559e-05,0.0007137047193098495,5.96565774e-08,8.899620950726034e-07,0.0,2.6799900000000004e-07,3.0790668499542006e-06,4.156740247438168e-05,8.898821363293826e-06,8.107823550859976e-05,-4.00786649399232e-05,-0.00047286770984409466,1.3887962000247798,0.15461500086462285,1.3887962000247795,0.0,0.0,8.895082010978793,0.3421185388837995,8.89508201097879,-0.00043219891571480396,4.0668794129290685e-05
india,2050,50.0,1797.311346792219,24249.94697483863,1728.570285155113,23841.166011676505,659.1821253391802,8894.628763665276,458.27374424736826,2725.206421080854,389.5326826102628,2316.425457918726,679.855477205671,12630.111790092504,68.74106163710525,408.780963162128,34.80571343906018,102.25480272061091,0.6049995998042896,10.734846789607603,0.0340362021245316,0.4713708133655322,0.032120733688729586,0.5346547605233213,0.0,0.0035407921295833346,0.0020303653846153865,0.027409932692307695,0.009671150189975873,0.07308878178807171,0.5312018791856682,9.679601574493406,1157.5548379996385,183.3235108496493,1289.6350192982713,55.078807251984735,132.080181298633,5865.5,225.59615384615367,5865.499999999998,10.263475976242072,0.5838744017486686
indonesia,2050,50.0,872.5813027323813,11815.90237890171,846.3392713858921,11659.62020249595,339.9614909798167,4603.544255277568,174.94687564326534,1041.881176038389,148.7048442967756,885.5989996326305,357.6729361092998,6170.476947585752,26.242031346489778,156.28217640575824,16.2766590816618,47.85158775800414,0.22004821056033202,4.415404696703426,0.01784968318503456,0.24788093617460233,0.0039716460993300005,0.08111230216396242,0.0,0.0006977592916666671,0.001066673076923078,0.01440008653846153,0.003763443697341028,0.02820609157361512,0.19553011065554943,4.071907694038042,441.89876648152745,71.76101792189806,499.5907939756097,22.95463567262621,57.692027494082176,3081.500000000002,118.51923076923077,3081.5000000000023,4.167523760528824,0.09561606649078268
iran,2050,50.0,144.5107699254213,1945.7318303646896,137.90070448817698,1906.452718231828,51.77545288338766,697.073130322099,44.06710291496224,261.8607475524071,37.45703747771791,222.58163541954605,48.668214127071394,986.7979524901834,6.610065437244333,39.279112132861044,2.836720918006258,8.330959223907987,0.03585418316692602,0.6940556321637982,0.002881254346149321,0.039839632210290764,0.001778979064868374,0.039332825208097284,0.0,0.0007738104398611111,0.000171701001789231,0.0023179635241546157,0.0007263831118501503,0.0065422263605613125,0.0306392676458474,0.6098851014691424,111.30920943249187,12.724244884769591,112.35840832004436,0.3728601232498088,1.049198887552505,496.0251162799999,19.077889087692302,496.0251162800003,0.6542159999535074,0.0443308984843651
israel,2050,50.0,47.60233347341541,641.4571899443508,45.5324681066149,629.1529964223985,16.83218511619969,226.81926236432236,13.799102445336828,82.02795681301573,11.729237078536304,69.72376329106338,16.971045911878903,332.6099707670126,2.0698653668005242,12.304193521952358,0.9413592900694997,2.764916668822536,0.00910649362132298,0.19866419459483542,0.0008557088474424748,0.011839542695480872,0.00024200497209504003,0.006675372951019501,0.0,0.00014097903538888887,5.1014261674038506e-05,0.0006886925325995194,0.0002821343369248094,0.002094637355287548,0.007777659726534696,0.17860235509025818,34.855188620690924,5.300720317417067,36.29146681326996,1.4362781925790344,1.4362781925790344,147.374533725,5.668251297115381,147.37453372499996,0.18682465189935454,0.008222296809096419
italy,2050,50.0,225.59368872664504,3036.074604596184,213.62366749069375,2964.957976307483,79.13852604255287,1065.0863752016785,79.80014157300835,474.1108552580091,67.83012033705711,402.99422696930776,66.65502111108383,1496.8773741364969,11.97002123595125,71.11662828870135,4.480929566704309,13.158290297032117,0.017089893399255502,0.4480963399731418,0.0054215860564981585,0.07493984105666192,0.0002783524149868,0.007860917646356215,0.0,0.00033529501611111114,0.00032301394531749104,0.004360688261786125,0.0012877686127864111,0.011767821480954586,0.010425200260301628,0.357553153034844,201.56738436455265,22.37468728169934,201.56738436455257,0.0,0.0,933.1513975838619,35.890438368610056,933.1513975838617,0.3731564989164799,0.01560334588163579
japan,2050,50.0,866.4968376198866,11658.675481135493,826.013136468112,11418.179992526788,303.5163444887439,4083.9165287800565,269.89134101183225,1603.3032573913863,229.4076398600574,1362.807768782678,293.0891521193103,5971.45569496405,40.48370115177481,240.49548860870783,17.22517918864817,50.579838140965606,0.12390197047021681,2.9176437717203774,0.02307409016672557,0.3188836232101039,0.002023961411073174,0.060833353866788044,0.0,0.001816547675,0.0013745768817086798,0.018556787903067154,0.004356443615029846,0.039799764716073056,0.09582205215909685,2.514867270155479,681.7192375608169,75.6922187563954,681.7192375608171,0.0,0.0,3970.9998804917363,152.73076463429743,3970.9998804917363,2.5987601485102734,0.08389287835479395
kenya,2050,50.0,146.3351969116023,1978.9107659611677,141.978616100714,1952.979395622672,55.96838095110098,756.9018271757216,29.043872072588822,172.8758022566408,24.687291261700484,146.94443191814472,61.322943887912515,1049.133136528806,4.356580810888319,25.931370338496116,2.7622189370926264,8.11857371243785,0.012778075449064256,0.16596706896563077,0.00275556597598869,0.038227971760976115,0.00011323940576066998,0.0014405061248843895,0.0,5.125776238888887e-05,0.0001645610269050001,0.0022215738632174998,0.0005467426338340624,0.004394912401109206,0.009527088460385835,0.12407399477948963,73.3619917219616,10.032753610727765,76.04635341402961,1.9208883221766162,2.6843616920679816,475.3985221699998,18.284558544999992,475.39852217,0.12773909720465465,0.0036651024251649843
kuwait,2050,50.0,1.0725304855659377,14.384980089827504,1.0321431944451893,14.145481967809864,0.44563641675264715,5.976959227323328,0.26924860747165696,1.5966541467842694,0.22886131635090842,1.357156024766629,0.3576454613416337,6.811366715719908,0.040387291120748556,0.23949812201764042,0.019142485548491517,0.05619519503520372,0.00030964295833355677,0.005622136435301316,1.931654242164274e-05,0.00026628478597135835,5.461313932800001e-05,0.0012389287614272358,0.0,4.437445266666667e-05,1.1489392626923087e-06,1.5510680046346152e-05,6.041910261599454e-06,4.539517675976515e-05,0.00023082030558500686,0.004042663938522636,0.6800957552463407,0.11616532155593275,0.8163302557484958,0.04030547114081484,0.13623450050215524,3.31915787,0.127659918076923,3.3191578699999993,0.005355851649329957,0.0013131877108073216
malaysia,2050,50.0,172.39987266034206,2333.6627509450864,167.254813061751,2303.0263074764134,66.6990413008683,902.892394251357,34.30039732394015,204.24295645781942,29.155337725349128,173.6065129891465,71.40043403553359,1226.5274002359095,5.145059598591021,30.636443468672905,3.230460357959851,9.496493699521984,0.040141155134820236,0.8052449380080828,0.0038049810004450344,0.05282559549809246,0.0007964100824903999,0.018194216281613173,0.0,0.00022622781750000005,0.00022733974978615402,0.003069086622113077,0.000744738600978742,0.005590173620165785,0.03502236520069223,0.7314778114128245,86.63946247421268,14.233720749140883,99.38299557638673,4.661710767311774,12.743533102174077,656.7592771599999,25.25997219846152,656.7592771599998,0.7524193425099903,0.020941531097165882
mexico,2050,50.0,352.5322097164099,4759.746728730908,339.43534381311395,4681.841857453303,130.6203563878321,1763.7406661483956,87.3124393553062,519.3658085173622,74.21557345201026,441.46093723975775,134.59941397327188,2476.640254065151,13.096865903295924,77.90487127760427,6.7856285289384415,19.93780281763261,0.06788706876262286,1.307865049684021,0.006696003465920652,0.09278182407718796,0.0017544090392125002,0.03733857496347505,0.0,0.0006423242141666674,0.0003995710684615391,0.005394209424230771,0.0019543526747592297,0.01480146372323566,0.05788187465119196,1.1676950721301862,220.5427167975163,37.62123764772811,266.60432169338486,13.202091803286107,46.06160489586851,1154.3164199999994,44.396785384615384,1154.316420000001,1.215083225606833,0.047388153476646606
nigeria,2050,50.0,366.1547236108447,4948.000805580575,355.0491833401772,4881.92311299191,144.82359266528974,1956.8517598089045,74.03693513778188,440.51795059109975,62.931394867114626,374.4402580024348,147.29419580777304,2550.6310951805704,11.105540270667284,66.07769258866493,6.7626073922667205,19.87533965117795,0.10651475500205317,1.7675964370263355,0.007186290299868528,0.09963918111081393,0.00200769763789728,0.03200408284476967,0.0,0.00034840119566666665,0.0004290108342092311,0.005791646261824616,0.0016255064354226746,0.012209259871075791,0.09612427146307392,1.6291871582658337,187.01008629712047,31.141712084118513,217.93618711567802,10.443024447222424,30.926100818557476,1239.3646321600004,47.667870467692275,1239.36463216,1.6679572559155216,0.038770097649687515
norway,2050,50.0,19.61296384091564,263.087509511723,18.1808525281145,254.5903861241037,6.739014375738613,90.39686826822802,9.547408752007529,56.64748925079539,8.115297439206403,48.15036586317608,3.326540713169492,116.04315199269958,1.4321113128011294,8.497123387619306,0.3939766725919923,1.156273049755335,0.000290893640449832,0.0047688007926270995,0.000754440620664483,0.010402099146071068,1.0393090120000007e-06,1.644607376524454e-05,0.0,6.225271111111113e-06,4.4876764555481725e-05,0.000605836321499003,0.000154524050605424,0.001407887275769747,-0.0005742335752765938,-0.006458020652591067,24.11582450440566,2.6848202972712913,24.11582450440566,0.0,0.0,129.64398649361382,4.9863071728313,129.6439864936139,-0.005633298353443969,0.0008247222991470996
pakistan,2050,50.0,377.89278806775025,5088.862577282411,361.8327758439001,4993.424075816492,136.74679656219334,1841.2968873121401,107.06674815900145,636.2566764394616,91.00673593515127,540.8181749735423,134.07924334655533,2611.309013530809,16.060012223850215,95.43850146591919,7.375748943335155,21.66222593894197,0.090458193960975,1.5659741624912256,0.007036886238076349,0.09731181258126204,0.002695999086666667,0.04552151534872114,0.0,0.0006401344246666667,0.0004193779593911542,0.0056616024517805764,0.0022237342711933887,0.016890861263824764,0.07892095232442975,1.4112714413245313,270.44017658895774,41.953009771640005,296.87601064067667,11.946035643385159,26.435834051718935,1211.5363271300002,46.5975510434615,1211.5363271299998,1.4686623499099636,0.057390908585431985
paraguay,2050,50.0,48.373692866594894,651.934189330172,46.48365999870275,640.6985128287865,17.150047080042853,231.13479300288697,12.600219119280876,74.9045100092373,10.71018625138875,63.66883350785171,18.623426667271136,345.89488631804784,1.890032867892131,11.23567650138559,0.9552075271059561,2.805655021734675,0.0007437385599792438,0.01145388850638977,0.000927587392441499,0.01283528216999017,6.1027343322623994e-06,9.85387200451703e-05,0.0,2.5867474722222214e-05,5.530282521511576e-05,0.0007465881404040619,0.00020307474275628538,0.0018581248637393201,-0.00033772348433568777,-0.0026173365817030525,31.82692612105258,3.5283775508023276,31.826926121052576,0.0,0.0,159.76371728811202,6.144758357235076,159.76371728811205,-0.0013813936636004002,0.0012359429181026506
peru,2050,50.0,104.56718667611894,1409.5060166993655,101.15115875586446,1389.1994996332028,37.85682468458627,510.37874722441177,22.773519468362778,135.37678044108708,19.35749154810837,115.07026337492402,43.93684252316987,763.7504890338672,3.416027920254418,20.30651706616306,2.040396932283915,5.993338555939362,0.012138139050703739,0.21312528561239438,0.0022322067365217607,0.03089158703767508,0.00011783220131087999,0.002079328293912142,0.0,6.278512666666667e-05,0.00013309581579057706,0.0017967935131727882,0.00047270772858943255,0.003523284103679514,0.009448488200072241,0.17836509456363378,57.52369183221804,8.918351600618045,61.48416975913497,2.5402767003911624,3.960477926916944,384.49902339500005,14.788423976730758,384.4990233950001,0.1822336985747193,0.0038686040110855347
philippines,2050,50.0,124.66766582272693,1688.2322666174582,120.69907078954284,1664.5972654571387,48.60792290428123,658.241760754147,26.457300221227328,157.56667440213124,22.48870518804323,133.93167324181158,49.602442697218386,872.4238314611799,3.9685950331840982,23.635001160319682,2.3243345834339633,6.833343464932815,0.028967776989490282,0.5664993938057691,0.002676719336155423,0.03717308231012935,0.0015352989915463201,0.03116601777803237,0.0,0.00031626970263888896,0.0001599602705151925,0.0021594636519550966,0.0005727634101853934,0.004290436227099977,0.024342955522118338,0.4957130514398238,66.82856318069871,10.939515858665306,76.14774510794341,3.558745698197964,9.319181927244705,462.10744815499993,17.77336339057691,462.1074481549998,0.5293263114956397,0.033613260055816135
row,2050,50.0,7658.132275877048,103115.16902436483,7322.512297093106,101121.38084281574,2774.164085199748,37356.901803965644,2237.4665252261966,13291.921210327715,1901.846546442272,11298.133028778564,2646.5016654511187,52466.346010071524,335.61997878392896,1993.7881815491571,149.38098035723232,438.7089403723331,1.3180522134767612,25.736055737557184,0.1678184002472965,2.3205146395157743,0.027126289441022675,0.5678182969435653,0.0,0.012897970176388896,0.010000898623739657,0.13501213142048485,0.04061844796257237,0.34219061746678703,1.0924899744496115,22.62764634487514,5651.622493432214,735.7837177789407,5944.817047142098,108.2428023049245,293.19455370988794,28891.4849130256,1111.2109581932887,28891.484913025528,23.41554109804141,0.7878947531662565
russia,2050,50.0,771.4976706749787,10349.76146960161,722.7903457166212,10060.758080809928,265.2369461111331,3558.204009333922,324.7154997223855,1926.6892586112149,276.008174764028,1637.6858698195347,181.54522484146108,4864.868201656474,48.707324958357844,289.00338879168237,15.492817095933756,45.47018841193072,0.15901387605765677,2.7709174148766116,0.023341442271972185,0.32184975964123463,0.0012858315931969205,0.02174913089815782,0.0,0.0005576929822222221,0.0013884911065438726,0.01874462993834232,0.005255136232312504,0.04788347055660619,0.1305199570667192,2.397621990736734,820.1997220993446,91.30679894915451,820.199722099345,0.0,0.0,4011.1965300156326,154.27678961598596,4011.196530015636,2.449067655235377,0.05144566449864391
saudi_arabia,2050,50.0,150.32491776297243,2009.5842204932392,145.29845633197698,1979.822501192563,66.18946919561522,884.7297336545283,33.50974287330304,198.41146200450777,28.48328144230756,168.64974270383158,50.625705694054226,926.4430248342029,5.02646143099545,29.761719300676155,2.567271272231998,7.533364925767511,0.04504252146291284,0.8292188548716328,0.0026755388664695123,0.03678952602612315,0.0010473266345403837,0.024341265280997507,0.0,0.0007731975793333335,0.00015888461538461548,0.0021449423076923073,0.0007254707273638259,0.005476499247822961,0.04075306984992376,0.7639833090450481,84.64234634873172,13.80736621527752,97.46156995982936,4.3318043204705905,12.819223611097662,459.00000000000006,17.653846153846143,458.9999999999999,0.7924293288455097,0.0284460198004615
south_africa,2050,50.0,275.9637004366758,3718.8114127242493,264.7967621690715,3652.429913173876,97.93491682436799,1319.7324949452386,74.44625511736164,442.5433303358267,63.27931684975743,376.16183078545276,103.58252849494623,1956.5355874431843,11.166938267604252,66.381499550374,5.446293111162452,15.996757170342175,0.11915854297608221,1.9621668186931567,0.005117025963879787,0.07080039146134855,0.0014134545250953745,0.02424816374667526,0.0,0.00020962521527777774,0.00030506291781923087,0.004118349390559615,0.0012209293340104423,0.011000354606731237,0.11171219607091581,1.860026633053683,188.04398869410525,21.353496596346496,188.57175336340944,0.5047922183392757,0.527764669304296,881.2928737000001,33.895879757692285,881.2928736999997,1.891366427231808,0.03133979417812466
spain,2050,50.0,231.89479779441865,3119.4291030217273,220.07491232306967,3049.218669588182,81.11321597067086,1091.1616666742739,78.79923647566017,468.06955622363904,66.97935100431116,397.85912279009324,71.98234534808759,1560.197880123815,11.819885471349028,70.21043343354583,4.613444566734794,13.54634848629823,0.011003745616153481,0.2797098767883618,0.005378350366468632,0.07431591971933846,0.00013401141409250002,0.003745941200823251,0.0,0.00025151031666666667,0.000320365384615385,0.004324932692307692,0.001272182757428059,0.011620181191898447,0.004539566462779675,0.1941012570519427,199.03919558577653,22.103886583345385,199.03919558577655,0.0,0.0,925.5,35.596153846153825,925.4999999999998,0.20539395706902333,0.011292700017080673
sri_lanka,2050,50.0,25.631270297705978,347.095112958251,24.853442499840494,342.4627529539272,9.993632289075565,135.33238454242206,5.185518652436618,30.88240002882486,4.407690854571125,26.250040024501132,10.452119356193801,180.88032838700403,0.7778277978654928,4.632360004323729,0.47787569918102274,1.404913392986831,0.005467757349964909,0.10337742897808025,0.00048091330810140194,0.006678709173807824,0.00023504877792396002,0.00455425167709863,0.0,4.998168666666667e-05,2.87392935894231e-05,0.00038798046345721153,0.00011290580120540996,0.0008472694442279961,0.00466762875632356,0.09163519745973636,13.09811500007148,2.159650272140117,15.076381017759497,0.7130506184935342,1.9782660176880147,83.024625925,3.1932548432692287,83.02462592500002,0.09669871980427243,0.005063522344536081
sweden,2050,50.0,50.484538974137294,677.197578871039,46.92554881396455,656.0810788783388,17.346487591513593,232.68508810008905,23.726601067818567,140.77666661800248,20.1676109076458,119.66016662530212,9.411450314805158,303.73582415294754,3.558990160172787,21.11649999270037,1.0141114236328912,2.9762922278651702,0.0010323620739072193,0.01733484955673828,0.001793470396506812,0.024728065230071906,3.7147909548749994e-06,6.027159820006214e-05,0.0,1.6182486666666657e-05,0.00010668188657494942,0.0014402054687618162,0.0003840131494660674,0.003498790154304719,-0.0010421543764455852,-0.009528254443743247,59.93108311375515,6.672141288466725,59.93108311375515,0.0,0.0,308.19211677207574,11.853542952772141,308.19211677207585,-0.0073932156733336266,0.0021350387704096316
switzerland,2050,50.0,38.47322741651896,516.0783278850715,36.27794420294498,503.0530887365713,13.219400940315918,177.32451346131063,14.635221423826547,86.83492765666924,12.439938210252567,73.80968850816886,10.618605052376498,251.91888676709178,2.1952832135739806,13.025239148500383,0.7728334301934607,2.268171009729049,0.0010157824376824595,0.016203949493833546,0.0010759209371333006,0.01483461515041031,8.9256625416e-06,0.00013908375686070472,0.0,3.0550335999999996e-05,6.399953721144798e-05,0.0008639937523545469,0.00023686989367051382,0.002158150190892962,-0.00024193451845150698,-9.44561879758818e-05,36.967143714875114,4.115560625335856,36.96714371487511,0.0,0.0,184.88755194418283,7.111059690160875,184.8875519441829,0.0013693343434232359,0.00146379053139912
taiwan,2050,50.0,111.01076308194651,1496.9747532905567,106.85644416231355,1472.2751886486772,40.40653791932223,544.9768937624291,27.69545946421974,164.66376427919337,23.54114054458678,139.96419963731438,42.90876569840455,787.3340952489342,4.154318919632961,24.699564641879,2.1593667332043527,6.343259977606639,0.01923415994921644,0.45716169868857737,0.002317381424354993,0.032080299584185554,0.00031250582364834,0.009711260219801003,0.0,0.00025129891250000005,0.00013820201539788474,0.0018657272078714422,0.000544692328633923,0.004222391484748802,0.01619778238797707,0.4127621756952136,69.95603282069231,10.121087171503909,73.2764540848903,2.3674316616430975,3.3204212641979955,399.250266705,15.355779488653837,399.2502667050002,0.4250813991043918,0.012319223409178362
thailand,2050,50.0,407.57789399352384,5519.3633991534825,394.359704863303,5440.642362409294,158.91462086807496,2151.9997893299433,88.12126086813802,524.8069116279266,74.90307173791733,446.08587488373763,160.54201225731083,2842.5566981956144,13.218189130220699,78.72103674418896,7.598982368045812,22.34035361127294,0.08675913506992668,1.7301203912041527,0.007539842994530626,0.1047099710661876,0.0012189294842524798,0.02765397376994115,0.0,0.00037491125999999995,0.000450579673690962,0.0060828255948279794,0.0019185926559201144,0.01440128149579243,0.07653234960891442,1.58906307920706,222.58572115246648,36.69816012499534,256.27373218192037,12.11504819445608,33.688011029453904,1301.674612885,50.06440818788458,1301.674612885,1.625410420137965,0.0363473409309056
turkey,2050,50.0,435.3324798719624,5855.891457056912,414.0514629149126,5729.481715863334,152.24584215665433,2048.004174328992,141.8734463803312,842.7316079571997,120.59242942328153,716.3218667636198,141.21319133497678,2965.155674770721,21.28101695704968,126.40974119357989,8.661581588793368,25.432676255138475,0.09109132184128081,1.6791859176905415,0.008785717628325678,0.12139497896735435,0.0012147431331327606,0.023647403523843088,0.0,0.0005191369049999999,0.0005233205493121157,0.007064827415713558,0.0022904936969182503,0.02092146082213217,0.07932368793221618,1.5197677648879255,358.35850581173224,39.79680796720074,358.358505811732,0.0,0.0,1511.8149202350003,58.14672770134611,1511.8149202350003,1.5577909387231872,0.0380231738352617
uae,2050,50.0,6.108868354940786,81.9203221536201,5.896572072462946,80.66149193934902,2.5546471844164884,34.25717377757587,1.415308549852267,8.392201428473784,1.203012267374427,7.133371214202717,2.13891262067203,39.27094694757043,0.21229628247783996,1.258830214271067,0.10852195763086536,0.3185755808625999,0.0016510401802896251,0.03079037603633453,9.79381155684603e-05,0.0013499408370860797,3.6564818983392e-05,0.0008614497900489264,0.0,3.177311888888888e-05,5.82486384634616e-06,7.86356619256731e-05,3.1762523121584406e-05,0.00023861517639217823,0.001490599586462535,0.028387232775844127,3.5749315331916987,0.6106710371728373,4.29093386136915,0.21183705491910576,0.7160023281774507,16.827384445000003,0.6472070940384611,16.827384444999993,0.029440435199248452,0.0010532024234043203
uk,2050,50.0,193.54890461543187,2596.2572356233322,181.2950217581158,2523.551466396226,66.50340362586238,892.0739861601768,81.69255238210687,484.7051281807095,69.43866952479082,411.9993589536031,45.35294860746261,1219.4781212824457,12.253882857316029,72.7057692271064,3.8879260698546614,11.41058455171464,0.007251800870324633,0.24456326248722068,0.006969635742692039,0.09609615392080688,8.741278781666664e-05,0.0025621277819116773,0.0,0.00014136838999999997,0.0004145782897887719,0.005596806912148414,0.0013221874569604656,0.0120466095054051,-0.0007128568273557631,0.13931380980124544,206.34742973056498,22.97270688502368,206.347429730565,0.0,0.0,1197.6706149453398,46.064254420974564,1197.6706149453391,0.14846710856641382,0.009153298765168363
uruguay,2050,50.0,15.637638808483059,210.7223557235116,14.933774158877636,206.53827351173322,5.52946908267961,74.5114249838337,4.692430997369493,27.893881411856256,3.988566347764069,23.70979920007782,5.415738728433957,108.31704932782166,0.7038646496054237,4.1840822117784375,0.30924191091047964,0.9082909397025156,0.0007466887079438818,0.012150051846028012,0.00032703723032860164,0.004524869952040063,9.694621975499998e-06,0.00016738911971398454,0.0,1.4069752083333333e-05,1.9496774977843886e-05,0.00026320646220089213,7.563359178118047e-05,0.0006919813129378721,0.00035382003883644396,0.0070149481714536525,11.852623614528017,1.3141164859065415,11.852623614528014,0.0,0.0,56.324016602660045,2.166308330871538,56.324016602660016,0.007625181893987949,0.0006102337225342978
usa,2050,50.0,3495.5877460478528,47035.95049151207,3329.773181904202,46050.92402572767,1230.2346846729247,16553.876306038674,1105.430427624382,6566.843105229361,939.6158634807231,5581.816639444954,1159.9226337505538,23915.23108024406,165.81456414365695,985.0264657844043,69.30850196649251,203.52044893594947,0.36627505000946226,8.953394637333101,0.0801385100255634,1.107564735679971,0.004309963612359175,0.13416208906357743,0.0,0.005982683959027779,0.0047741837080613305,0.06445148005882795,0.019002848953752004,0.16562263215591774,0.2675979111258488,7.604513976533439,2792.209581349933,337.9096492951824,2854.77509398664,27.880648280888366,62.5655126367043,13792.086267732719,530.4648564512577,13792.086267732706,7.84582990165313,0.24131592511969502
vietnam,2050,50.0,351.0880863981445,4753.440470304146,339.74692544664447,4685.903955152844,136.3732170536892,1846.4127936256202,75.60773967666708,450.24343434201285,64.26657872516702,382.706919190711,139.10712966778817,2456.784242336513,11.341160951500056,67.53651515130191,6.561853832060997,19.29050903410716,0.07814179285272822,1.4671691737808497,0.0069515754546247525,0.0965258718168558,0.0019919749492897793,0.040522492239447316,0.0,0.0005044519916666666,0.0004153846153846159,0.005607692307692308,0.0016144909069305206,0.012135461644765384,0.06799913615726777,1.323088588395807,190.9777855519067,30.724086494574745,214.59763563748305,9.628041470055605,23.619850085576303,1199.9999999999995,46.15384615384611,1199.9999999999998,1.3706433019639939,0.047554713568187065
argentina,2050,75.0,220.54359272186343,3049.866141814062,201.06452823245897,2905.9935150541082,77.94285194807594,1077.863248401051,129.8604299293634,959.1508450663615,110.38136543995893,815.2782183064072,12.740310844424085,1012.8520483466499,19.479064489404507,143.8726267599542,16.063674211755075,89.8516876380933,0.0361916150818426,0.7021201999897908,0.004618683956830501,0.06517918259041945,0.0003649709526371999,0.007855609033704487,0.0,0.00015019351180555553,0.00027883929266261237,0.0037643304509452627,0.002105110072891839,0.02016712878947886,0.02938168939214568,0.6125324165153277,328.7148662647206,39.215559281253014,350.3679290659733,9.509436616633838,21.653062801252556,805.535734358657,30.98214362917912,805.5357343586568,0.6369410173993714,0.02440860088404364
australia,2050,75.0,391.601774864834,5410.385926470526,357.1894124036944,5156.42296567243,139.05936651513682,1921.157067998536,229.41574974093464,1693.0864053206435,195.00338727979457,1439.1234445225473,23.126658608763286,1796.1424531513458,34.412362461140205,253.9629607980965,28.44504452235855,159.05470120565687,0.08215356485284957,1.793002194520603,0.008453331139294057,0.1192100441927494,0.00048425603157435025,0.01407684059292414,0.0,0.0003019782641111111,0.0005101148883167314,0.006886550992275866,0.0034291014639256483,0.03515621841554231,0.0702969911063723,1.6311436640475523,580.3670759054916,62.29726108380774,607.7507481412222,9.789170150860226,27.38367223573118,1473.6652329150015,56.67943203519232,1473.6652329150004,1.6737921503278534,0.0426484862803017
bangladesh,2050,75.0,166.89085942119533,2310.2190856831107,154.27089299358516,2217.1125509116173,60.62712686058352,839.2992157770049,84.13310951740081,620.7102318099547,71.51314308979069,527.6036970384615,22.130623043210985,850.209638096151,12.619966427610116,93.10653477149319,11.957680482854883,66.926840873962,0.05399481254775481,0.9843603049839835,0.0033185723846549733,0.04686671004428817,0.0028624347302879994,0.05066208534597859,0.0,0.00032596591111111115,0.000200446063017404,0.002706021850734952,0.001547719716871238,0.014813218062773803,0.046466531778958,0.8743983474705667,212.51203932218303,29.8520232152696,268.7253239962275,10.665788653190832,56.213284674044495,579.0664042725,22.271784779711542,579.0664042725,0.9374935949396953,0.06309524746912856
brazil,2050,75.0,1028.3105765714815,14250.063101920383,954.8110678148997,13707.539771531014,385.3417485469865,5340.399551654055,489.9967250438813,3616.8222025958075,416.49721628729907,3074.298872206437,152.97210298061384,5292.841347670525,73.49950875658216,542.523330389371,72.25998039117947,404.729463077298,0.047740553390745,1.0137154674182667,0.022991274330673276,0.324957099131189,0.0006405459092024999,0.014594709517401265,0.0,0.000671453615,0.001389433897423562,0.01875735761521808,0.008429139276616099,0.07983879077634704,0.017069027771676716,0.6124107719935474,1237.683997389038,159.8360222079615,1412.326343177329,48.206035183459974,174.64234578829155,4013.920148112514,154.38154415817337,4013.920148112506,0.6887583682870777,0.07634759629353022
china,2050,75.0,6210.110775568893,85824.49991687055,5662.11917244312,81745.56792845909,2192.9772540016534,30308.402305713513,3653.2773541718993,27192.87992274305,3105.2857510461135,23113.947934331587,363.85616739533896,28323.217688413966,547.9916031257859,4078.931988411459,452.54245271979516,2530.607881293752,1.285301052144589,27.411465973250603,0.1512239199941707,2.1330633856997445,0.036167116141449095,0.9335155861790022,0.0,0.01704516312855555,0.009126893702895187,0.12321306498908494,0.05577432827931921,0.566628398701822,1.051262581432544,23.884426504530577,9338.716862068155,1016.8559348685553,9801.713536487669,172.15745415051032,462.996674419511,26366.58180836389,1014.0993003216872,26366.58180836385,25.278402587550858,1.393976083020295
costa_rica,2050,75.0,17.31593331888042,239.92109323002484,16.227773401485603,231.88983686918368,6.583396092161785,91.23034828861975,7.254399449298793,53.54170907227457,6.166239531903973,45.510452711433395,3.4781377774198425,95.14903586913054,1.088159917394819,8.031256360841184,1.20544422023918,6.7521231074057875,0.0004219221084386256,0.006826024504828403,0.0003147512483976748,0.004448097579956735,5.041238793045e-06,9.038310914865751e-05,0.0,1.4312567361111112e-05,1.9019898040673087e-05,0.0002567686235490865,0.00013699102314494916,0.001324764617826015,-1.584150385637031e-05,0.0012052352540849716,18.323906365416782,2.659582953675845,24.292917420693946,1.0064928944061053,5.969011055277167,54.9463721175,2.1133220045192314,54.94637211750002,0.002377926924871668,0.001172691670786697
egypt,2050,75.0,267.29732406278174,3688.8657425926726,245.76233270322726,3530.2328620392905,99.24776229657296,1369.255443275077,143.56660906369694,1057.5525370225505,122.03161770414239,898.9196564691678,24.4829527025119,1262.0577622950461,21.534991359554528,158.63288055338253,18.895827291542112,105.66127263489707,0.0638982065028391,1.2290636166768747,0.0046053308529411035,0.06488862874688066,0.0019108042659560396,0.04218422734897871,0.0,0.0007283695375000003,0.000277756829961058,0.003749717204474279,0.002569528589098175,0.024338865893397708,0.055090299624804835,1.1006732423545917,362.6352698206965,49.176917826893416,436.32423989026097,16.325871694839837,73.68897006956446,802.4086198875002,30.861869995673086,802.4086198874996,1.164174987929994,0.06350174557540214
ethiopia,2050,75.0,49.53107794430689,685.6412312523008,46.4025595023828,662.5605280735691,18.528340840479615,256.46919898864024,20.85678961282734,153.87135452487848,17.728271170903238,130.79065134614675,10.145947490999951,275.3006777387821,3.1285184419241,23.080703178731767,3.4846391618007715,19.50922793196715,0.003248179165166796,0.037889594708092056,0.0008775591484004786,0.012393155788359202,9.059681713235997e-05,0.0010317158076000722,0.0,4.5816859611111096e-05,5.300557742423082e-05,0.0007155752952271153,0.0003438742478394369,0.003299572507862962,0.0019891545292187525,0.021834909039885834,52.682218923798935,6.442717094897589,57.75606602449686,1.685851957442173,5.073847100697931,153.12722366999998,5.88950860269231,153.12722366999995,0.025496438919732856,0.00366152987984703
france,2050,75.0,596.303718330536,8221.749731225564,537.9032401944071,7741.943850700255,206.5720363184175,2848.2604412503765,389.33652090752753,3198.705870168731,330.93604277139843,2718.8999896434216,0.39516110459090553,2174.783419806458,58.40047813612913,479.80588052530953,43.93724887624055,245.42912787589952,0.018826613406804252,0.324281520482433,0.01694905774176837,0.23865166294615026,9.835158536709333e-05,0.0016508147341815283,0.0,0.00020838497400000003,0.001021774630937899,0.013793957517661626,0.005965186893727059,0.06642688913971206,-0.003164208183120386,0.03113772620605079,1132.0809179755763,104.02161580771076,1134.0903498033174,1.3611593230914503,2.0094318277412127,2951.7933782650393,113.53051454865543,2951.7933782650402,0.08562985753628277,0.054492131330231966
germany,2050,75.0,522.2391530053139,7192.281704004074,470.81948600041085,6749.273255482056,179.4413729726259,2471.2679934958005,342.7977800326881,2953.38965681346,291.37811302778476,2510.3812082914415,0.0,1767.6240536948142,51.4196670049032,443.008448522019,38.658164947976715,215.82893762550077,0.03766555888003286,1.074474607362466,0.017910710552508997,0.25197364350884294,0.00028156206540000004,0.007428265134728411,0.0,0.00023189448333333336,0.001079144760094167,0.014568454261271246,0.005621753529206485,0.06304452500149911,0.014930677493011555,0.7663647334953333,1075.8064636849715,97.6766912486067,1075.8064636849713,0.0,0.0,3117.529306938703,119.9049733437963,3117.529306938703,0.8225009638536231,0.05613623035828961
greece,2050,75.0,104.6134856762146,1445.8463143504177,94.47046929464219,1369.9729667341562,36.82626537852741,508.9780056695153,67.62010921048274,505.82231744174413,57.47709282891033,429.94896982548255,0.1671110872044596,431.0459912391582,10.143016381572409,75.87334761626161,7.637299904893763,42.70758201787219,0.011336456315357065,0.28342888562879026,0.0024362671911707127,0.03436575478313879,9.07690805217e-05,0.0027391599498749718,0.0,7.463754097222222e-05,0.00014704097984394242,0.0019850532278932213,0.001042864744541352,0.010430834114612566,0.007913596278967242,0.23780355246808493,173.70811096278743,19.04596088057323,179.72825650890377,3.3373459796092746,6.020145546116318,424.78505288249994,16.337886649326926,424.7850528825001,0.24906313084565146,0.011259578377566538
iceland,2050,75.0,1.507670380691157,20.76364828702057,1.3592251550083057,19.334985982047023,0.5180355428054815,7.134389551420269,0.9896348378856753,9.52441536649036,0.8411896122028238,8.095753061516804,0.0,4.104843369109947,0.1484452256828513,1.4286623049735534,0.11160360139321937,0.6230840692074566,2.44660527901495e-05,0.00039817331890278166,7.665552921260964e-05,0.0010784146689308224,5.96565774e-08,9.547816596417831e-07,0.0,2.6799900000000004e-07,4.618600274931299e-06,6.235110371157252e-05,2.0678591046219174e-05,0.00023189774212551694,-6.8309123771148e-05,-0.0008510107691016269,3.957157102645307,0.3592858247136376,3.957157102645307,0.0,0.0,13.342623016468188,0.5131778083256996,13.342623016468194,-0.0006802413500280407,0.0001707694190735862
india,2050,75.0,2565.4455947918536,35505.552112994286,2369.2315484381393,34058.1839914152,940.9813620459203,13023.599884167104,1308.0936423580872,9649.120810527185,1111.8795960043751,8201.752688948109,316.3705903878447,12832.83141829999,196.21404635371317,1447.3681215790775,182.72999555506595,1022.7505533445897,0.8292310419533488,15.413340684430665,0.05042682671456196,0.7120439122218105,0.032120733688729586,0.5769852373034895,0.0,0.003540792129583334,0.003045548076923078,0.041114899038461536,0.02358294597653588,0.22647683040712924,0.7261460836504442,13.935408811407111,3304.1171205541295,452.52793631576077,4086.9270440121404,154.1092833228961,782.8099234580102,8798.250000000002,338.39423076923083,8798.249999999998,14.701296772208854,0.7658879608017406
indonesia,2050,75.0,1247.834482542341,17316.541011296344,1172.7797478478715,16762.121880511346,486.1628560490983,6746.63255005291,500.3648979631335,3696.1275385667254,425.31016326866353,3141.708407781717,261.3067285301093,6873.780922676715,75.05473469446999,554.4191307850087,85.45246017872444,479.0899386932193,0.3049227344404467,6.388067158037248,0.02645766707197768,0.3743412840735387,0.0039716460993300005,0.08899634764783601,0.0,0.0006977592916666671,0.0016000096153846173,0.021600129807692308,0.009165435906289888,0.08783527278167043,0.2669279949782336,5.85779662405023,1263.8729922301168,176.70478526174563,1591.8903905817576,62.88861522600222,328.0173983516403,4622.250000000001,177.7788461538462,4622.249999999998,6.013725873963709,0.15592924991348078
iran,2050,75.0,206.1284514456085,2847.8114670006826,187.28497715027854,2708.846687844494,73.85815172571408,1020.2903583868499,125.6231619688663,926.4318610412511,106.77968767353634,787.4670818850637,6.647137751028135,901.0892475725813,18.84347429532994,138.96477915618763,14.892784819532848,83.28271738221396,0.04869409405907245,0.9932459917683644,0.0042680457985772215,0.06018721724901194,0.001778979064868374,0.04362898215628529,0.0,0.0007738104398611111,0.0002575515026838464,0.0034769452862319235,0.001841560118458296,0.01915748300749326,0.04106306057985239,0.8729754442019447,317.5150575459461,33.25377459722016,330.6617303566211,4.528526390424333,13.146672810674978,744.0376744199999,28.61683363153847,744.0376744200003,0.9330587745193524,0.060083330317407736
israel,2050,75.0,67.8734028723625,938.6884256719181,61.97080122738805,895.1588564157919,24.000035255667385,331.9202273175902,39.35067763316308,290.19712837417416,33.44807598818861,246.66755911804808,4.5226899835320555,316.5710699801538,5.902601644974463,43.52956925612613,4.9421362728648734,27.644734247841846,0.01239416024547761,0.2852094129799855,0.0012674472848058604,0.01788740381798038,0.00024200497209504003,0.007522324881226673,0.0,0.00014097903538888887,7.652139251105775e-05,0.001033038798899279,0.0006934670740266842,0.006545835335373182,0.010267762307061085,0.2541459087089156,99.39597859275284,13.227510022141892,116.61846199291182,4.246067243393007,17.22248340015896,221.06180058750004,8.50237694567308,221.06180058750007,0.2673220091620051,0.013176100453089465
italy,2050,75.0,321.5870472148264,4442.329717908275,290.3001918175288,4194.771351941744,112.81363896138136,1558.4193034694727,208.57903598198445,1650.3891064435525,177.29218058468678,1402.8307404770194,0.1943722714606514,1233.521307995251,31.286855397297643,247.55836596653276,23.524880225197624,131.5196244315485,0.023224015345402305,0.6417656684966387,0.008029840854951254,0.11322452561786861,0.0002783524149868,0.008798215001833087,0.0,0.00033529501611111114,0.0004845209179762364,0.0065410323926791865,0.003143271410726277,0.03393848424558974,0.012257071582714215,0.49201018100791544,574.6705844015667,55.618287444689166,580.9241102340342,3.6191891784744015,6.253525832467318,1399.7270963757926,53.835657552915116,1399.7270963757924,0.5285411428787701,0.03653096187085475
japan,2050,75.0,1235.1508344723993,17058.357892478136,1120.2627339504486,16208.508705852542,432.6506441149214,5975.388146864375,765.9206701463376,5665.661244170633,651.032569624387,4815.812057545038,36.57952021114042,5417.308501443126,114.8881005219506,849.8491866255948,90.4321907404029,505.5250864365537,0.16803941009256734,4.185247260605867,0.034174394812248224,0.48179558721832777,0.002023961411073174,0.0688476191243996,0.0,0.001816547675,0.0020618653225630184,0.027835181854600727,0.011098485864561587,0.11563215501840121,0.12280443332724739,3.5449905334243392,1943.4913504121562,199.33751288633525,1985.1640299372264,23.42944148456331,41.67267952507021,5956.499820737605,229.0961469514464,5956.4998207376075,3.7034516733875393,0.1584611399632001
kenya,2050,75.0,209.14447435330612,2899.2907436322625,196.6919785292368,2807.3554634420652,79.99605769725237,1108.967549866533,83.01663882712973,612.9018679346452,70.56414300306025,520.9665877444484,46.13177782892407,1177.421325831083,12.452495824069452,91.93528019019672,14.501649419736289,81.2532658781474,0.017702278067631305,0.238285540059541,0.0040838472553653415,0.05773555174570798,0.00011323940576066998,0.0015269368341996438,0.0,5.125776238888887e-05,0.00024684154035750015,0.0033323607948262494,0.0014071951594753682,0.013556369443512581,0.012344837787387425,0.16874778506855811,209.6919431128081,26.58034600111848,239.96341264098191,7.675453936435449,30.271469528173856,713.0977832549997,27.4268378175,713.0977832549996,0.180549988313833,0.011802203245274864
kuwait,2050,75.0,1.5370114075420636,21.100328000239074,1.4212557660796998,20.250483293255016,0.6386282398337275,8.767186284099337,0.7717042764157588,5.665631379893744,0.6559486349533948,4.8157866729096845,0.12667889129257756,6.667510336245994,0.1157556414623639,0.8498447069840616,0.10049804912958046,0.5614349270549867,0.0004263767298239099,0.008091362167426756,2.8648152473837352e-05,0.0004020180391780952,5.461313932800001e-05,0.0013795621146478322,0.0,4.437445266666667e-05,1.7234088940384629e-06,2.3266020069519228e-05,1.4669488102575042e-05,0.0001406390891465106,0.000330169358813536,0.006148034491857171,1.949249831314555,0.2844597841280112,2.5777279302053957,0.10656175150450319,0.6284780988908407,4.978736805,0.19148987711538468,4.978736804999999,0.007689344128248661,0.0015413096363914903
malaysia,2050,75.0,246.4855826481637,3419.670286602617,231.77368196555855,3311.0098308231213,95.36376275590791,1323.0818941273712,98.07933788403405,724.4030385299671,83.36743720142894,615.7425827504721,53.042482008221675,1372.185353945279,14.711900682605108,108.66045577949504,16.95991687928922,95.06858036429506,0.05562568367173405,1.1650652173778833,0.005639616175807608,0.07977800559529012,0.0007964100824903999,0.020210599716952094,0.0,0.00022622781750000005,0.00034100962467923095,0.004603629933169615,0.001809380945215181,0.017377352730692217,0.04772128609290009,1.0520766614506185,247.73885368868565,34.942719039464464,315.822908443035,12.626904665673674,68.0840547543494,985.1389157399999,37.88995829769231,985.1389157399993,1.0852872117825931,0.033210550331974696
mexico,2050,75.0,503.3522075910962,6970.073044957225,465.955528639099,6694.139987997712,186.51854373336693,2582.895822304172,249.3111930133141,1839.553713063434,211.91451406131694,1563.6206561039185,67.52247084441517,2547.6235095896204,37.39667895199713,275.93305695951506,35.62454977692681,199.4537523655863,0.09319110572781976,1.8819499079414292,0.00992131068632515,0.14014811398480323,0.0017544090392125002,0.041255237290190594,0.0,0.0006423242141666674,0.000599356602692308,0.008091314136346155,0.00500397074698293,0.04604465259732524,0.07711077185799155,1.6619508939912893,629.7357884073908,98.5091383412004,847.1727734032434,41.66638688571768,217.43698499585244,1731.4746300000004,66.59517807692308,1731.474629999999,1.741801793956626,0.07985089996533634
nigeria,2050,75.0,523.8723076952666,7252.909704803721,492.0941651792194,7018.478514887757,207.20979426444353,2868.4328187877813,211.85428344031624,1562.8745994397705,180.07614092426888,1328.4434095238046,104.80822999050694,2821.6022865761706,31.778142516047442,234.43118991596546,35.50368880940028,198.90451304390683,0.14762824955376586,2.5500335838330646,0.010653252097071023,0.15046167295790674,0.00200769763789728,0.034484634217826465,0.0,0.00034840119566666665,0.000643516251313847,0.008687469392736924,0.0039538601119200175,0.03792682360309714,0.13165695595819132,2.335499521251305,535.1232834646368,76.52393931796807,691.4672141842618,28.194253626779457,156.34393071962506,1859.0469482400003,71.50180570153847,1859.0469482399994,2.399571910875158,0.06407238962385335
norway,2050,75.0,27.942033239153492,384.8179005387449,25.190860646426437,358.99916556384585,9.60088262097314,132.22343062511274,18.341150618180343,172.12489983266042,15.589978025453295,146.30616485776133,0.0,80.46957008097175,2.7511725927270523,25.81873497489905,2.0683775311079606,11.547773303472637,0.000403053770342823,0.006749214217342649,0.0011172385349156374,0.015717671472935443,1.0393090120000007e-06,1.7772055783290285e-05,0.0,6.225271111111113e-06,6.731514683322265e-05,0.0009087544822485044,0.00035907447950973457,0.004026800513975415,-0.0010069834062613272,-0.012110500614214108,68.71426219488062,6.238837559866686,68.71426219488063,0.0,0.0,194.4659797404207,7.479460759246956,194.46597974042086,-0.008968457255592794,0.003142043358621312
pakistan,2050,75.0,539.1801235641183,7449.221300606028,493.3539540625163,7111.459230987596,195.13228607683956,2695.4772078490128,305.50779667734645,2251.747130789559,259.68162717574444,1913.985061171125,38.54004080993247,2501.9969619674584,45.826169501601946,337.7620696184337,38.72268195250957,216.56590422599993,0.12333848851562912,2.2411202971785404,0.010424618052914286,0.14700630438937423,0.002695999086666667,0.04930258033340577,0.0,0.0006401344246666666,0.0006290669390867314,0.008492403677670866,0.005462543989439505,0.052325312880795984,0.10538439432569535,2.0003383688279683,771.6829352099705,104.5528815704989,941.036391792138,34.73586203312925,169.35345658216775,1817.3044906949995,69.89632656519233,1817.3044906950001,2.094113992789166,0.09377562396119754
paraguay,2050,75.0,68.97851107324497,954.0567796568192,63.58836170767589,914.304811392452,24.45531158209141,338.24972612774195,35.93432910379399,265.0131217624462,30.54417973822488,225.26115349807924,8.588870387359586,350.7939317666311,5.3901493655690995,39.751968264366916,5.014839517306269,28.052986871040993,0.0010174137873228146,0.01638956163307604,0.0013739373278356482,0.019391568512669915,6.1027343322623994e-06,0.00010691828248548587,0.0,2.5867474722222214e-05,8.295423782267363e-05,0.0011198822106060929,0.0006155989962078476,0.005814644457498589,-0.0008952710332302693,-0.007829554883694073,90.7666149905267,11.654567750102904,102.6178300119759,3.4535314901983054,11.851215021449214,239.64557593216813,9.217137535852622,239.64557593216819,-0.003002006879593875,0.004827548004100205
peru,2050,75.0,149.1992915181137,2063.319707727324,139.45188065272413,1991.4466759494599,54.019507598056734,747.1538465147826,64.982739102597,479.1535451857617,55.235328237207476,407.2805134078974,30.19704481745994,837.01231602678,9.747410865389545,71.87303177786424,10.712083894490558,59.92932515563362,0.0167342256783269,0.30695799392092427,0.003306843757861503,0.04666694128504384,0.00011783220131087999,0.0022609164769196526,0.0,6.278512666666667e-05,0.00019964372368586552,0.0026951902697591825,0.0011600127730852594,0.010994808267800393,0.012349180669755122,0.2496677330342529,164.14006907207076,22.19843358074218,196.97371434370183,7.361416169685703,32.83364527163112,576.7485350924999,22.18263596509617,576.7485350925003,0.2602910526358804,0.01062331960162753
philippines,2050,75.0,178.28524404621305,2474.182194314611,166.93439490112817,2390.3338305289276,69.51341665361849,964.6836375632669,75.67232763389944,558.9890919045586,64.32147848881453,475.14072811887485,33.09949975869514,950.5094648467857,11.350849145084911,83.84836378568376,12.202756563028307,68.41622080897517,0.04006425477627076,0.8184538447267624,0.0039675871873587785,0.056137314115320434,0.0015352989915463201,0.03422561549233542,0.0,0.00031626970263888896,0.0002399404057727887,0.003239195477932645,0.001392021645642501,0.01335359045028001,0.03340928735749595,0.7176602504441202,191.14092844042992,26.865759745943933,242.40583648062844,9.653352509514495,51.26490804019858,693.1611722324999,26.66004508586539,693.1611722324998,0.762316530611442,0.04465628016732168
row,2050,75.0,10927.019737475934,150945.10171288508,10030.058806640847,144016.73517427247,3958.8092810741437,54688.18134752936,5979.739538900959,46189.110257418506,5082.778608065852,39260.74371880574,988.4709175008495,50067.81010793724,896.9609308351487,6928.366538612776,784.2501468754705,4385.715234220782,1.8054105851953453,36.93214427558598,0.2486122786496174,3.5055248256677225,0.027126289441022675,0.6288412094415446,0.0,0.012897970176388884,0.015001347935609456,0.2025181971307275,0.1015740311909114,1.0242999369468204,1.4430993338494125,31.96309853048427,16122.795494206412,1882.012741708637,18016.958476500156,422.1545892509286,1894.1629822937648,43337.227369538414,1666.8164372899334,43337.22736953827,33.42661944991826,1.4635209194340264
russia,2050,75.0,1099.148441902718,15138.723894954757,990.9584418574477,14194.171919695877,377.8817749342438,5204.630269181904,721.2666669684742,6297.0131683926065,613.0766669232032,5352.461193133717,0.0,3637.080457380251,108.19000004527088,944.5519752588903,81.33728975365227,454.1235920655536,0.21801085720863814,3.9291772110333882,0.03456608099483851,0.48631687508803023,0.0012858315931969205,0.023567619897513208,0.0,0.0005576929822222221,0.002082736659815817,0.02811694490751346,0.012219808035964022,0.13696505745706597,0.17202187324445456,3.309886910516069,2337.0623086477435,212.37099713830227,2337.2590242619635,0.19671561421885905,0.19671561421885905,6016.7947950234575,231.4151844239792,6016.794795023459,3.4428603359453582,0.13297342542928794
saudi_arabia,2050,75.0,215.86010937358864,2950.4586058234154,201.42593760693845,2844.749849585276,95.05791342396302,1299.0363557093258,96.2278117776682,704.7250415875997,81.79364001101804,599.01628534946,24.5743841719574,946.69720852649,14.434171766650229,105.70875623813993,13.478174179217994,75.2177723050942,0.06244204065815092,1.1976982385077815,0.003970122042132882,0.0555264091237472,0.0010473266345403837,0.027146107707338225,0.0,0.0007731975793333335,0.00023832692307692316,0.00321741346153846,0.0018055716768088732,0.017065873787527334,0.05585734722774568,1.100404063771374,243.06207909923958,34.855779994974526,310.29991313745165,12.552140903403997,67.23783403821204,688.4999999999999,26.480769230769248,688.5000000000003,1.1421718293840342,0.041767765612660435
south_africa,2050,75.0,393.52195148815457,5442.26800935079,361.67451795859165,5207.408712331974,139.6574764188449,1931.3732957124162,212.31622353041934,1565.728646792115,180.46879000085647,1330.869349773298,41.548251538890355,1945.1660668462607,31.8474335295629,234.85929701881716,28.593038833602883,159.94424549109706,0.1627535330813663,2.8083497995612916,0.007579368821277263,0.10696493648180265,0.0014134545250953745,0.026370549787179152,0.0,0.00020962521527777774,0.0004575943767288465,0.006177524085839422,0.0034310673566816316,0.033074573933970314,0.15078723675504083,2.6479076382289013,536.2900991351332,63.8995185420334,575.7103345099306,15.438096835451615,39.420235374797635,1321.9393105499998,50.84381963653846,1321.9393105499996,2.7013848630794888,0.05347722485058782
spain,2050,75.0,330.5417795663726,4564.080521696132,298.36737781838394,4317.518212995232,115.61904583354587,1596.4988789588765,214.49601165325785,1643.74872467267,182.32160990526918,1397.18641597177,0.42672207956886454,1323.8329180645849,32.17440174798867,246.56230870090047,24.220583975357666,135.38265556590756,0.014918368890919194,0.40075947183837907,0.007965650008745495,0.11228330193170874,0.00013401141409250002,0.004194802690220577,0.0,0.00025151031666666667,0.00048054807692307725,0.006487399038461538,0.00322617385426937,0.033955937463176836,0.0040730816907349095,0.25656131847506775,567.4125167856354,57.85437137250705,584.2733516314717,6.4855215469617145,16.86083484583625,1388.25,53.39423076923079,1388.25,0.28847616990667035,0.03191485143160254
sri_lanka,2050,75.0,36.654871574630135,508.68388502937916,34.43015327492973,492.24996128238604,14.291734426948292,198.33584677295494,14.83145533133605,109.55949164662083,12.606737031635644,93.12556789962773,7.531681816345797,200.78854660980338,2.2247182997004056,16.43392374699312,2.5088474207003695,14.066154497477552,0.007574633720484541,0.14941286232230885,0.0007128373354951765,0.010085921625949174,0.00023504877792396002,0.00498394268614723,0.0,4.998168666666667e-05,4.3108940384134645e-05,0.0005819706951858172,0.00027410200711438956,0.0026341663488513144,0.006395754540335149,0.13224082066988033,37.4628114503031,5.296160129793714,47.91023781834344,1.9226012998482396,10.447426368040334,124.5369388875,4.789882264903847,124.53693888750001,0.13932694069635967,0.007086120026479394
sweden,2050,75.0,71.9238906225826,990.5363847745202,64.84226435188317,925.0609883102773,24.71304881791941,340.3483018085252,47.21084180466327,436.50264309495446,40.12921553396376,371.02724663071126,0.0,213.68543987104087,7.081626270699486,65.47539646424313,5.324084974072674,29.724421873835972,0.00142652981574143,0.024544436259991753,0.0026559204042367517,0.0373643434839198,3.7147909548749994e-06,6.52147230374376e-05,0.0,1.6182486666666657e-05,0.00016002282986242407,0.0021603082031427237,0.0008923486100006623,0.010007143493745546,-0.0019654311595884346,-0.020748139724234976,170.76422819171805,15.504354506530817,170.76422819171808,0.0,0.0,462.28817515811375,17.780314429158228,462.2881751581138,-0.012819907223928048,0.007928232500306926
switzerland,2050,75.0,54.81171576155297,754.8673786104997,49.41495422767046,710.3072191725336,18.833305535669602,259.3724312905677,35.978410225883366,297.06772958644166,30.58164869200086,252.50757014847548,0.0,198.42721773349032,5.396761533882506,44.560159437966234,4.05737550851567,22.652369731701285,0.001383618718374773,0.022959416470253385,0.0015933133749202679,0.022415245623730488,8.9256625416e-06,0.0001499157044239084,0.0,3.0550335999999996e-05,9.599930581717193e-05,0.0012959906285318205,0.0005504252150265627,0.006172681895411347,-0.0006730462282964855,-0.004512986460780539,105.33208206734567,9.56351314661537,105.33208206734565,0.0,0.0,277.33132791627435,10.666589535241322,277.33132791627423,0.000544170846522897,0.005057157307303435
taiwan,2050,75.0,158.41851937340346,2191.541899168502,146.56237738670725,2104.1040574175217,57.667178920170066,797.8693350554951,79.04094657797464,582.9189450065396,67.18480459127844,495.48110325555865,21.71039387525876,810.7536191064679,11.856141986696205,87.43784175098092,11.336675349322853,63.435120733742316,0.026381227929607304,0.6596071597176872,0.0034331578628278496,0.048461540561747056,0.00031250582364834,0.011017919385718318,0.0,0.00025129891250000005,0.00020730302309682707,0.002798590811807164,0.0013669868953647322,0.013005410501238069,0.02147588037086321,0.5896695811682909,199.6497317594929,25.945668462491877,230.8194128416162,7.905762347415523,31.169681082123276,598.8754000575,23.033669232980774,598.8754000575,0.6111456191559402,0.021476037987649223
thailand,2050,75.0,582.8706571101139,8088.881438984872,545.0644134561833,7809.607912330913,227.2612692072334,3153.8548730602024,252.0416243595366,1861.823511026407,214.23538070560608,1582.5499843724456,103.56776354334396,3073.2030548982643,37.80624365393049,279.27352665396097,39.89465743224049,223.6741901622624,0.11991417096036036,2.4994519379404645,0.011175988478031293,0.1581288440842299,0.0012189294842524798,0.030708097670339385,0.0,0.00037491125999999995,0.0006758695105364426,0.00912423839224197,0.0046578141680136236,0.04476959541238627,0.10353730834059943,2.2745947279057512,636.6325920194688,89.99668372620043,814.2932876361551,32.66736381951264,177.66069561668607,1952.5119193274995,75.09661228182696,1952.5119193275007,2.341323093856235,0.06672836595048369
turkey,2050,75.0,620.5177888499684,8567.812966613812,560.5640889505288,8121.5270607220455,217.01063944377296,2996.4645512173324,399.6913326629306,2975.239372611786,339.73763276349126,2528.9534667200187,3.8158167432645427,2596.1090427846934,59.953699899439606,446.28590589176787,45.4733033411652,254.17323335426357,0.12332409956911636,2.3957066731344376,0.013012144003559786,0.1834148012688636,0.0012147431331327606,0.025948411514241387,0.0,0.0005191369049999999,0.0007849808239681733,0.010597241123570335,0.005768952436455162,0.06081172964185054,0.1041132408199368,2.1356098349280526,1021.5930375993718,103.21130137478025,1044.1985687664971,10.724572681915912,22.605531167125328,2267.7223803524994,87.22009155201927,2267.7223803525003,2.212291871865574,0.0766820369375216
uae,2050,75.0,8.756345191295434,120.17558608191324,8.1477601733631,115.70818275889468,3.6619287499010467,50.25555873189875,4.057233452882239,29.782688820123667,3.448648434949903,25.315285497105116,1.0371829885121502,40.1373385298908,0.6085850179323363,4.46740332301855,0.5697402775620433,3.182760519810806,0.002281372848541668,0.044414767189029834,0.00014525902698482484,0.002037982196941939,3.6564818983392e-05,0.0009617031882515433,0.0,3.177311888888888e-05,8.737295769519238e-06,0.00011795349288850962,7.713915886481695e-05,0.0007393680666155129,0.002031147139478154,0.040761894111220456,10.248176491085955,1.4957750503693101,13.551453603684289,0.5601721774725185,3.303277112598335,25.241076667500003,0.9708106410576925,25.2410766675,0.0423767849920879,0.0016148908808674353
uk,2050,75.0,275.74363416119274,3797.5434885728673,248.59391594168167,3559.1072191693147,94.74551269778588,1304.8359426736374,180.9981214634069,1589.5751293570179,153.84840324389594,1351.1388599534655,0.0,903.1324165422122,27.149718219511023,238.43626940355267,20.41161186673698,113.95824168970226,0.009943756637667271,0.3500443372296085,0.010321217353332107,0.14520220927815022,8.741278781666664e-05,0.0028273760094473994,0.0,0.00014136838999999997,0.0006218674346831573,0.00839521036822262,0.0030724264026360843,0.03445538160823597,-0.0029154324714344257,0.17581321231199765,587.9546596947337,53.38271120482802,587.954659694734,0.0,0.0,1796.5059224180088,69.0963816314619,1796.5059224180095,0.20484212795145826,0.02902891563946075
uruguay,2050,75.0,22.296801046810295,308.3645166798135,20.28960159063391,293.56214088118946,7.884148850152119,109.03769309798204,13.381329707842578,98.68250532416062,11.374130251666191,83.88012952553653,1.0313224888155985,100.64431825767088,2.007199456176386,14.802375798624086,1.623520032280018,9.081453315007744,0.0010144800795316956,0.017337384501829894,0.0004843965921928598,0.006836258640874704,9.694621975499998e-06,0.0001824979889649864,0.0,1.4069752083333333e-05,2.9245162466765805e-05,0.0003948096933013382,0.000215902456509685,0.0020644793121623968,0.0003337315713204163,0.008634888501045814,33.79993538058868,4.019118997417778,35.80705863756653,0.9649493031893155,2.007123256977851,84.48602490399006,3.2494624963073115,84.48602490399007,0.01050112586095519,0.0018662373599093783
usa,2050,75.0,4983.474736697443,68825.04781063122,4522.632438582036,65357.07032102869,1753.9339102906117,24222.70487803388,3072.2819874360407,23119.84993068365,2611.4396893206326,19651.872441081097,157.25883897079035,21482.493001913725,460.8422981154057,3467.977489602547,363.8696353240862,2034.1586000408138,0.4974895682440238,12.846888491841149,0.1186949967853337,1.6733667582095955,0.004309963612359175,0.15203137324154703,0.0,0.00598268395902778,0.007161275562091995,0.09667722008824181,0.05028115219702972,0.49761653374729636,0.33136473121139337,10.614568362771923,7961.045049128564,932.4171280134723,8703.575744336658,211.79784274014398,742.5306952081007,20688.1294015991,795.6972846768878,20688.12940159907,11.173521733631553,0.5589533708596294
vietnam,2050,75.0,502.025177726988,6965.969000583586,469.5920461936758,6726.405111250101,195.00384267622232,2705.8555652335363,216.2208768887483,1597.0925955565804,183.7877453554361,1357.5287062230934,90.80045816201729,2663.02083979347,32.43313153331224,239.56388933348703,34.449732618320226,193.1274684237929,0.10800617062454541,2.1177691532461553,0.010303716926953962,0.14577211432839116,0.0019919749492897793,0.044616440053368324,0.0,0.0005044519916666666,0.0006230769230769236,0.008411538461538462,0.0039461823870385335,0.037794831304953855,0.09238737328434006,1.8974928540293141,546.1528731700461,76.00892096324841,684.0599404933275,26.819506743314058,137.9070673232816,1800.0,69.23076923076925,1800.0000000000007,1.9719970389177641,0.07450418488845038
