country_tag,Full,Reduced sign,Reduced rank,Dynamic grid,2025 grid,Yield per roof,Total generation
argentina,True,True,True,True,True,True,True
australia,True,True,True,True,True,True,True
bangladesh,True,True,True,True,True,True,True
brazil,True,True,True,True,True,True,True
china,True,True,True,True,True,True,True
costa_rica,True,True,True,False,True,True,False
egypt,True,True,True,True,True,True,True
ethiopia,True,True,True,True,False,True,True
france,True,True,True,True,True,True,True
germany,True,True,True,True,True,False,True
greece,True,True,True,True,True,True,True
iceland,False,False,False,False,False,False,False
india,True,True,True,True,True,True,True
indonesia,True,True,True,True,True,True,True
iran,True,True,True,True,True,True,True
israel,True,True,True,True,True,True,True
italy,True,True,True,True,True,True,True
japan,True,True,True,True,True,True,True
kenya,True,True,True,True,True,True,True
kuwait,True,True,True,True,True,True,False
malaysia,True,True,True,True,True,True,True
mexico,True,True,True,True,True,True,True
nigeria,True,True,True,True,True,True,True
norway,False,False,False,False,False,False,True
pakistan,True,True,True,True,True,True,True
paraguay,False,False,False,False,False,True,True
peru,True,True,True,True,True,True,True
philippines,True,True,True,True,True,True,True
row,True,True,True,True,True,True,True
russia,True,True,True,True,True,True,True
saudi_arabia,True,True,True,True,True,True,True
south_africa,True,True,True,True,True,True,True
spain,True,True,True,True,True,True,True
sri_lanka,True,True,True,True,True,True,True
sweden,False,False,False,False,False,False,True
switzerland,False,True,False,True,True,True,True
taiwan,True,True,True,True,True,True,True
thailand,True,True,True,True,True,True,True
turkey,True,True,True,True,True,True,True
uae,True,True,True,True,True,True,False
uk,True,True,True,True,True,False,True
uruguay,True,True,True,True,True,True,False
usa,True,True,True,True,True,True,True
vietnam,True,True,True,True,True,True,True
